Date,HomeTeam,AwayTeam,FTHG,FTAG,Home_xG,Away_xG,B365H,B365D,B365A
2020-09-19,Arsenal,West Ham,2,1,1.1,2.0,1.53,4.5,5.5
2020-10-04,Arsenal,Sheffield Utd,2,1,0.6,0.2,1.57,4.0,6.0
2020-10-25,Arsenal,Leicester City,0,1,0.7,0.7,1.9,3.75,3.8
2020-11-08,Arsenal,Aston Villa,0,3,1.5,1.8,1.65,4.1,5.0
2020-11-29,Arsenal,Wolves,1,2,1.5,1.8,2.05,3.4,3.75
2020-12-13,Arsenal,Burnley,0,1,1.6,1.4,1.53,4.2,6.25
2020-12-16,Arsenal,Southampton,1,1,0.6,1.2,2.25,3.5,3.1
2020-12-26,Arsenal,Chelsea,3,1,2.0,2.6,4.0,3.6,1.9
2021-01-14,Arsenal,Crystal Palace,0,0,0.4,0.8,1.53,4.0,6.5
2021-01-18,Arsenal,Newcastle Utd,3,0,2.4,0.2,1.4,4.5,8.0
2021-01-30,Arsenal,Manchester Utd,0,0,0.9,1.6,2.8,3.5,2.45
2021-02-14,Arsenal,Leeds United,4,2,2.3,0.9,1.83,3.8,4.0
2021-02-21,Arsenal,Manchester City,0,1,0.3,1.8,6.5,4.33,1.5
2021-03-14,Arsenal,Tottenham,2,1,1.7,0.4,2.55,3.4,2.75
2021-04-03,Arsenal,Liverpool,0,3,0.1,2.4,3.1,3.7,2.15
2021-04-18,Arsenal,Fulham,1,1,2.7,0.9,1.7,3.8,4.8
2021-04-23,Arsenal,Everton,0,1,0.8,0.5,2.0,3.5,3.75
2021-05-09,Arsenal,West Brom,3,1,0.9,1.8,1.44,4.5,7.0
2021-05-23,Arsenal,Brighton,2,0,0.8,0.2,1.57,4.33,5.25
2021-08-22,Arsenal,Chelsea,0,2,0.3,3.1,4.75,3.75,1.72
2021-09-11,Arsenal,Norwich City,1,0,2.7,0.7,1.5,4.6,6.0
2021-09-26,Arsenal,Tottenham,3,1,1.1,1.0,2.15,3.3,3.5
2021-10-18,Arsenal,Crystal Palace,2,2,1.7,0.7,1.6,3.8,6.0
2021-10-22,Arsenal,Aston Villa,3,1,2.7,1.4,1.83,3.75,4.2
2021-11-07,Arsenal,Watford,1,0,1.6,0.5,1.36,4.75,8.5
2021-11-27,Arsenal,Newcastle Utd,2,0,2.5,0.3,1.44,4.75,7.0
2021-12-11,Arsenal,Southampton,3,0,1.8,0.6,1.61,4.0,5.5
2021-12-15,Arsenal,West Ham,2,0,2.8,0.4,2.1,3.6,3.3
2022-01-01,Arsenal,Manchester City,1,2,0.8,2.0,5.75,4.75,1.5
2022-01-23,Arsenal,Burnley,0,0,1.2,0.4,1.36,4.75,9.0
2022-02-19,Arsenal,Brentford,2,1,1.7,0.6,1.44,4.2,8.0
2022-02-24,Arsenal,Wolves,2,1,3.1,1.0,1.65,3.8,5.5
2022-03-13,Arsenal,Leicester City,2,0,2.4,0.4,1.5,4.5,6.0
2022-03-16,Arsenal,Liverpool,0,2,0.5,0.8,3.5,4.0,1.9
2022-04-09,Arsenal,Brighton,1,2,1.9,0.6,1.61,3.8,5.75
2022-04-23,Arsenal,Manchester Utd,3,1,2.3,1.8,2.05,3.5,3.5
2022-05-08,Arsenal,Leeds United,2,1,2.0,0.3,1.45,4.5,7.0
2022-05-22,Arsenal,Everton,5,1,4.2,1.1,1.36,4.75,9.0
2022-08-13,Arsenal,Leicester City,4,2,2.7,0.5,1.53,4.33,5.75
2022-08-27,Arsenal,Fulham,2,1,2.6,0.8,1.3,5.75,9.0
2022-08-31,Arsenal,Aston Villa,2,1,2.4,0.4,1.45,4.5,6.0
2022-10-01,Arsenal,Tottenham,3,1,2.4,1.6,2.05,3.75,3.3
2022-10-09,Arsenal,Liverpool,3,2,2.7,1.1,2.5,3.6,2.62
2022-10-30,Arsenal,Nott'ham Forest,5,0,2.3,0.4,1.2,7.0,12.0
2022-12-26,Arsenal,West Ham,3,1,2.1,1.0,1.5,4.33,6.5
2023-01-03,Arsenal,Newcastle Utd,0,0,1.1,1.0,1.8,3.8,4.33
2023-01-22,Arsenal,Manchester Utd,3,2,3.1,0.4,1.8,3.8,4.2
2023-02-11,Arsenal,Brentford,1,1,1.6,2.0,1.44,4.75,7.0
2023-02-15,Arsenal,Manchester City,1,3,1.6,1.8,2.9,3.5,2.35
2023-03-01,Arsenal,Everton,4,0,2.4,1.2,1.36,4.75,10.0
2023-03-04,Arsenal,Bournemouth,3,2,2.1,1.3,1.22,7.0,12.0
2023-03-19,Arsenal,Crystal Palace,4,1,1.6,0.8,1.25,5.5,15.0
2023-04-01,Arsenal,Leeds United,4,1,3.8,0.7,1.29,6.0,9.0
2023-04-21,Arsenal,Southampton,3,3,2.4,1.3,1.2,7.0,13.0
2023-05-02,Arsenal,Chelsea,3,1,1.7,0.8,1.6,4.0,5.5
2023-05-14,Arsenal,Brighton,0,3,0.9,1.7,1.73,4.2,4.2
2023-05-28,Arsenal,Wolves,5,0,2.8,0.5,1.36,5.25,8.0
2023-08-12,Arsenal,Nott'ham Forest,2,1,0.8,1.2,1.18,7.0,15.0
2023-08-26,Arsenal,Fulham,2,2,3.2,0.6,1.2,7.0,13.0
2023-09-03,Arsenal,Manchester Utd,3,1,2.3,0.9,1.75,3.8,4.5
2023-09-24,Arsenal,Tottenham,2,2,1.8,1.4,1.67,4.33,4.33
2023-10-08,Arsenal,Manchester City,1,0,0.4,0.5,2.9,3.3,2.4
2023-10-28,Arsenal,Sheffield Utd,5,0,2.8,0.0,1.13,8.5,19.0
2023-11-11,Arsenal,Burnley,3,1,1.8,0.3,1.18,7.0,17.0
2023-12-02,Arsenal,Wolves,2,1,2.8,0.7,1.25,5.5,12.0
2023-12-17,Arsenal,Brighton,2,0,2.3,0.7,1.44,5.0,6.0
2023-12-28,Arsenal,West Ham,0,2,2.7,1.4,1.33,5.5,7.5
2024-01-20,Arsenal,Crystal Palace,5,0,3.3,0.3,1.3,5.75,9.0
2024-02-04,Arsenal,Liverpool,3,1,3.5,0.4,2.2,3.6,3.1
2024-02-24,Arsenal,Newcastle Utd,4,1,2.8,0.2,1.36,5.25,8.0
2024-03-09,Arsenal,Brentford,2,1,1.3,1.0,1.22,7.0,11.0
2024-04-03,Arsenal,Luton Town,2,0,0.7,0.3,1.1,10.0,19.0
2024-04-14,Arsenal,Aston Villa,0,2,1.6,0.9,1.29,5.75,10.0
2024-04-23,Arsenal,Chelsea,5,0,3.3,1.6,1.44,5.0,6.0
2024-05-04,Arsenal,Bournemouth,3,0,3.3,0.5,1.22,7.5,11.0
2024-05-19,Arsenal,Everton,2,1,2.9,0.6,1.18,8.0,12.0
2024-08-17,Arsenal,Wolves,2,0,1.2,0.5,1.18,7.5,13.0
2024-08-31,Arsenal,Brighton,1,1,2.1,1.7,1.33,5.5,8.5
2024-09-28,Arsenal,Leicester City,4,2,4.4,0.3,1.17,8.0,15.0
2024-10-05,Arsenal,Southampton,3,1,2.8,0.6,1.14,9.0,17.0
2024-10-27,Arsenal,Liverpool,2,2,0.9,0.8,2.5,3.25,2.9
2024-11-23,Arsenal,Nott'ham Forest,3,0,1.2,0.3,1.38,4.75,9.0
2024-12-04,Arsenal,Manchester Utd,2,0,2.1,0.2,1.44,4.5,7.0
2024-12-14,Arsenal,Everton,0,0,1.2,0.1,1.22,6.5,12.0
2024-12-27,Arsenal,Ipswich Town,1,0,1.8,0.2,1.14,9.0,15.0
2025-01-15,Arsenal,Tottenham,2,1,1.4,0.8,1.4,5.25,7.0
2025-01-18,Arsenal,Aston Villa,2,2,1.3,1.0,1.5,4.1,7.0
2025-02-02,Arsenal,Manchester City,5,1,1.0,0.8,1.95,3.5,4.0
2025-02-22,Arsenal,West Ham,0,1,1.2,1.1,1.27,6.0,10.0
2025-03-16,Arsenal,Chelsea,1,0,0.7,0.4,1.8,3.6,4.5
2025-04-01,Arsenal,Fulham,2,1,2.2,1.0,1.48,4.33,7.0
2025-04-12,Arsenal,Brentford,1,1,1.0,0.2,1.6,4.33,5.0
2025-04-23,Arsenal,Crystal Palace,2,2,1.2,1.7,1.4,4.75,7.5
2025-05-03,Arsenal,Bournemouth,1,2,1.4,0.9,2.05,3.7,3.4
2025-05-18,Arsenal,Newcastle Utd,1,0,0.6,1.5,1.95,3.7,3.7
2020-09-21,Aston Villa,Sheffield Utd,1,0,1.0,0.9,2.7,3.1,2.75
2020-10-04,Aston Villa,Liverpool,7,2,2.7,1.8,10.0,5.5,1.3
2020-10-23,Aston Villa,Leeds United,0,3,1.4,2.7,2.05,3.75,3.3
2020-11-01,Aston Villa,Southampton,3,4,1.9,0.7,2.45,3.5,2.8
2020-11-21,Aston Villa,Brighton,1,2,1.5,1.4,2.15,3.6,3.2
2020-12-17,Aston Villa,Burnley,0,0,1.5,0.3,1.75,3.8,4.5
2020-12-26,Aston Villa,Crystal Palace,3,0,3.9,0.9,1.9,3.75,3.8
2021-01-23,Aston Villa,Newcastle Utd,2,0,2.3,0.5,1.45,4.75,6.5
2021-02-03,Aston Villa,West Ham,1,3,0.7,1.7,2.2,3.4,3.25
2021-02-06,Aston Villa,Arsenal,1,0,1.2,0.8,2.62,3.5,2.6
2021-02-21,Aston Villa,Leicester City,1,2,1.4,1.1,2.87,3.5,2.4
2021-03-06,Aston Villa,Wolves,0,0,0.6,1.6,2.37,3.25,3.1
2021-03-21,Aston Villa,Tottenham,0,2,0.4,1.8,2.9,3.3,2.45
2021-04-04,Aston Villa,Fulham,3,1,1.5,1.0,2.25,3.3,3.3
2021-04-21,Aston Villa,Manchester City,1,2,0.7,1.2,9.0,4.75,1.36
2021-04-25,Aston Villa,West Brom,2,2,3.2,1.5,1.85,3.6,4.2
2021-05-09,Aston Villa,Manchester Utd,1,3,0.5,1.7,4.2,3.8,1.8
2021-05-13,Aston Villa,Everton,0,0,0.6,1.0,2.7,3.4,2.6
2021-05-23,Aston Villa,Chelsea,2,1,1.1,3.3,6.5,4.6,1.45
2021-08-21,Aston Villa,Newcastle Utd,2,0,1.2,0.7,1.8,3.75,4.33
2021-08-28,Aston Villa,Brentford,1,1,0.7,0.9,1.95,3.6,3.8
2021-09-18,Aston Villa,Everton,3,0,0.8,0.7,2.4,3.3,3.0
2021-10-16,Aston Villa,Wolves,2,3,1.0,2.0,2.15,3.25,3.5
2021-10-31,Aston Villa,West Ham,1,4,0.7,2.3,2.8,3.5,2.45
2021-11-20,Aston Villa,Brighton,2,0,0.7,0.4,2.45,3.3,2.9
2021-12-01,Aston Villa,Manchester City,1,2,0.8,1.0,9.0,5.25,1.33
2021-12-05,Aston Villa,Leicester City,2,1,2.1,1.1,2.37,3.4,3.0
2021-12-26,Aston Villa,Chelsea,1,3,0.4,2.6,5.25,3.8,1.65
2022-01-15,Aston Villa,Manchester Utd,2,2,1.9,1.0,2.87,3.5,2.4
2022-02-09,Aston Villa,Leeds United,3,3,1.6,1.8,1.8,3.8,4.2
2022-02-19,Aston Villa,Watford,0,1,1.3,1.2,1.65,3.6,5.75
2022-03-05,Aston Villa,Southampton,4,0,2.5,1.1,2.3,3.5,3.0
2022-03-19,Aston Villa,Arsenal,0,1,0.5,1.3,3.0,3.3,2.4
2022-04-09,Aston Villa,Tottenham,0,4,1.6,1.1,3.2,3.4,2.25
2022-04-30,Aston Villa,Norwich City,2,0,1.8,0.5,1.4,4.5,9.0
2022-05-10,Aston Villa,Liverpool,1,2,1.4,1.8,7.5,4.75,1.4
2022-05-15,Aston Villa,Crystal Palace,1,1,1.0,1.4,2.0,3.5,3.75
2022-05-19,Aston Villa,Burnley,1,1,1.5,1.6,2.05,3.5,3.6
2022-08-13,Aston Villa,Everton,2,1,2.3,1.6,1.8,3.5,4.75
2022-08-28,Aston Villa,West Ham,0,1,0.5,0.6,2.3,3.4,3.1
2022-09-03,Aston Villa,Manchester City,1,1,0.3,2.1,8.0,5.5,1.33
2022-09-16,Aston Villa,Southampton,1,0,1.5,0.3,2.1,3.5,3.5
2022-10-16,Aston Villa,Chelsea,0,2,1.8,0.9,4.33,3.75,1.8
2022-10-23,Aston Villa,Brentford,4,0,2.8,0.9,2.1,3.5,3.5
2022-11-06,Aston Villa,Manchester Utd,3,1,0.6,0.5,3.3,3.8,2.1
2022-12-26,Aston Villa,Liverpool,1,3,1.4,2.7,4.75,4.0,1.7
2023-01-04,Aston Villa,Wolves,1,1,1.8,0.9,1.95,3.6,4.0
2023-01-13,Aston Villa,Leeds United,2,1,1.2,2.4,1.91,3.6,4.0
2023-02-04,Aston Villa,Leicester City,2,4,1.7,2.6,1.95,3.6,3.8
2023-02-18,Aston Villa,Arsenal,2,4,0.5,3.2,4.5,3.6,1.5
2023-03-04,Aston Villa,Crystal Palace,1,0,1.2,0.2,2.05,3.3,3.8
2023-03-18,Aston Villa,Bournemouth,3,0,3.5,1.3,1.7,3.8,5.0
2023-04-08,Aston Villa,Nott'ham Forest,2,0,1.3,0.2,1.6,4.2,5.25
2023-04-15,Aston Villa,Newcastle Utd,3,0,1.9,0.5,3.6,3.4,2.05
2023-04-25,Aston Villa,Fulham,1,0,1.0,0.1,1.75,4.0,4.2
2023-05-13,Aston Villa,Tottenham,2,1,1.2,1.4,2.25,3.6,2.9
2023-05-28,Aston Villa,Brighton,2,1,2.8,1.4,2.0,3.6,3.5
2023-08-20,Aston Villa,Everton,4,0,2.9,0.6,1.7,4.0,4.5
2023-09-16,Aston Villa,Crystal Palace,3,1,3.0,1.2,1.91,3.6,4.0
2023-09-30,Aston Villa,Brighton,6,1,1.6,1.7,2.55,3.75,2.55
2023-10-22,Aston Villa,West Ham,4,1,1.9,1.1,1.85,3.6,4.0
2023-10-29,Aston Villa,Luton Town,3,1,2.3,0.5,1.25,6.5,9.5
2023-11-12,Aston Villa,Fulham,3,1,3.0,0.9,1.57,4.2,5.5
2023-12-06,Aston Villa,Manchester City,1,0,2.3,0.6,4.75,4.2,1.7
2023-12-09,Aston Villa,Arsenal,1,0,0.6,1.4,3.3,3.6,2.1
2023-12-22,Aston Villa,Sheffield Utd,1,1,0.9,0.6,1.22,6.5,12.0
2023-12-30,Aston Villa,Burnley,3,2,3.2,1.2,1.36,5.25,7.5
2024-01-30,Aston Villa,Newcastle Utd,1,3,1.4,2.6,1.85,4.0,3.8
2024-02-11,Aston Villa,Manchester Utd,1,2,2.4,1.8,2.15,3.75,3.1
2024-02-24,Aston Villa,Nott'ham Forest,4,2,3.6,2.6,1.53,4.5,5.75
2024-03-10,Aston Villa,Tottenham,0,4,0.8,1.5,2.38,4.0,2.6
2024-03-30,Aston Villa,Wolves,2,0,1.0,1.5,1.6,4.33,5.0
2024-04-06,Aston Villa,Brentford,3,3,1.5,1.5,1.7,4.0,4.75
2024-04-21,Aston Villa,Bournemouth,3,1,2.4,1.8,1.85,4.0,3.6
2024-04-27,Aston Villa,Chelsea,2,2,1.1,1.6,2.15,3.8,3.0
2024-05-13,Aston Villa,Liverpool,3,3,3.1,1.7,4.2,4.33,1.7
2024-08-24,Aston Villa,Arsenal,0,2,1.2,0.9,4.33,3.8,1.75
2024-09-14,Aston Villa,Everton,3,2,2.1,0.9,1.5,4.2,6.5
2024-09-21,Aston Villa,Wolves,3,1,1.7,0.5,1.57,4.2,5.25
2024-10-06,Aston Villa,Manchester Utd,0,0,0.5,0.6,2.2,3.75,3.0
2024-10-26,Aston Villa,Bournemouth,1,1,1.8,0.3,1.85,3.9,3.8
2024-11-23,Aston Villa,Crystal Palace,2,2,3.0,1.3,1.62,4.0,5.5
2024-12-04,Aston Villa,Brentford,3,1,2.4,0.9,1.8,3.75,4.33
2024-12-07,Aston Villa,Southampton,1,0,2.3,0.3,1.36,5.5,7.0
2024-12-21,Aston Villa,Manchester City,2,1,1.6,1.0,3.25,3.7,2.1
2024-12-30,Aston Villa,Brighton,2,2,1.8,1.1,1.9,3.8,3.6
2025-01-04,Aston Villa,Leicester City,2,1,1.4,0.4,1.33,5.5,8.5
2025-01-26,Aston Villa,West Ham,1,1,0.9,1.3,1.53,4.33,5.75
2025-02-15,Aston Villa,Ipswich Town,1,1,2.4,0.4,1.4,4.75,7.0
2025-02-19,Aston Villa,Liverpool,2,2,0.6,2.5,3.9,4.0,1.83
2025-02-22,Aston Villa,Chelsea,2,1,2.3,2.3,2.63,3.4,2.6
2025-04-05,Aston Villa,Nott'ham Forest,2,1,3.0,1.5,1.95,3.6,3.7
2025-04-19,Aston Villa,Newcastle Utd,4,1,2.2,1.0,2.3,3.6,2.75
2025-05-03,Aston Villa,Fulham,1,0,1.0,0.9,1.77,3.75,4.5
2025-05-16,Aston Villa,Tottenham,2,0,1.4,0.5,1.3,6.0,8.5
2022-08-06,Bournemouth,Aston Villa,2,0,0.6,0.7,3.75,3.5,2.0
2022-08-20,Bournemouth,Arsenal,0,3,0.3,1.3,8.0,4.75,1.4
2022-08-31,Bournemouth,Wolves,0,0,0.4,1.5,3.5,3.3,2.15
2022-10-01,Bournemouth,Brentford,0,0,0.4,0.9,3.3,3.4,2.2
2022-10-08,Bournemouth,Leicester City,2,1,1.1,1.0,3.6,3.4,2.05
2022-10-19,Bournemouth,Southampton,0,1,1.0,1.0,2.62,3.3,2.62
2022-10-29,Bournemouth,Tottenham,2,3,0.5,2.0,5.0,3.8,1.7
2022-11-12,Bournemouth,Everton,3,0,2.4,0.8,2.8,3.25,2.6
2022-12-31,Bournemouth,Crystal Palace,0,2,0.6,1.6,2.8,3.3,2.5
2023-01-21,Bournemouth,Nott'ham Forest,1,1,1.4,1.9,2.75,3.1,2.75
2023-02-11,Bournemouth,Newcastle Utd,1,1,1.5,1.3,6.5,4.0,1.53
2023-02-25,Bournemouth,Manchester City,1,4,1.0,2.4,10.0,5.75,1.29
2023-03-11,Bournemouth,Liverpool,1,0,0.9,1.7,7.5,5.0,1.4
2023-04-01,Bournemouth,Fulham,2,1,2.6,0.8,2.55,3.3,2.8
2023-04-04,Bournemouth,Brighton,0,2,1.7,2.7,6.0,4.2,1.53
2023-04-23,Bournemouth,West Ham,0,4,1.5,2.4,2.88,3.2,2.55
2023-04-30,Bournemouth,Leeds United,4,1,1.9,1.6,2.55,3.5,2.7
2023-05-06,Bournemouth,Chelsea,1,3,1.2,1.3,3.3,3.5,2.15
2023-05-20,Bournemouth,Manchester Utd,0,1,1.0,1.4,6.0,4.75,1.5
2023-08-12,Bournemouth,West Ham,1,1,1.3,1.1,2.7,3.4,2.55
2023-08-26,Bournemouth,Tottenham,0,2,0.7,2.1,3.8,3.75,1.91
2023-09-17,Bournemouth,Chelsea,0,0,1.0,1.8,4.33,3.75,1.8
2023-09-30,Bournemouth,Arsenal,0,4,0.6,3.4,5.5,4.5,1.53
2023-10-21,Bournemouth,Wolves,1,2,0.6,2.4,2.38,3.4,3.0
2023-10-28,Bournemouth,Burnley,2,1,1.1,0.8,2.15,3.5,3.3
2023-11-11,Bournemouth,Newcastle Utd,2,0,2.4,0.5,4.75,4.0,1.73
2023-12-03,Bournemouth,Aston Villa,2,2,2.0,0.7,3.4,4.0,1.95
2023-12-26,Bournemouth,Fulham,3,0,1.8,0.3,2.15,3.6,3.2
2024-01-21,Bournemouth,Liverpool,0,4,1.4,1.5,4.2,4.5,1.7
2024-02-04,Bournemouth,Nott'ham Forest,1,1,1.3,0.5,1.7,4.2,4.5
2024-02-24,Bournemouth,Manchester City,0,1,0.9,1.6,7.0,5.25,1.4
2024-03-09,Bournemouth,Sheffield Utd,2,2,3.3,1.2,1.33,5.25,8.0
2024-03-13,Bournemouth,Luton Town,4,3,2.3,2.0,1.5,4.75,5.75
2024-03-30,Bournemouth,Everton,2,1,1.3,1.0,2.2,3.6,3.2
2024-04-02,Bournemouth,Crystal Palace,1,0,1.1,0.2,1.95,3.8,3.6
2024-04-13,Bournemouth,Manchester Utd,2,2,1.6,1.2,2.4,3.9,2.6
2024-04-28,Bournemouth,Brighton,3,0,1.9,0.9,2.25,3.8,2.9
2024-05-11,Bournemouth,Brentford,1,2,0.7,1.1,1.95,4.0,3.5
2024-08-25,Bournemouth,Newcastle Utd,1,1,2.2,1.6,2.9,3.8,2.2
2024-09-14,Bournemouth,Chelsea,0,1,1.7,0.8,3.4,3.8,2.0
2024-09-30,Bournemouth,Southampton,3,1,1.3,0.6,1.65,4.1,5.0
2024-10-19,Bournemouth,Arsenal,2,0,1.8,0.7,5.0,3.9,1.65
2024-11-02,Bournemouth,Manchester City,2,1,2.0,1.6,5.5,4.2,1.57
2024-11-23,Bournemouth,Brighton,1,2,1.6,0.9,2.4,3.6,2.8
2024-12-05,Bournemouth,Tottenham,1,0,3.5,0.9,2.63,3.75,2.45
2024-12-16,Bournemouth,West Ham,1,1,1.9,2.1,1.7,4.0,4.75
2024-12-26,Bournemouth,Crystal Palace,0,0,1.4,0.4,1.9,3.8,3.8
2025-01-04,Bournemouth,Everton,1,0,1.8,0.7,1.73,3.75,4.75
2025-01-25,Bournemouth,Nott'ham Forest,5,0,1.7,1.0,2.05,3.7,3.4
2025-02-01,Bournemouth,Liverpool,0,2,1.6,2.5,4.5,4.33,1.67
2025-02-22,Bournemouth,Wolves,0,1,0.9,2.0,1.53,4.5,5.5
2025-03-15,Bournemouth,Brentford,1,2,1.6,0.8,1.73,4.2,4.2
2025-04-02,Bournemouth,Ipswich Town,1,2,1.8,1.2,1.36,5.25,7.5
2025-04-14,Bournemouth,Fulham,1,0,1.4,1.0,2.15,3.5,3.3
2025-04-27,Bournemouth,Manchester Utd,1,1,0.5,2.3,1.67,4.0,4.5
2025-05-10,Bournemouth,Aston Villa,0,1,0.8,1.0,2.4,3.6,2.75
2025-05-25,Bournemouth,Leicester City,2,0,1.6,0.3,1.33,5.25,8.5
2021-08-13,Brentford,Arsenal,2,0,1.2,1.3,4.0,3.4,1.95
2021-09-11,Brentford,Brighton,0,1,0.4,0.3,2.8,3.2,2.62
2021-09-25,Brentford,Liverpool,3,3,2.1,2.8,7.0,4.5,1.45
2021-10-16,Brentford,Chelsea,0,1,1.4,0.3,6.5,3.8,1.57
2021-10-24,Brentford,Leicester City,1,2,1.0,1.5,2.62,3.3,2.7
2021-11-06,Brentford,Norwich City,1,2,2.5,1.2,1.6,4.0,5.75
2021-11-28,Brentford,Everton,1,0,1.2,1.0,2.25,3.2,3.4
2021-12-10,Brentford,Watford,2,1,1.6,0.5,2.25,3.3,3.3
2021-12-29,Brentford,Manchester City,0,1,0.4,1.1,19.0,8.0,1.14
2022-01-02,Brentford,Aston Villa,2,1,0.6,0.8,3.0,3.3,2.4
2022-01-19,Brentford,Manchester Utd,1,3,2.3,2.3,4.5,3.7,1.8
2022-01-22,Brentford,Wolves,1,2,1.1,0.2,3.2,2.8,2.6
2022-02-12,Brentford,Crystal Palace,0,0,1.6,0.3,2.55,3.1,3.0
2022-02-26,Brentford,Newcastle Utd,0,2,0.4,2.7,2.5,3.2,3.0
2022-03-12,Brentford,Burnley,2,0,1.9,0.7,2.15,3.2,3.6
2022-04-10,Brentford,West Ham,2,0,1.4,0.3,2.62,3.3,2.62
2022-04-23,Brentford,Tottenham,0,0,0.9,0.6,4.33,3.5,1.85
2022-05-07,Brentford,Southampton,3,0,2.6,1.4,2.15,3.5,3.3
2022-05-22,Brentford,Leeds United,1,2,0.8,1.3,2.45,3.8,2.62
2022-08-13,Brentford,Manchester Utd,4,0,1.6,0.9,3.75,3.5,2.0
2022-08-27,Brentford,Everton,1,1,2.1,1.1,2.0,3.5,3.75
2022-09-03,Brentford,Leeds United,5,2,2.3,1.7,2.1,3.5,3.4
2022-09-18,Brentford,Arsenal,0,3,0.5,1.5,4.2,3.8,1.8
2022-10-14,Brentford,Brighton,2,0,1.5,1.9,3.1,3.4,2.3
2022-10-19,Brentford,Chelsea,0,0,1.3,0.9,4.75,3.8,1.72
2022-10-29,Brentford,Wolves,1,1,1.4,0.6,2.2,3.4,3.3
2022-12-26,Brentford,Tottenham,2,2,2.0,1.1,4.0,3.6,1.91
2023-01-02,Brentford,Liverpool,3,1,1.6,0.9,5.5,4.33,1.55
2023-01-14,Brentford,Bournemouth,2,0,1.4,0.6,1.65,4.0,5.25
2023-02-04,Brentford,Southampton,3,0,2.0,0.7,1.85,3.6,4.2
2023-02-18,Brentford,Crystal Palace,1,1,0.9,1.1,1.83,3.5,4.5
2023-03-06,Brentford,Fulham,3,2,2.1,1.4,1.95,3.6,3.75
2023-03-18,Brentford,Leicester City,1,1,0.6,1.3,1.91,3.6,3.75
2023-04-08,Brentford,Newcastle Utd,1,2,2.6,1.3,3.6,3.4,2.05
2023-04-22,Brentford,Aston Villa,1,1,2.7,1.5,2.5,3.25,2.88
2023-04-29,Brentford,Nott'ham Forest,2,1,1.6,0.7,1.65,3.8,5.5
2023-05-14,Brentford,West Ham,2,0,3.4,0.2,2.0,3.5,3.6
2023-05-28,Brentford,Manchester City,1,0,1.3,1.6,3.8,4.0,1.83
2023-08-13,Brentford,Tottenham,2,2,2.2,1.3,2.75,3.4,2.45
2023-08-26,Brentford,Crystal Palace,1,1,1.0,0.8,2.15,3.4,3.5
2023-09-02,Brentford,Bournemouth,2,2,2.9,2.1,1.73,3.8,4.75
2023-09-23,Brentford,Everton,1,3,1.0,1.9,1.8,3.8,4.2
2023-10-21,Brentford,Burnley,3,0,3.1,1.1,1.83,3.75,4.2
2023-11-04,Brentford,West Ham,3,2,1.5,1.8,2.05,3.6,3.5
2023-11-25,Brentford,Arsenal,0,1,1.1,1.6,4.5,3.75,1.75
2023-12-02,Brentford,Luton Town,3,1,3.1,0.2,1.45,4.5,6.5
2023-12-17,Brentford,Aston Villa,1,2,0.5,1.4,3.2,3.75,2.1
2023-12-27,Brentford,Wolves,1,4,2.2,2.4,1.95,3.5,4.2
2024-01-20,Brentford,Nott'ham Forest,3,2,1.2,1.2,1.91,3.6,4.0
2024-02-05,Brentford,Manchester City,1,3,1.0,2.1,7.0,4.75,1.4
2024-02-17,Brentford,Liverpool,1,4,1.6,2.8,5.5,4.33,1.57
2024-03-02,Brentford,Chelsea,2,2,1.8,1.8,3.1,3.75,2.15
2024-03-30,Brentford,Manchester Utd,1,1,3.2,0.6,3.0,3.8,2.2
2024-04-03,Brentford,Brighton,0,0,0.6,1.1,2.38,3.8,2.75
2024-04-13,Brentford,Sheffield Utd,2,0,1.0,0.8,1.44,5.0,6.5
2024-05-04,Brentford,Fulham,0,0,0.6,1.3,2.1,3.8,3.2
2024-05-19,Brentford,Newcastle Utd,2,4,1.1,3.4,2.9,3.9,2.2
2024-08-18,Brentford,Crystal Palace,2,1,1.6,1.2,2.4,3.4,2.9
2024-08-31,Brentford,Southampton,3,1,2.8,1.5,1.75,3.9,4.33
2024-09-28,Brentford,West Ham,1,1,0.4,1.0,2.2,3.5,3.2
2024-10-05,Brentford,Wolves,5,3,4.2,1.0,2.05,3.6,3.4
2024-10-26,Brentford,Ipswich Town,4,3,4.0,1.3,1.65,4.33,4.75
2024-11-09,Brentford,Bournemouth,3,2,1.5,2.6,2.5,3.5,2.7
2024-11-30,Brentford,Leicester City,4,1,2.4,1.1,1.65,4.2,4.75
2024-12-07,Brentford,Newcastle Utd,4,2,1.2,1.5,2.88,3.75,2.3
2024-12-21,Brentford,Nott'ham Forest,0,2,0.7,0.9,2.3,3.6,2.9
2025-01-01,Brentford,Arsenal,1,3,0.3,1.9,6.5,4.75,1.44
2025-01-14,Brentford,Manchester City,2,2,2.5,2.2,4.75,4.2,1.62
2025-01-18,Brentford,Liverpool,0,2,0.7,3.4,6.5,5.0,1.42
2025-02-02,Brentford,Tottenham,0,2,2.1,0.8,2.1,3.9,3.2
2025-02-26,Brentford,Everton,1,1,1.4,1.5,2.0,3.7,3.5
2025-03-08,Brentford,Aston Villa,0,1,0.8,1.3,2.2,3.8,2.9
2025-04-06,Brentford,Chelsea,0,0,1.1,1.2,3.2,3.6,2.15
2025-04-19,Brentford,Brighton,4,2,2.1,1.4,2.4,3.75,2.63
2025-05-04,Brentford,Manchester Utd,4,3,2.8,1.5,1.65,4.1,4.75
2025-05-18,Brentford,Fulham,2,3,2.5,1.0,1.91,3.9,3.6
2020-09-14,Brighton And Hove Albion,Chelsea,1,3,1.1,1.2,5.0,4.33,1.61
2020-09-26,Brighton And Hove Albion,Manchester Utd,2,3,2.5,1.5,4.75,3.75,1.72
2020-10-26,Brighton And Hove Albion,West Brom,1,1,0.5,0.4,1.7,4.0,4.75
2020-11-06,Brighton And Hove Albion,Burnley,0,0,1.5,0.5,1.85,3.5,4.33
2020-11-28,Brighton And Hove Albion,Liverpool,1,1,2.3,0.2,5.5,4.2,1.57
2020-12-07,Brighton And Hove Albion,Southampton,1,2,1.9,1.4,2.45,3.4,2.9
2020-12-20,Brighton And Hove Albion,Sheffield Utd,1,1,2.8,0.5,1.65,3.75,5.5
2020-12-29,Brighton And Hove Albion,Arsenal,0,1,0.8,1.1,3.25,3.5,2.2
2021-01-02,Brighton And Hove Albion,Wolves,3,3,2.2,1.6,2.62,3.25,2.75
2021-01-27,Brighton And Hove Albion,Fulham,0,0,1.8,0.5,2.05,3.4,3.75
2021-01-31,Brighton And Hove Albion,Tottenham,1,0,1.6,0.4,3.2,3.4,2.25
2021-02-13,Brighton And Hove Albion,Aston Villa,0,0,2.2,0.1,2.7,3.5,2.5
2021-02-22,Brighton And Hove Albion,Crystal Palace,1,2,2.4,0.2,1.7,3.5,5.5
2021-03-06,Brighton And Hove Albion,Leicester City,1,2,0.8,0.9,2.55,3.25,2.8
2021-03-20,Brighton And Hove Albion,Newcastle Utd,3,0,0.9,0.1,1.66,3.5,6.0
2021-04-12,Brighton And Hove Albion,Everton,0,0,1.2,0.4,2.25,3.3,3.3
2021-05-01,Brighton And Hove Albion,Leeds United,2,0,2.3,0.6,2.05,3.5,3.5
2021-05-15,Brighton And Hove Albion,West Ham,1,1,0.8,1.7,2.9,3.6,2.3
2021-05-18,Brighton And Hove Albion,Manchester City,3,2,1.1,0.9,7.0,4.5,1.45
2021-08-21,Brighton And Hove Albion,Watford,2,0,1.3,0.5,1.7,3.5,5.75
2021-08-28,Brighton And Hove Albion,Everton,0,2,0.7,1.4,2.3,3.2,3.3
2021-09-19,Brighton And Hove Albion,Leicester City,2,1,1.7,1.6,2.7,3.2,2.75
2021-10-02,Brighton And Hove Albion,Arsenal,0,0,1.1,0.4,3.0,3.25,2.4
2021-10-23,Brighton And Hove Albion,Manchester City,1,4,1.3,3.8,8.0,4.75,1.4
2021-11-06,Brighton And Hove Albion,Newcastle Utd,1,1,1.5,0.3,1.57,3.9,6.0
2021-11-27,Brighton And Hove Albion,Leeds United,0,0,2.1,0.6,2.05,3.4,3.75
2021-12-15,Brighton And Hove Albion,Wolves,0,1,1.2,1.0,2.25,3.1,3.5
2021-12-26,Brighton And Hove Albion,Brentford,2,0,0.8,0.7,1.9,3.4,4.2
2022-01-14,Brighton And Hove Albion,Crystal Palace,1,1,2.0,0.2,2.05,3.3,3.8
2022-01-18,Brighton And Hove Albion,Chelsea,1,1,0.7,0.7,4.75,3.75,1.72
2022-02-19,Brighton And Hove Albion,Burnley,0,3,0.6,0.7,1.66,3.5,6.0
2022-02-26,Brighton And Hove Albion,Aston Villa,0,2,0.7,1.0,2.2,3.3,3.5
2022-03-12,Brighton And Hove Albion,Liverpool,0,2,0.5,2.2,6.0,4.33,1.5
2022-03-16,Brighton And Hove Albion,Tottenham,0,2,0.7,2.2,3.3,3.3,2.25
2022-04-02,Brighton And Hove Albion,Norwich City,0,0,2.8,0.4,1.5,4.0,7.0
2022-04-24,Brighton And Hove Albion,Southampton,2,2,1.7,0.9,2.1,3.4,3.6
2022-05-07,Brighton And Hove Albion,Manchester Utd,4,0,2.3,0.9,2.8,3.5,2.45
2022-05-22,Brighton And Hove Albion,West Ham,3,1,1.6,0.2,2.37,3.5,2.9
2022-08-13,Brighton And Hove Albion,Newcastle Utd,0,0,1.5,0.2,2.45,3.2,3.0
2022-08-27,Brighton And Hove Albion,Leeds United,1,0,2.0,1.8,1.9,3.8,3.8
2022-09-04,Brighton And Hove Albion,Leicester City,5,2,2.6,1.4,1.83,3.5,4.5
2022-10-08,Brighton And Hove Albion,Tottenham,0,1,0.7,0.8,2.8,3.4,2.5
2022-10-18,Brighton And Hove Albion,Nott'ham Forest,0,0,1.7,0.1,1.4,4.75,7.0
2022-10-29,Brighton And Hove Albion,Chelsea,4,1,2.4,1.4,3.0,3.3,2.4
2022-11-13,Brighton And Hove Albion,Aston Villa,1,2,0.6,1.5,1.83,3.75,4.2
2022-12-31,Brighton And Hove Albion,Arsenal,2,4,1.2,2.9,3.4,3.5,2.1
2023-01-14,Brighton And Hove Albion,Liverpool,3,0,1.9,1.0,3.4,3.6,2.1
2023-02-04,Brighton And Hove Albion,Bournemouth,1,0,2.2,1.1,1.33,5.25,8.5
2023-02-18,Brighton And Hove Albion,Fulham,0,1,2.2,0.3,1.65,3.8,5.5
2023-03-04,Brighton And Hove Albion,West Ham,4,0,3.5,0.3,1.8,3.6,4.5
2023-03-15,Brighton And Hove Albion,Crystal Palace,1,0,0.6,1.1,1.44,4.2,8.0
2023-04-01,Brighton And Hove Albion,Brentford,3,3,4.2,1.6,1.67,4.0,5.0
2023-04-29,Brighton And Hove Albion,Wolves,6,0,3.3,0.8,1.5,4.33,6.5
2023-05-04,Brighton And Hove Albion,Manchester Utd,1,0,2.3,1.4,1.95,3.5,3.75
2023-05-08,Brighton And Hove Albion,Everton,1,5,3.2,2.3,1.33,5.25,9.0
2023-05-21,Brighton And Hove Albion,Southampton,3,1,2.5,0.6,1.22,7.0,11.0
2023-05-24,Brighton And Hove Albion,Manchester City,1,1,2.2,1.8,4.0,4.33,1.75
2023-08-12,Brighton And Hove Albion,Luton Town,4,1,4.0,1.5,1.33,5.5,9.0
2023-08-26,Brighton And Hove Albion,West Ham,1,3,1.5,3.0,1.53,4.75,5.25
2023-09-02,Brighton And Hove Albion,Newcastle Utd,3,1,1.3,1.2,2.5,3.8,2.55
2023-09-24,Brighton And Hove Albion,Bournemouth,3,1,1.9,1.1,1.36,5.25,7.5
2023-10-08,Brighton And Hove Albion,Liverpool,2,2,2.3,2.3,3.0,3.8,2.2
2023-10-29,Brighton And Hove Albion,Fulham,1,1,1.4,0.7,1.55,4.2,5.5
2023-11-12,Brighton And Hove Albion,Sheffield Utd,1,1,1.5,1.1,1.25,5.75,13.0
2023-12-06,Brighton And Hove Albion,Brentford,2,1,1.5,1.5,1.91,3.8,3.75
2023-12-09,Brighton And Hove Albion,Burnley,1,1,2.6,0.6,1.5,4.75,6.0
2023-12-28,Brighton And Hove Albion,Tottenham,4,2,3.2,2.3,2.5,3.6,2.6
2024-01-22,Brighton And Hove Albion,Wolves,0,0,1.0,1.1,1.65,4.33,5.0
2024-02-03,Brighton And Hove Albion,Crystal Palace,4,1,1.4,0.3,1.7,4.0,4.75
2024-02-24,Brighton And Hove Albion,Everton,1,1,1.4,0.3,1.83,3.8,4.2
2024-03-10,Brighton And Hove Albion,Nott'ham Forest,1,0,0.4,0.7,1.8,4.0,4.0
2024-04-06,Brighton And Hove Albion,Arsenal,0,3,0.5,3.4,5.0,4.33,1.62
2024-04-25,Brighton And Hove Albion,Manchester City,0,4,0.6,1.4,6.5,5.0,1.4
2024-05-05,Brighton And Hove Albion,Aston Villa,1,0,2.5,0.1,2.75,3.75,2.45
2024-05-15,Brighton And Hove Albion,Chelsea,1,2,1.3,1.5,3.3,4.0,1.95
2024-05-19,Brighton And Hove Albion,Manchester Utd,0,2,1.7,1.3,2.15,4.0,2.9
2024-08-24,Brighton And Hove Albion,Manchester Utd,2,1,2.1,1.4,2.5,3.7,2.63
2024-09-14,Brighton And Hove Albion,Ipswich Town,0,0,1.6,0.3,1.38,5.0,7.5
2024-09-22,Brighton And Hove Albion,Nott'ham Forest,2,2,1.0,1.4,1.75,3.75,4.75
2024-10-06,Brighton And Hove Albion,Tottenham,3,2,1.8,1.3,2.9,4.0,2.2
2024-10-26,Brighton And Hove Albion,Wolves,2,2,1.3,1.3,1.62,4.5,4.5
2024-11-09,Brighton And Hove Albion,Manchester City,2,1,2.3,2.1,4.1,4.2,1.73
2024-11-29,Brighton And Hove Albion,Southampton,1,1,1.7,1.0,1.38,5.0,7.5
2024-12-15,Brighton And Hove Albion,Crystal Palace,1,3,1.0,2.2,1.85,3.8,3.9
2024-12-27,Brighton And Hove Albion,Brentford,0,0,1.3,1.1,1.62,4.33,4.75
2025-01-04,Brighton And Hove Albion,Arsenal,1,1,1.5,0.9,4.33,3.75,1.8
2025-01-25,Brighton And Hove Albion,Everton,0,1,0.7,0.8,1.67,3.75,5.5
2025-02-14,Brighton And Hove Albion,Chelsea,3,0,1.4,0.5,2.7,3.6,2.45
2025-02-25,Brighton And Hove Albion,Bournemouth,2,1,2.4,1.5,2.0,3.8,3.3
2025-03-08,Brighton And Hove Albion,Fulham,2,1,1.5,0.9,1.95,3.6,3.75
2025-04-02,Brighton And Hove Albion,Aston Villa,0,3,0.9,1.2,2.05,3.8,3.25
2025-04-12,Brighton And Hove Albion,Leicester City,2,2,3.8,1.5,1.29,6.0,10.0
2025-04-26,Brighton And Hove Albion,West Ham,3,2,1.3,1.3,1.67,4.2,4.75
2025-05-04,Brighton And Hove Albion,Newcastle Utd,1,1,0.7,1.7,2.88,3.7,2.3
2025-05-19,Brighton And Hove Albion,Liverpool,3,2,2.2,2.2,2.6,3.75,2.45
2020-09-26,Burnley,Southampton,0,1,0.5,0.6,3.2,3.3,2.3
2020-10-26,Burnley,Tottenham,0,1,1.0,0.6,5.75,4.0,1.6
2020-10-31,Burnley,Chelsea,0,3,0.5,0.9,6.0,4.5,1.5
2020-11-23,Burnley,Crystal Palace,1,0,1.5,1.5,2.75,3.1,2.75
2020-12-05,Burnley,Everton,1,1,0.8,2.2,4.0,3.5,1.9
2020-12-21,Burnley,Wolves,2,1,1.7,1.5,3.5,3.25,2.2
2020-12-29,Burnley,Sheffield Utd,1,0,1.0,0.7,2.37,3.1,3.25
2021-01-12,Burnley,Manchester Utd,0,1,0.9,1.2,7.0,4.5,1.45
2021-01-27,Burnley,Aston Villa,3,2,0.5,2.2,3.8,3.5,1.95
2021-02-03,Burnley,Manchester City,0,2,0.1,2.0,13.0,7.0,1.2
2021-02-06,Burnley,Brighton,1,1,1.8,0.5,3.6,3.1,2.2
2021-02-17,Burnley,Fulham,1,1,0.9,0.5,2.75,3.2,2.7
2021-02-20,Burnley,West Brom,0,0,0.5,1.6,2.0,3.3,4.0
2021-03-03,Burnley,Leicester City,1,1,1.8,1.2,4.0,3.25,2.0
2021-03-06,Burnley,Arsenal,1,1,1.1,2.5,5.5,4.0,1.61
2021-04-11,Burnley,Newcastle Utd,1,2,2.0,1.2,2.3,3.1,3.4
2021-05-03,Burnley,West Ham,1,2,2.0,2.3,3.1,3.6,2.2
2021-05-15,Burnley,Leeds United,0,4,1.3,1.5,3.2,3.75,2.1
2021-05-19,Burnley,Liverpool,0,3,0.8,2.6,11.0,7.0,1.22
2021-08-14,Burnley,Brighton,1,2,1.5,1.0,3.1,3.1,2.45
2021-08-29,Burnley,Leeds United,1,1,1.0,1.2,3.1,3.5,2.25
2021-09-18,Burnley,Arsenal,0,1,1.0,1.1,3.8,3.6,1.95
2021-10-02,Burnley,Norwich City,0,0,1.2,0.6,1.85,3.6,4.33
2021-10-30,Burnley,Brentford,3,1,2.3,0.8,2.6,3.3,2.75
2021-11-20,Burnley,Crystal Palace,3,3,1.5,1.9,2.7,3.2,2.7
2021-12-12,Burnley,West Ham,0,0,0.8,0.8,3.6,3.6,2.0
2022-02-05,Burnley,Watford,0,0,0.6,0.8,2.2,3.25,3.5
2022-02-08,Burnley,Manchester Utd,1,1,0.4,1.8,5.5,4.0,1.61
2022-02-13,Burnley,Liverpool,0,1,1.5,1.7,10.0,5.25,1.28
2022-02-23,Burnley,Tottenham,1,0,0.9,0.7,4.6,3.8,1.75
2022-03-01,Burnley,Leicester City,0,2,0.9,1.5,2.9,3.4,2.4
2022-03-05,Burnley,Chelsea,0,4,0.7,2.3,6.5,4.33,1.5
2022-04-02,Burnley,Manchester City,0,2,0.1,1.8,15.0,6.5,1.2
2022-04-06,Burnley,Everton,3,2,2.0,2.4,2.62,3.1,2.87
2022-04-21,Burnley,Southampton,2,0,1.5,0.9,2.75,3.25,2.62
2022-04-24,Burnley,Wolves,1,0,1.4,0.6,2.7,3.0,2.87
2022-05-07,Burnley,Aston Villa,1,3,1.9,2.1,3.0,3.3,2.4
2022-05-22,Burnley,Newcastle Utd,1,2,1.6,1.8,2.25,3.4,3.2
2023-08-11,Burnley,Manchester City,0,3,0.3,1.9,8.0,5.5,1.33
2023-08-27,Burnley,Aston Villa,1,3,0.7,2.5,3.4,3.4,2.15
2023-09-02,Burnley,Tottenham,2,5,1.3,2.2,3.6,4.0,1.85
2023-09-23,Burnley,Manchester Utd,0,1,1.1,1.0,4.2,4.2,1.73
2023-10-07,Burnley,Chelsea,1,4,0.7,1.9,4.5,3.8,1.73
2023-11-04,Burnley,Crystal Palace,0,2,1.1,1.3,2.75,3.25,2.6
2023-11-25,Burnley,West Ham,1,2,1.3,0.9,3.4,3.5,2.05
2023-12-02,Burnley,Sheffield Utd,5,0,1.8,0.4,1.8,3.6,4.5
2023-12-16,Burnley,Everton,0,2,0.7,1.4,3.6,3.4,2.1
2023-12-26,Burnley,Liverpool,0,2,0.8,1.8,6.5,5.25,1.4
2024-01-12,Burnley,Luton Town,1,1,1.1,0.9,2.0,3.6,3.6
2024-02-03,Burnley,Fulham,2,2,1.8,1.5,2.9,3.4,2.38
2024-02-17,Burnley,Arsenal,0,5,0.3,2.3,10.0,5.75,1.29
2024-03-03,Burnley,Bournemouth,0,2,1.5,1.1,3.75,3.6,1.95
2024-03-16,Burnley,Brentford,2,1,2.8,1.1,3.25,3.6,2.15
2024-04-02,Burnley,Wolves,1,1,1.3,0.9,2.45,3.6,2.75
2024-04-13,Burnley,Brighton,1,1,1.7,0.9,3.5,3.75,2.0
2024-05-04,Burnley,Newcastle Utd,1,4,1.0,3.4,3.4,4.0,1.95
2024-05-19,Burnley,Nott'ham Forest,1,2,1.2,1.7,3.0,3.5,2.3
2020-09-20,Chelsea,Liverpool,0,2,0.9,2.1,3.1,3.6,2.2
2020-10-03,Chelsea,Crystal Palace,4,0,2.7,0.2,1.4,4.75,8.0
2020-10-17,Chelsea,Southampton,3,3,1.8,1.9,1.45,4.75,6.5
2020-11-07,Chelsea,Sheffield Utd,4,1,2.2,0.4,1.36,5.0,8.5
2020-11-29,Chelsea,Tottenham,0,0,0.8,0.2,2.05,3.5,3.6
2020-12-05,Chelsea,Leeds United,3,1,4.1,0.8,1.5,4.5,6.0
2020-12-21,Chelsea,West Ham,3,0,2.0,0.4,1.44,5.0,6.25
2020-12-28,Chelsea,Aston Villa,1,1,1.7,0.7,1.61,4.2,5.0
2021-01-03,Chelsea,Manchester City,1,3,0.8,2.7,3.0,3.7,2.2
2021-01-27,Chelsea,Wolves,0,0,0.7,0.5,1.6,4.2,5.25
2021-01-31,Chelsea,Burnley,2,0,1.2,0.2,1.33,5.0,9.5
2021-02-15,Chelsea,Newcastle Utd,2,0,2.2,0.6,1.22,6.5,12.0
2021-02-28,Chelsea,Manchester Utd,0,0,1.1,0.4,2.15,3.4,3.4
2021-03-08,Chelsea,Everton,2,0,2.4,0.3,1.53,4.0,6.5
2021-04-03,Chelsea,West Brom,2,5,2.1,1.6,1.22,6.0,15.0
2021-04-20,Chelsea,Brighton,0,0,0.7,0.5,1.57,4.0,6.0
2021-05-01,Chelsea,Fulham,2,0,1.7,0.3,1.44,4.4,7.5
2021-05-12,Chelsea,Arsenal,0,1,1.8,0.6,1.65,4.0,5.0
2021-05-18,Chelsea,Leicester City,2,1,3.1,0.8,1.7,3.75,5.0
2021-08-14,Chelsea,Crystal Palace,3,0,0.7,0.2,1.25,5.75,13.0
2021-09-11,Chelsea,Aston Villa,3,0,1.3,1.2,1.28,5.5,11.0
2021-09-25,Chelsea,Manchester City,0,1,0.2,1.7,2.62,3.2,2.75
2021-10-02,Chelsea,Southampton,3,1,3.3,1.3,1.36,4.75,9.0
2021-10-23,Chelsea,Norwich City,7,0,3.1,0.1,1.18,7.0,15.0
2021-11-06,Chelsea,Burnley,1,1,1.8,0.7,1.25,6.0,12.0
2021-11-28,Chelsea,Manchester Utd,1,1,2.7,0.9,1.57,4.0,6.0
2021-12-11,Chelsea,Leeds United,3,2,2.5,1.4,1.25,5.75,12.0
2021-12-16,Chelsea,Everton,1,1,2.9,0.6,1.22,6.5,13.0
2021-12-29,Chelsea,Brighton,1,1,0.7,0.9,1.4,4.5,7.5
2022-01-02,Chelsea,Liverpool,2,2,1.2,1.3,3.1,3.5,2.25
2022-01-23,Chelsea,Tottenham,2,0,1.2,0.5,1.61,4.2,5.0
2022-03-13,Chelsea,Newcastle Utd,1,0,1.1,0.3,1.3,5.25,11.0
2022-04-02,Chelsea,Brentford,1,4,1.3,1.8,1.33,5.0,10.0
2022-04-20,Chelsea,Arsenal,2,4,0.7,2.0,1.83,3.6,4.33
2022-04-24,Chelsea,West Ham,1,0,3.0,0.5,1.5,4.33,6.5
2022-05-07,Chelsea,Wolves,2,2,1.7,2.0,1.33,5.0,9.5
2022-05-19,Chelsea,Leicester City,1,1,1.6,0.1,1.4,4.75,8.0
2022-05-22,Chelsea,Watford,2,1,2.2,0.6,1.18,7.5,15.0
2022-08-14,Chelsea,Tottenham,2,2,1.6,1.0,2.25,3.4,3.2
2022-08-27,Chelsea,Leicester City,2,1,1.8,2.5,1.4,5.0,7.0
2022-09-03,Chelsea,West Ham,2,1,0.9,1.1,1.55,4.5,5.5
2022-10-08,Chelsea,Wolves,3,0,1.9,1.1,1.4,4.5,8.0
2022-10-22,Chelsea,Manchester Utd,1,1,1.1,0.8,2.05,3.5,3.5
2022-11-06,Chelsea,Arsenal,0,1,0.3,2.1,2.55,3.4,2.7
2022-12-27,Chelsea,Bournemouth,2,0,1.8,0.5,1.3,5.5,10.0
2023-01-05,Chelsea,Manchester City,0,1,0.4,2.0,5.0,4.0,1.67
2023-01-15,Chelsea,Crystal Palace,1,0,1.5,0.7,1.62,4.0,5.25
2023-02-03,Chelsea,Fulham,0,0,1.3,0.6,1.62,4.0,5.25
2023-02-18,Chelsea,Southampton,0,1,1.6,0.6,1.4,4.75,8.5
2023-03-04,Chelsea,Leeds United,1,0,1.5,1.0,1.62,4.0,5.5
2023-03-18,Chelsea,Everton,2,2,2.3,1.2,1.5,4.2,7.5
2023-04-01,Chelsea,Aston Villa,0,2,2.1,0.9,1.67,3.8,5.25
2023-04-04,Chelsea,Liverpool,0,0,2.2,0.3,2.2,3.4,3.25
2023-04-15,Chelsea,Brighton,1,2,0.5,2.9,2.63,3.4,2.63
2023-04-26,Chelsea,Brentford,0,2,1.3,1.1,1.7,4.0,4.75
2023-05-13,Chelsea,Nott'ham Forest,2,2,1.2,1.3,1.5,4.5,6.0
2023-05-28,Chelsea,Newcastle Utd,1,1,2.2,1.7,2.9,3.5,2.38
2023-08-13,Chelsea,Liverpool,1,1,1.4,1.3,2.9,3.4,2.38
2023-08-25,Chelsea,Luton Town,3,0,2.2,0.4,1.29,5.5,11.0
2023-09-02,Chelsea,Nott'ham Forest,0,1,2.3,0.8,1.4,4.5,8.5
2023-09-24,Chelsea,Aston Villa,0,1,1.3,1.0,1.91,3.75,3.8
2023-10-21,Chelsea,Arsenal,2,2,1.3,1.0,3.2,3.4,2.25
2023-10-28,Chelsea,Brentford,0,2,1.9,2.2,1.65,4.0,5.25
2023-11-12,Chelsea,Manchester City,4,4,2.9,2.9,5.0,3.7,1.73
2023-12-03,Chelsea,Brighton,3,2,2.1,1.1,1.73,4.2,4.2
2023-12-16,Chelsea,Sheffield Utd,2,0,3.1,0.4,1.22,6.5,13.0
2023-12-27,Chelsea,Crystal Palace,2,1,2.6,1.1,1.67,4.0,5.0
2024-01-13,Chelsea,Fulham,1,0,2.2,0.8,1.6,4.2,5.25
2024-02-04,Chelsea,Wolves,2,4,1.7,2.0,1.62,4.0,5.5
2024-03-11,Chelsea,Newcastle Utd,3,2,1.6,0.7,1.91,4.0,3.6
2024-03-30,Chelsea,Burnley,2,2,4.2,1.6,1.29,6.0,9.5
2024-04-04,Chelsea,Manchester Utd,4,3,3.0,1.5,2.0,4.0,3.4
2024-04-15,Chelsea,Everton,6,0,3.1,1.5,1.7,4.2,4.5
2024-05-02,Chelsea,Tottenham,2,0,2.2,1.6,2.15,3.8,3.0
2024-05-05,Chelsea,West Ham,5,0,4.1,0.9,1.65,4.5,4.5
2024-05-19,Chelsea,Bournemouth,2,1,1.1,2.2,1.45,5.0,6.0
2024-08-18,Chelsea,Manchester City,0,2,1.0,0.8,4.1,3.9,1.8
2024-09-01,Chelsea,Crystal Palace,1,1,2.4,0.5,1.6,4.33,5.0
2024-09-28,Chelsea,Brighton,4,2,4.2,1.1,1.73,4.2,4.2
2024-10-06,Chelsea,Nott'ham Forest,1,1,2.3,0.9,1.48,4.5,6.5
2024-10-27,Chelsea,Newcastle Utd,2,1,1.6,1.8,1.73,4.33,4.2
2024-11-10,Chelsea,Arsenal,1,1,1.5,1.5,2.7,3.4,2.55
2024-12-01,Chelsea,Aston Villa,3,0,1.6,1.2,1.7,4.1,4.5
2024-12-15,Chelsea,Brentford,2,1,2.2,1.6,1.33,6.0,7.5
2024-12-26,Chelsea,Fulham,1,2,1.1,1.8,1.48,4.75,6.0
2025-01-14,Chelsea,Bournemouth,2,2,2.5,1.2,1.48,4.75,6.0
2025-01-20,Chelsea,Wolves,3,1,3.1,0.8,1.36,5.75,6.5
2025-02-03,Chelsea,West Ham,2,1,1.6,1.2,1.36,4.75,8.0
2025-02-25,Chelsea,Southampton,4,0,2.4,0.7,1.17,8.0,13.0
2025-03-09,Chelsea,Leicester City,1,0,1.7,0.1,1.18,8.0,12.0
2025-04-03,Chelsea,Tottenham,1,0,1.0,0.9,1.65,4.5,4.5
2025-04-13,Chelsea,Ipswich Town,2,2,2.2,1.1,1.27,7.0,8.5
2025-04-26,Chelsea,Everton,1,0,0.8,0.4,1.55,4.0,6.0
2025-05-04,Chelsea,Liverpool,3,1,3.1,1.0,2.15,3.7,3.1
2025-05-16,Chelsea,Manchester Utd,1,0,0.8,0.3,1.44,5.0,6.25
2020-09-12,Crystal Palace,Southampton,1,0,1.1,0.9,3.1,3.25,2.37
2020-09-26,Crystal Palace,Everton,1,2,0.4,1.9,3.75,3.25,2.1
2020-10-18,Crystal Palace,Brighton,1,1,0.8,1.7,2.62,3.3,2.7
2020-11-07,Crystal Palace,Leeds United,4,1,0.9,0.8,2.87,3.4,2.45
2020-11-27,Crystal Palace,Newcastle Utd,0,2,0.6,1.3,2.05,3.25,3.75
2020-12-13,Crystal Palace,Tottenham,1,1,1.6,0.9,4.5,3.9,1.72
2020-12-19,Crystal Palace,Liverpool,0,7,0.3,2.5,6.5,4.33,1.5
2020-12-28,Crystal Palace,Leicester City,1,1,0.5,1.9,3.75,3.5,2.0
2021-01-02,Crystal Palace,Sheffield Utd,2,0,0.6,0.4,1.95,3.5,3.9
2021-01-26,Crystal Palace,West Ham,2,3,0.7,2.8,3.1,3.25,2.37
2021-01-30,Crystal Palace,Wolves,1,0,1.4,0.4,2.87,3.2,2.55
2021-02-13,Crystal Palace,Burnley,0,3,0.5,1.4,2.37,3.1,3.2
2021-02-28,Crystal Palace,Fulham,0,0,0.1,1.4,3.5,3.2,2.2
2021-03-03,Crystal Palace,Manchester Utd,0,0,0.9,0.9,8.0,4.75,1.4
2021-03-13,Crystal Palace,West Brom,1,0,1.2,0.8,2.15,3.2,3.6
2021-04-10,Crystal Palace,Chelsea,1,4,0.4,3.1,7.0,3.8,1.53
2021-05-01,Crystal Palace,Manchester City,0,2,0.9,1.7,10.0,5.0,1.33
2021-05-16,Crystal Palace,Aston Villa,3,2,1.9,1.4,3.0,3.6,2.25
2021-05-19,Crystal Palace,Arsenal,1,3,1.0,1.8,6.0,4.5,1.5
2021-08-21,Crystal Palace,Brentford,0,0,0.5,0.9,2.55,3.2,2.87
2021-09-11,Crystal Palace,Tottenham,3,0,2.1,0.1,4.2,3.5,1.9
2021-09-27,Crystal Palace,Brighton,1,1,1.4,0.8,3.1,3.2,2.45
2021-10-03,Crystal Palace,Leicester City,2,2,1.5,1.2,3.1,3.4,2.3
2021-10-23,Crystal Palace,Newcastle Utd,1,1,1.9,0.3,1.9,3.6,4.0
2021-11-06,Crystal Palace,Wolves,2,0,1.9,0.3,2.45,3.2,3.0
2021-11-27,Crystal Palace,Aston Villa,1,2,1.0,0.5,2.2,3.4,3.3
2021-12-12,Crystal Palace,Everton,3,1,1.8,1.0,2.3,3.2,3.3
2021-12-15,Crystal Palace,Southampton,2,2,1.2,0.6,2.15,3.3,3.5
2021-12-28,Crystal Palace,Norwich City,3,0,1.9,0.9,1.65,3.75,5.5
2022-01-01,Crystal Palace,West Ham,2,3,2.4,2.2,3.1,3.4,2.3
2022-01-23,Crystal Palace,Liverpool,1,3,2.2,1.9,6.0,4.2,1.53
2022-02-19,Crystal Palace,Chelsea,0,1,0.5,0.9,5.5,3.8,1.65
2022-02-26,Crystal Palace,Burnley,1,1,1.0,0.2,1.9,3.6,4.0
2022-03-14,Crystal Palace,Manchester City,0,0,0.6,2.8,10.0,5.0,1.33
2022-04-04,Crystal Palace,Arsenal,3,0,1.5,0.8,4.0,3.4,1.95
2022-04-25,Crystal Palace,Leeds United,0,0,1.9,0.5,2.05,3.5,3.5
2022-05-07,Crystal Palace,Watford,1,0,2.2,0.4,1.65,4.0,5.0
2022-05-22,Crystal Palace,Manchester Utd,1,0,0.6,0.7,3.0,3.6,2.25
2022-08-05,Crystal Palace,Arsenal,0,2,1.2,1.0,4.2,3.6,1.85
2022-08-20,Crystal Palace,Aston Villa,3,1,2.6,0.9,2.5,3.25,2.9
2022-08-30,Crystal Palace,Brentford,1,1,1.0,1.4,2.05,3.4,3.6
2022-10-01,Crystal Palace,Chelsea,1,2,0.4,1.1,4.2,3.6,1.85
2022-10-09,Crystal Palace,Leeds United,2,1,1.1,1.0,2.05,3.5,3.6
2022-10-18,Crystal Palace,Wolves,2,1,1.2,0.8,2.25,3.1,3.4
2022-10-29,Crystal Palace,Southampton,1,0,0.9,1.3,1.9,3.6,4.0
2022-12-26,Crystal Palace,Fulham,0,3,0.4,2.5,2.05,3.6,3.5
2023-01-04,Crystal Palace,Tottenham,0,4,0.8,1.4,3.4,3.5,2.15
2023-01-18,Crystal Palace,Manchester Utd,1,1,0.5,2.1,4.5,3.6,1.8
2023-01-21,Crystal Palace,Newcastle Utd,0,0,0.3,1.2,4.4,3.5,1.85
2023-02-11,Crystal Palace,Brighton,1,1,1.1,2.5,3.8,3.5,2.0
2023-02-25,Crystal Palace,Liverpool,0,0,0.7,0.9,4.75,3.8,1.73
2023-03-11,Crystal Palace,Manchester City,0,1,0.2,2.1,9.0,4.75,1.36
2023-04-01,Crystal Palace,Leicester City,2,1,2.3,0.2,2.5,3.25,2.9
2023-04-22,Crystal Palace,Everton,0,0,0.5,0.4,2.05,3.2,3.75
2023-04-29,Crystal Palace,West Ham,4,3,2.1,1.7,2.63,3.25,2.75
2023-05-13,Crystal Palace,Bournemouth,2,0,1.5,0.3,1.83,3.6,4.2
2023-05-28,Crystal Palace,Nott'ham Forest,1,1,1.4,0.5,1.67,4.0,5.0
2023-08-21,Crystal Palace,Arsenal,0,1,1.0,2.0,5.5,4.0,1.6
2023-09-03,Crystal Palace,Wolves,3,2,2.1,1.2,1.91,3.3,4.33
2023-09-23,Crystal Palace,Fulham,0,0,0.3,0.6,1.91,3.4,4.2
2023-10-07,Crystal Palace,Nott'ham Forest,0,0,0.8,1.0,2.2,3.1,3.6
2023-10-27,Crystal Palace,Tottenham,1,2,0.6,1.1,4.5,3.75,1.75
2023-11-11,Crystal Palace,Everton,2,3,2.2,1.5,2.45,3.2,3.0
2023-12-06,Crystal Palace,Bournemouth,0,2,1.0,1.8,2.25,3.5,3.1
2023-12-09,Crystal Palace,Liverpool,1,2,1.7,1.2,6.0,4.5,1.5
2023-12-21,Crystal Palace,Brighton,1,1,1.3,1.2,3.3,3.3,2.15
2023-12-30,Crystal Palace,Brentford,3,1,1.0,1.4,2.2,3.3,3.4
2024-01-30,Crystal Palace,Sheffield Utd,3,2,1.1,0.8,1.62,3.6,6.5
2024-02-12,Crystal Palace,Chelsea,1,3,0.6,1.4,4.2,3.8,1.85
2024-02-24,Crystal Palace,Burnley,3,0,2.4,0.1,1.95,3.5,4.0
2024-03-09,Crystal Palace,Luton Town,1,1,2.7,0.8,1.75,3.8,4.2
2024-04-06,Crystal Palace,Manchester City,2,4,1.1,1.9,9.5,5.25,1.33
2024-04-21,Crystal Palace,West Ham,5,2,2.4,1.3,2.1,3.6,3.4
2024-04-24,Crystal Palace,Newcastle Utd,2,0,0.9,0.4,2.75,3.6,2.4
2024-05-06,Crystal Palace,Manchester Utd,4,0,1.7,0.4,2.38,3.75,2.8
2024-05-19,Crystal Palace,Aston Villa,5,0,2.5,0.9,1.85,4.33,3.6
2024-08-24,Crystal Palace,West Ham,0,2,1.3,1.4,2.15,3.6,3.2
2024-09-14,Crystal Palace,Leicester City,2,2,2.5,1.2,1.62,4.0,5.5
2024-09-21,Crystal Palace,Manchester Utd,0,0,1.0,1.6,2.88,3.75,2.3
2024-10-05,Crystal Palace,Liverpool,0,1,0.6,1.4,6.0,4.5,1.5
2024-10-27,Crystal Palace,Tottenham,1,0,0.8,0.7,3.9,4.0,1.83
2024-11-09,Crystal Palace,Fulham,0,2,1.5,1.8,2.7,3.5,2.55
2024-11-30,Crystal Palace,Newcastle Utd,1,1,1.7,0.0,2.9,3.6,2.3
2024-12-07,Crystal Palace,Manchester City,2,2,1.3,1.4,5.5,4.2,1.57
2024-12-21,Crystal Palace,Arsenal,1,5,1.6,2.5,6.25,4.2,1.55
2024-12-29,Crystal Palace,Southampton,2,1,2.0,0.9,1.57,3.9,5.5
2025-01-04,Crystal Palace,Chelsea,1,1,1.1,1.2,3.8,3.75,1.91
2025-01-26,Crystal Palace,Brentford,1,2,1.1,1.3,2.05,3.75,3.3
2025-02-15,Crystal Palace,Everton,1,2,1.6,0.9,1.8,3.4,5.0
2025-02-25,Crystal Palace,Aston Villa,4,1,4.3,0.4,2.45,3.4,2.8
2025-03-08,Crystal Palace,Ipswich Town,1,0,3.2,1.5,1.45,4.75,6.25
2025-04-05,Crystal Palace,Brighton,2,1,0.6,1.0,2.35,3.6,2.8
2025-04-19,Crystal Palace,Bournemouth,0,0,0.4,0.7,2.45,3.6,2.63
2025-05-05,Crystal Palace,Nott'ham Forest,1,1,2.3,0.7,2.25,3.4,3.2
2025-05-20,Crystal Palace,Wolves,4,2,1.7,1.4,2.25,3.3,3.2
2020-09-19,Everton,West Brom,5,2,3.9,0.3,1.5,4.2,6.5
2020-10-03,Everton,Brighton,4,2,1.6,1.3,1.72,3.75,4.8
2020-10-17,Everton,Liverpool,2,2,1.2,2.6,3.75,4.2,1.83
2020-11-07,Everton,Manchester Utd,1,3,0.4,1.5,2.9,3.5,2.37
2020-11-28,Everton,Leeds United,0,1,1.2,2.9,1.95,3.8,3.6
2020-12-12,Everton,Chelsea,1,0,1.2,0.7,4.33,4.2,1.7
2020-12-19,Everton,Arsenal,2,1,0.6,1.4,2.45,3.5,2.8
2021-01-01,Everton,West Ham,0,1,0.4,1.3,2.1,3.5,3.5
2021-01-27,Everton,Leicester City,1,1,0.5,1.2,2.8,3.3,2.55
2021-01-30,Everton,Newcastle Utd,0,2,0.8,1.7,1.55,4.0,6.5
2021-02-14,Everton,Fulham,0,2,0.3,2.5,1.85,3.6,4.2
2021-02-17,Everton,Manchester City,1,3,1.0,1.0,8.5,5.5,1.33
2021-03-01,Everton,Southampton,1,0,1.2,0.6,2.15,3.5,3.3
2021-03-13,Everton,Burnley,1,2,1.5,0.8,1.83,3.5,4.5
2021-04-05,Everton,Crystal Palace,1,1,2.5,0.7,1.75,3.5,5.0
2021-04-16,Everton,Tottenham,2,2,1.8,1.4,3.4,3.5,2.1
2021-05-01,Everton,Aston Villa,1,2,1.0,1.6,1.95,3.6,3.8
2021-05-16,Everton,Sheffield Utd,0,1,1.4,1.2,1.36,4.75,8.5
2021-05-19,Everton,Wolves,1,0,0.7,0.3,1.85,3.6,4.2
2021-08-14,Everton,Southampton,3,1,2.4,0.8,1.9,3.5,4.0
2021-09-13,Everton,Burnley,3,1,1.4,1.0,1.7,3.75,5.0
2021-09-25,Everton,Norwich City,2,0,1.9,0.5,1.61,3.8,5.75
2021-10-17,Everton,West Ham,0,1,0.9,1.2,2.5,3.4,2.8
2021-10-23,Everton,Watford,2,5,1.5,3.7,1.65,3.8,5.5
2021-11-07,Everton,Tottenham,0,0,0.6,0.7,3.1,3.25,2.37
2021-12-01,Everton,Liverpool,1,4,0.7,2.4,7.5,5.25,1.36
2021-12-06,Everton,Arsenal,2,1,0.9,1.0,3.4,3.5,2.1
2022-01-02,Everton,Brighton,2,3,1.6,1.7,2.75,3.2,2.62
2022-01-22,Everton,Aston Villa,0,1,1.6,0.8,2.75,3.25,2.62
2022-02-12,Everton,Leeds United,3,0,2.7,0.3,2.25,3.5,3.0
2022-02-26,Everton,Manchester City,0,1,0.5,1.8,10.0,5.75,1.28
2022-03-13,Everton,Wolves,0,1,0.4,0.8,2.3,3.2,3.3
2022-03-17,Everton,Newcastle Utd,1,0,0.7,0.9,2.4,3.25,3.1
2022-04-09,Everton,Manchester Utd,1,0,0.4,0.8,4.6,3.75,1.75
2022-04-20,Everton,Leicester City,1,1,1.8,0.9,2.25,3.4,3.25
2022-05-01,Everton,Chelsea,1,0,0.8,0.8,5.0,3.6,1.75
2022-05-15,Everton,Brentford,2,3,2.1,1.4,2.05,3.6,3.5
2022-05-19,Everton,Crystal Palace,3,2,0.8,1.1,1.9,3.4,4.33
2022-08-06,Everton,Chelsea,0,1,0.7,1.5,5.5,4.0,1.61
2022-08-20,Everton,Nott'ham Forest,1,1,1.5,1.0,1.9,3.6,4.0
2022-09-03,Everton,Liverpool,0,0,1.7,2.1,7.0,4.75,1.4
2022-09-18,Everton,West Ham,1,0,0.4,1.0,2.9,3.25,2.5
2022-10-09,Everton,Manchester Utd,1,2,0.6,1.4,3.6,3.5,2.05
2022-10-22,Everton,Crystal Palace,3,0,1.4,0.9,2.6,3.2,2.87
2022-11-05,Everton,Leicester City,0,2,1.2,2.3,2.4,3.3,3.0
2022-12-26,Everton,Wolves,1,2,1.7,0.8,2.3,3.25,3.2
2023-01-03,Everton,Brighton,1,4,1.3,2.2,3.5,3.5,2.1
2023-01-14,Everton,Southampton,1,2,1.4,1.2,2.25,3.25,3.3
2023-02-04,Everton,Arsenal,1,0,1.7,0.9,8.5,4.5,1.4
2023-02-18,Everton,Leeds United,1,0,1.4,0.5,2.4,3.3,3.0
2023-02-25,Everton,Aston Villa,0,2,1.6,1.9,2.5,3.2,3.0
2023-03-11,Everton,Brentford,1,0,1.0,2.0,2.7,3.25,2.7
2023-04-03,Everton,Tottenham,1,1,0.9,1.4,3.4,3.3,2.2
2023-04-15,Everton,Fulham,1,3,1.4,1.8,2.05,3.4,3.7
2023-04-27,Everton,Newcastle Utd,1,4,0.9,2.4,4.75,3.6,1.73
2023-05-14,Everton,Manchester City,0,3,1.6,0.8,9.0,4.75,1.36
2023-05-28,Everton,Bournemouth,1,0,1.0,0.5,1.5,4.5,6.5
2023-08-12,Everton,Fulham,0,1,2.7,1.5,2.2,3.4,3.3
2023-08-26,Everton,Wolves,0,1,1.3,1.1,2.3,3.3,3.2
2023-09-17,Everton,Arsenal,0,1,0.3,1.0,6.0,4.5,1.5
2023-09-30,Everton,Luton Town,1,2,2.9,0.9,1.57,3.8,6.5
2023-10-07,Everton,Bournemouth,3,0,2.4,0.7,1.91,3.6,3.8
2023-11-04,Everton,Brighton,1,1,0.7,0.5,3.1,3.6,2.2
2023-11-26,Everton,Manchester Utd,0,3,2.4,2.2,2.7,3.4,2.55
2023-12-07,Everton,Newcastle Utd,3,0,3.3,1.5,3.25,3.25,2.25
2023-12-10,Everton,Chelsea,2,0,1.2,0.9,3.1,3.5,2.25
2023-12-27,Everton,Manchester City,1,3,1.0,2.4,5.75,4.0,1.57
2024-01-14,Everton,Aston Villa,0,0,1.1,1.2,2.8,3.5,2.45
2024-02-03,Everton,Tottenham,2,2,2.6,1.0,3.0,3.6,2.25
2024-02-19,Everton,Crystal Palace,1,1,1.7,0.7,1.7,3.6,5.25
2024-03-02,Everton,West Ham,1,3,2.7,1.9,2.05,3.6,3.5
2024-04-06,Everton,Burnley,1,0,0.9,0.5,1.65,4.0,5.25
2024-04-21,Everton,Nott'ham Forest,2,0,0.3,0.9,2.05,3.5,3.6
2024-04-24,Everton,Liverpool,2,0,1.2,2.1,7.0,5.0,1.4
2024-04-27,Everton,Brentford,1,0,0.8,0.9,2.3,3.5,3.0
2024-05-11,Everton,Sheffield Utd,1,0,2.3,0.6,1.4,4.8,7.5
2024-08-17,Everton,Brighton,0,3,0.5,1.4,2.63,3.3,2.63
2024-08-31,Everton,Bournemouth,2,3,1.8,2.4,2.75,3.4,2.55
2024-09-28,Everton,Crystal Palace,2,1,0.9,0.9,2.7,3.3,2.63
2024-10-05,Everton,Newcastle Utd,0,0,0.7,2.1,3.2,3.6,2.2
2024-10-26,Everton,Fulham,1,1,0.8,1.2,2.75,3.25,2.63
2024-11-23,Everton,Brentford,0,0,1.2,1.1,2.45,3.4,2.88
2024-12-04,Everton,Wolves,4,0,1.0,0.8,2.1,3.4,3.5
2024-12-22,Everton,Chelsea,0,0,1.0,1.2,5.0,4.2,1.62
2024-12-29,Everton,Nott'ham Forest,0,2,0.9,1.5,2.6,3.2,2.8
2025-01-15,Everton,Aston Villa,0,1,1.1,1.2,3.25,3.2,2.3
2025-01-19,Everton,Tottenham,3,2,1.8,1.1,2.8,3.5,2.45
2025-02-01,Everton,Leicester City,4,0,2.5,0.3,1.75,3.75,4.5
2025-02-12,Everton,Liverpool,2,2,1.0,0.6,7.5,4.5,1.44
2025-02-22,Everton,Manchester Utd,2,2,1.6,0.4,2.5,3.2,2.9
2025-03-15,Everton,West Ham,1,1,1.0,0.8,2.05,3.2,3.9
2025-04-05,Everton,Arsenal,1,1,1.1,1.8,5.25,3.25,1.75
2025-04-19,Everton,Manchester City,0,2,0.9,2.0,3.7,3.6,1.91
2025-05-03,Everton,Ipswich Town,2,2,0.6,0.8,1.45,4.33,6.5
2025-05-18,Everton,Southampton,2,0,2.7,1.2,1.4,4.75,7.5
2020-09-12,Fulham,Arsenal,0,3,0.1,1.9,6.0,4.33,1.53
2020-09-28,Fulham,Aston Villa,0,3,0.7,1.4,2.9,3.25,2.5
2020-10-24,Fulham,Crystal Palace,1,2,1.1,2.5,2.75,3.1,2.7
2020-11-02,Fulham,West Brom,2,0,1.5,0.5,2.4,3.3,3.0
2020-11-22,Fulham,Everton,2,3,1.9,2.0,3.9,3.9,1.85
2020-12-13,Fulham,Liverpool,1,1,1.5,1.8,9.0,5.5,1.3
2020-12-16,Fulham,Brighton,0,0,1.0,0.5,2.87,3.3,2.5
2020-12-26,Fulham,Southampton,0,0,0.7,0.2,3.2,3.3,2.3
2021-01-16,Fulham,Chelsea,0,1,0.7,1.6,6.5,4.33,1.5
2021-01-20,Fulham,Manchester Utd,1,2,0.9,1.7,6.0,4.33,1.53
2021-02-03,Fulham,Leicester City,0,2,0.6,1.4,4.0,3.5,1.9
2021-02-06,Fulham,West Ham,0,0,1.5,1.0,3.6,3.5,2.05
2021-02-20,Fulham,Sheffield Utd,1,0,1.2,0.9,2.15,3.2,3.6
2021-03-04,Fulham,Tottenham,0,1,0.7,1.6,4.0,3.6,1.9
2021-03-13,Fulham,Manchester City,0,3,0.3,2.2,10.0,5.0,1.33
2021-03-19,Fulham,Leeds United,1,2,1.6,1.3,2.37,3.4,3.0
2021-04-09,Fulham,Wolves,0,1,0.9,0.5,2.5,3.0,3.1
2021-05-10,Fulham,Burnley,0,2,1.0,1.5,2.2,3.4,3.3
2021-05-23,Fulham,Newcastle Utd,0,2,1.0,1.3,2.05,3.8,3.3
2022-08-06,Fulham,Liverpool,2,2,1.2,1.2,11.0,6.0,1.25
2022-08-20,Fulham,Brentford,3,2,2.4,1.8,2.45,3.4,2.9
2022-08-30,Fulham,Brighton,2,1,0.7,1.4,3.1,3.3,2.3
2022-10-01,Fulham,Newcastle Utd,1,4,0.5,3.3,3.0,3.4,2.37
2022-10-15,Fulham,Bournemouth,2,2,2.1,1.0,1.85,3.75,4.0
2022-10-20,Fulham,Aston Villa,3,0,2.1,1.2,2.9,3.3,2.5
2022-10-29,Fulham,Everton,0,0,1.9,0.9,2.37,3.4,3.0
2022-11-13,Fulham,Manchester Utd,1,2,1.4,2.5,3.8,3.8,1.9
2022-12-31,Fulham,Southampton,2,1,1.5,0.8,1.95,3.6,3.75
2023-01-12,Fulham,Chelsea,2,1,1.0,2.1,3.3,3.5,2.15
2023-01-23,Fulham,Tottenham,0,1,1.0,0.9,3.3,3.6,2.1
2023-02-11,Fulham,Nott'ham Forest,2,0,1.5,0.7,1.91,3.5,4.33
2023-02-24,Fulham,Wolves,1,1,0.5,0.8,2.5,3.2,3.0
2023-03-12,Fulham,Arsenal,0,3,0.8,2.3,6.0,4.0,1.57
2023-04-08,Fulham,West Ham,0,1,0.7,1.1,2.8,3.25,2.63
2023-04-22,Fulham,Leeds United,2,1,1.7,0.8,2.3,3.4,3.1
2023-04-30,Fulham,Manchester City,1,2,0.2,2.5,12.0,6.0,1.25
2023-05-08,Fulham,Leicester City,5,3,1.6,2.8,2.63,3.5,2.6
2023-05-20,Fulham,Crystal Palace,2,2,1.7,1.6,2.45,3.4,2.9
2023-08-19,Fulham,Brentford,0,3,0.5,3.7,2.7,3.3,2.63
2023-09-16,Fulham,Luton Town,1,0,1.0,1.1,1.67,3.75,5.5
2023-10-02,Fulham,Chelsea,0,2,1.1,1.7,3.6,3.5,2.05
2023-10-07,Fulham,Sheffield Utd,3,1,2.2,0.6,1.62,3.8,6.0
2023-11-04,Fulham,Manchester Utd,0,1,1.0,0.7,3.2,3.6,2.2
2023-11-27,Fulham,Wolves,3,2,2.9,1.4,2.38,3.3,3.0
2023-12-06,Fulham,Nott'ham Forest,5,0,2.5,0.3,2.0,3.4,3.75
2023-12-10,Fulham,West Ham,5,0,2.3,1.3,2.38,3.5,2.9
2023-12-23,Fulham,Burnley,0,2,1.3,0.4,1.67,3.75,5.25
2023-12-31,Fulham,Arsenal,2,1,1.2,1.6,5.25,4.5,1.55
2024-01-30,Fulham,Everton,0,0,1.6,1.9,2.45,3.2,3.0
2024-02-10,Fulham,Bournemouth,3,1,1.6,1.8,2.38,3.5,2.8
2024-02-17,Fulham,Aston Villa,1,2,1.5,1.5,2.9,3.75,2.2
2024-03-02,Fulham,Brighton,3,0,1.3,1.3,2.55,3.6,2.63
2024-03-16,Fulham,Tottenham,3,0,2.6,2.4,3.5,3.8,1.95
2024-04-06,Fulham,Newcastle Utd,0,1,1.2,1.0,2.38,3.8,2.8
2024-04-21,Fulham,Liverpool,1,3,0.8,1.0,5.25,4.5,1.57
2024-04-27,Fulham,Crystal Palace,1,1,1.1,1.0,2.1,3.5,3.5
2024-05-11,Fulham,Manchester City,0,4,0.1,3.2,13.0,7.0,1.2
2024-08-24,Fulham,Leicester City,2,1,1.8,0.6,1.8,3.75,4.2
2024-09-14,Fulham,West Ham,1,1,1.5,0.8,2.38,3.25,3.0
2024-09-21,Fulham,Newcastle Utd,3,1,2.2,1.5,3.0,3.4,2.4
2024-10-19,Fulham,Aston Villa,1,3,1.8,1.6,2.45,3.5,2.8
2024-11-04,Fulham,Brentford,2,1,1.3,0.6,2.0,3.7,3.5
2024-11-23,Fulham,Wolves,1,4,1.0,1.3,1.62,4.0,5.25
2024-12-05,Fulham,Brighton,3,1,1.1,1.4,2.35,3.6,2.88
2024-12-08,Fulham,Arsenal,1,1,0.2,1.8,5.0,4.33,1.6
2024-12-22,Fulham,Southampton,0,0,0.9,0.3,1.42,4.75,7.0
2024-12-29,Fulham,Bournemouth,2,2,1.1,2.0,2.3,3.6,2.88
2025-01-05,Fulham,Ipswich Town,2,2,2.2,1.5,1.55,4.2,5.75
2025-01-26,Fulham,Manchester Utd,0,1,0.7,0.3,2.3,3.4,3.1
2025-02-15,Fulham,Nott'ham Forest,2,1,2.1,0.4,2.2,3.4,3.3
2025-02-22,Fulham,Crystal Palace,0,2,0.2,1.3,2.05,3.4,3.7
2025-03-16,Fulham,Tottenham,2,0,1.0,0.9,2.0,3.75,3.6
2025-04-06,Fulham,Liverpool,3,2,0.7,1.5,4.5,3.5,1.83
2025-04-20,Fulham,Chelsea,1,2,0.3,0.9,2.7,3.7,2.35
2025-05-10,Fulham,Everton,1,3,0.8,1.1,1.82,3.4,4.5
2025-05-25,Fulham,Manchester City,0,2,1.3,3.0,5.0,4.2,1.6
2024-08-17,Ipswich Town,Liverpool,0,2,0.5,2.6,8.5,5.5,1.33
2024-08-31,Ipswich Town,Fulham,1,1,0.4,0.9,3.0,3.5,2.3
2024-09-29,Ipswich Town,Aston Villa,2,2,1.2,0.8,4.0,3.75,1.85
2024-10-19,Ipswich Town,Everton,0,2,1.3,1.7,2.38,3.3,3.0
2024-11-02,Ipswich Town,Leicester City,1,1,1.0,1.5,2.25,3.5,3.1
2024-11-24,Ipswich Town,Manchester Utd,1,1,1.6,0.8,5.25,4.0,1.62
2024-12-03,Ipswich Town,Crystal Palace,0,1,0.5,1.6,3.0,3.4,2.35
2024-12-08,Ipswich Town,Bournemouth,1,2,1.3,3.2,3.5,3.75,2.0
2024-12-21,Ipswich Town,Newcastle Utd,0,4,0.7,2.3,4.75,3.75,1.73
2024-12-30,Ipswich Town,Chelsea,2,0,1.6,2.0,6.5,4.75,1.42
2025-01-16,Ipswich Town,Brighton,0,2,0.3,1.0,3.9,3.7,1.91
2025-01-19,Ipswich Town,Manchester City,0,6,0.5,3.0,7.5,5.25,1.36
2025-02-01,Ipswich Town,Southampton,1,2,1.8,0.9,1.95,3.6,3.8
2025-02-22,Ipswich Town,Tottenham,1,4,1.1,1.7,4.1,3.6,1.9
2025-03-15,Ipswich Town,Nott'ham Forest,2,4,0.4,1.5,3.75,3.5,2.0
2025-04-05,Ipswich Town,Wolves,1,2,0.8,2.6,2.7,3.25,2.63
2025-04-20,Ipswich Town,Arsenal,0,4,0.2,2.4,8.0,4.5,1.4
2025-05-10,Ipswich Town,Brentford,0,1,0.9,1.4,5.0,4.0,1.65
2025-05-25,Ipswich Town,West Ham,1,3,0.7,1.1,3.0,3.8,2.2
2020-09-19,Leeds United,Fulham,4,3,1.4,1.7,1.61,3.9,5.75
2020-10-03,Leeds United,Manchester City,1,1,2.4,1.2,7.5,5.25,1.36
2020-10-19,Leeds United,Wolves,0,1,1.0,0.4,2.5,3.3,2.87
2020-11-02,Leeds United,Leicester City,1,4,2.1,2.9,2.5,3.6,2.62
2020-11-22,Leeds United,Arsenal,0,0,1.8,0.9,3.0,3.75,2.2
2020-12-11,Leeds United,West Ham,1,2,1.6,1.3,2.15,3.7,3.1
2020-12-16,Leeds United,Newcastle Utd,5,2,2.7,1.5,1.75,4.0,4.33
2020-12-27,Leeds United,Burnley,1,0,1.9,1.5,1.72,4.0,4.33
2021-01-16,Leeds United,Brighton,0,1,0.3,1.4,2.1,3.5,3.4
2021-02-03,Leeds United,Everton,1,2,1.3,1.6,2.5,3.5,2.7
2021-02-08,Leeds United,Crystal Palace,2,0,1.9,0.4,1.8,3.8,4.2
2021-02-23,Leeds United,Southampton,3,0,1.3,0.9,2.25,3.5,3.1
2021-02-27,Leeds United,Aston Villa,0,1,0.9,0.7,2.15,3.6,3.2
2021-03-13,Leeds United,Chelsea,0,0,0.4,1.0,4.75,4.0,1.7
2021-04-03,Leeds United,Sheffield Utd,2,1,2.4,1.1,1.5,4.33,6.5
2021-04-19,Leeds United,Liverpool,1,1,2.3,1.4,4.5,4.33,1.66
2021-04-25,Leeds United,Manchester Utd,0,0,0.3,1.2,4.0,4.2,1.75
2021-05-08,Leeds United,Tottenham,3,1,2.5,0.9,3.4,3.8,2.0
2021-05-23,Leeds United,West Brom,3,1,2.3,1.0,1.4,5.25,6.5
2021-08-21,Leeds United,Everton,2,2,1.2,1.8,2.37,3.4,3.0
2021-09-12,Leeds United,Liverpool,0,3,1.2,4.3,4.33,4.0,1.75
2021-09-25,Leeds United,West Ham,1,2,1.2,1.6,3.0,3.6,2.25
2021-10-02,Leeds United,Watford,1,0,1.3,0.2,1.7,4.0,4.75
2021-10-23,Leeds United,Wolves,1,1,1.6,0.9,2.4,3.4,2.87
2021-11-07,Leeds United,Leicester City,1,1,1.3,0.7,2.8,3.5,2.45
2021-11-30,Leeds United,Crystal Palace,1,0,1.4,1.1,2.4,3.3,3.0
2021-12-05,Leeds United,Brentford,2,2,1.2,1.0,1.95,3.6,3.8
2021-12-18,Leeds United,Arsenal,1,4,1.6,3.5,3.9,3.8,1.83
2022-01-02,Leeds United,Burnley,3,1,1.9,1.0,2.05,3.5,3.5
2022-01-22,Leeds United,Newcastle Utd,0,1,0.7,0.9,2.0,3.5,3.75
2022-02-20,Leeds United,Manchester Utd,2,4,1.8,2.2,3.9,3.8,1.85
2022-02-26,Leeds United,Tottenham,0,4,1.5,1.9,4.2,3.6,1.85
2022-03-10,Leeds United,Aston Villa,0,3,0.2,1.5,2.7,3.5,2.5
2022-03-13,Leeds United,Norwich City,2,1,2.5,1.5,1.55,4.2,5.75
2022-04-02,Leeds United,Southampton,1,1,1.2,1.4,2.37,3.75,2.75
2022-04-30,Leeds United,Manchester City,0,4,1.3,2.4,8.5,6.0,1.3
2022-05-11,Leeds United,Chelsea,0,3,0.4,1.3,4.75,4.2,1.65
2022-05-15,Leeds United,Brighton,1,1,1.6,2.2,2.62,3.5,2.62
2022-08-06,Leeds United,Wolves,2,1,0.8,1.3,2.25,3.4,3.2
2022-08-21,Leeds United,Chelsea,3,0,2.1,0.9,5.75,4.5,1.53
2022-08-30,Leeds United,Everton,1,1,1.0,1.0,2.15,3.5,3.3
2022-10-02,Leeds United,Aston Villa,0,0,0.4,2.2,2.35,3.4,3.0
2022-10-16,Leeds United,Arsenal,0,1,1.8,0.5,6.0,4.2,1.55
2022-10-23,Leeds United,Fulham,2,3,1.6,1.8,2.05,3.5,3.6
2022-11-05,Leeds United,Bournemouth,4,3,2.2,1.5,1.72,3.8,4.75
2022-12-28,Leeds United,Manchester City,1,3,0.6,4.3,9.5,6.0,1.29
2023-01-04,Leeds United,West Ham,2,2,1.6,1.4,2.6,3.5,2.6
2023-01-22,Leeds United,Brentford,0,0,0.5,0.4,2.38,3.6,2.88
2023-02-12,Leeds United,Manchester Utd,0,2,1.8,1.1,3.75,3.8,1.91
2023-02-25,Leeds United,Southampton,1,0,0.9,0.4,1.95,3.5,4.0
2023-03-11,Leeds United,Brighton,2,2,0.9,2.7,3.75,3.6,1.95
2023-04-04,Leeds United,Nott'ham Forest,2,1,1.8,0.8,1.7,3.75,5.0
2023-04-09,Leeds United,Crystal Palace,1,5,0.9,3.0,2.1,3.4,3.6
2023-04-17,Leeds United,Liverpool,1,6,1.4,2.7,4.2,4.2,1.73
2023-04-25,Leeds United,Leicester City,1,1,1.5,2.1,2.3,3.5,3.0
2023-05-13,Leeds United,Newcastle Utd,2,2,2.0,2.3,4.33,4.2,1.7
2023-05-28,Leeds United,Tottenham,1,4,1.5,2.2,2.75,3.8,2.3
2020-09-20,Leicester City,Burnley,4,2,1.2,1.4,1.61,4.0,5.5
2020-10-04,Leicester City,West Ham,0,3,0.6,2.0,1.61,4.2,5.25
2020-10-18,Leicester City,Aston Villa,0,1,0.6,0.7,1.83,3.8,4.1
2020-11-08,Leicester City,Wolves,1,0,2.0,0.8,2.3,3.2,3.25
2020-11-30,Leicester City,Fulham,1,2,1.2,2.2,1.5,4.33,6.5
2020-12-13,Leicester City,Brighton,3,0,1.5,0.9,2.0,3.5,3.8
2020-12-16,Leicester City,Everton,0,2,0.8,1.4,2.15,3.6,3.25
2020-12-26,Leicester City,Manchester Utd,2,2,0.9,1.7,2.9,3.6,2.3
2021-01-16,Leicester City,Southampton,2,0,2.2,0.6,1.8,3.75,4.5
2021-01-19,Leicester City,Chelsea,2,0,1.4,0.7,2.87,3.4,2.45
2021-01-31,Leicester City,Leeds United,1,3,1.8,2.1,1.8,4.0,4.2
2021-02-13,Leicester City,Liverpool,3,1,1.9,1.7,3.5,3.4,2.1
2021-02-28,Leicester City,Arsenal,1,3,0.4,2.3,2.5,3.4,2.8
2021-03-14,Leicester City,Sheffield Utd,5,0,4.0,0.1,1.5,4.2,6.5
2021-04-03,Leicester City,Manchester City,0,2,0.3,1.4,6.0,4.2,1.53
2021-04-22,Leicester City,West Brom,3,0,2.1,0.5,1.53,3.8,6.0
2021-04-26,Leicester City,Crystal Palace,2,1,1.5,0.7,1.4,4.33,8.5
2021-05-07,Leicester City,Newcastle Utd,2,4,2.2,2.7,1.4,4.75,8.0
2021-05-23,Leicester City,Tottenham,2,4,1.9,1.5,2.0,4.0,3.3
2021-08-14,Leicester City,Wolves,1,0,0.5,1.3,1.66,3.8,5.25
2021-09-11,Leicester City,Manchester City,0,1,0.6,2.8,6.0,4.0,1.57
2021-09-25,Leicester City,Burnley,2,2,2.4,0.5,1.57,4.0,6.0
2021-10-16,Leicester City,Manchester Utd,4,2,2.4,1.2,3.5,3.6,2.05
2021-10-30,Leicester City,Arsenal,0,2,1.3,0.7,2.4,3.5,2.87
2021-11-20,Leicester City,Chelsea,0,3,0.4,2.0,4.75,3.75,1.75
2021-11-28,Leicester City,Watford,4,2,2.1,2.8,1.61,4.0,5.5
2021-12-12,Leicester City,Newcastle Utd,4,0,2.6,1.0,1.66,4.1,4.75
2021-12-28,Leicester City,Liverpool,1,0,0.4,2.3,8.0,5.5,1.33
2022-01-19,Leicester City,Tottenham,2,3,1.2,3.1,3.0,3.5,2.3
2022-01-23,Leicester City,Brighton,1,1,1.4,1.1,2.5,3.25,2.9
2022-02-13,Leicester City,West Ham,2,2,1.4,1.1,2.9,3.5,2.3
2022-03-05,Leicester City,Leeds United,1,0,0.4,1.7,1.75,4.0,4.2
2022-03-20,Leicester City,Brentford,2,1,1.0,1.3,2.15,3.4,3.4
2022-04-10,Leicester City,Crystal Palace,2,1,1.0,1.4,2.37,3.3,2.9
2022-04-23,Leicester City,Aston Villa,0,0,0.3,0.9,2.8,3.4,2.5
2022-05-08,Leicester City,Everton,1,2,1.5,1.1,2.6,3.3,2.75
2022-05-11,Leicester City,Norwich City,3,0,2.0,1.1,1.44,4.75,7.0
2022-05-22,Leicester City,Southampton,4,1,3.4,1.1,1.85,4.0,3.8
2022-08-07,Leicester City,Brentford,2,2,0.6,0.8,2.0,3.75,3.5
2022-08-20,Leicester City,Southampton,1,2,0.3,0.9,1.83,4.0,4.0
2022-09-01,Leicester City,Manchester Utd,0,1,0.7,1.5,3.4,3.75,2.05
2022-10-03,Leicester City,Nott'ham Forest,4,0,1.3,1.1,1.75,4.0,4.33
2022-10-15,Leicester City,Crystal Palace,0,0,1.0,0.4,2.3,3.4,3.1
2022-10-20,Leicester City,Leeds United,2,0,0.8,1.3,2.25,3.6,3.0
2022-10-29,Leicester City,Manchester City,0,1,0.7,1.0,10.0,6.5,1.25
2022-12-26,Leicester City,Newcastle Utd,0,3,0.5,1.9,3.25,3.5,2.2
2023-01-03,Leicester City,Fulham,0,1,1.7,1.7,2.2,3.6,3.1
2023-01-21,Leicester City,Brighton,2,2,0.9,1.7,3.6,3.5,2.05
2023-02-11,Leicester City,Tottenham,4,1,1.7,1.3,3.4,3.6,2.1
2023-02-25,Leicester City,Arsenal,0,1,0.0,0.7,4.75,4.0,1.7
2023-03-11,Leicester City,Chelsea,1,3,2.4,1.6,3.75,3.5,1.95
2023-04-04,Leicester City,Aston Villa,1,2,0.5,1.0,2.55,3.3,2.75
2023-04-08,Leicester City,Bournemouth,0,1,0.6,1.9,1.83,3.75,4.2
2023-04-22,Leicester City,Wolves,2,1,2.4,0.9,2.38,3.3,3.0
2023-05-01,Leicester City,Everton,2,2,3.4,3.1,2.0,3.5,3.75
2023-05-15,Leicester City,Liverpool,0,3,0.4,2.2,5.25,4.33,1.57
2023-05-28,Leicester City,West Ham,2,1,1.4,1.4,1.91,3.8,3.6
2024-08-19,Leicester City,Tottenham,1,1,1.0,1.2,5.0,4.33,1.62
2024-08-31,Leicester City,Aston Villa,1,2,0.4,1.4,4.5,4.0,1.7
2024-09-21,Leicester City,Everton,1,1,0.7,1.1,2.45,3.4,2.88
2024-10-05,Leicester City,Bournemouth,1,0,0.8,2.1,3.1,3.75,2.15
2024-10-25,Leicester City,Nott'ham Forest,1,3,0.8,1.7,3.0,3.3,2.4
2024-11-23,Leicester City,Chelsea,1,2,1.1,2.7,6.5,4.75,1.44
2024-12-03,Leicester City,West Ham,3,1,1.7,3.0,2.9,3.4,2.38
2024-12-08,Leicester City,Brighton,2,2,1.3,1.5,4.5,3.8,1.73
2024-12-22,Leicester City,Wolves,0,3,0.8,1.1,2.55,3.4,2.7
2024-12-29,Leicester City,Manchester City,0,2,1.3,1.3,7.5,5.5,1.36
2025-01-15,Leicester City,Crystal Palace,0,2,1.7,1.8,3.9,3.6,1.91
2025-01-18,Leicester City,Fulham,0,2,0.6,2.0,4.33,3.7,1.8
2025-02-15,Leicester City,Arsenal,0,2,0.2,1.4,8.5,5.0,1.33
2025-02-21,Leicester City,Brentford,0,4,0.5,1.5,3.6,3.8,1.91
2025-03-16,Leicester City,Manchester Utd,0,3,1.0,0.9,4.5,3.5,1.83
2025-04-07,Leicester City,Newcastle Utd,0,3,0.5,3.2,6.5,4.2,1.48
2025-04-20,Leicester City,Liverpool,0,1,0.3,2.5,11.0,6.25,1.22
2025-05-03,Leicester City,Southampton,2,0,1.4,0.5,2.3,3.6,2.88
2025-05-18,Leicester City,Ipswich Town,2,0,0.8,1.4,2.3,3.6,2.9
2020-09-12,Liverpool,Leeds United,4,3,2.7,0.3,1.28,6.0,9.5
2020-09-28,Liverpool,Arsenal,3,1,2.7,1.3,1.45,4.75,6.5
2020-10-24,Liverpool,Sheffield Utd,2,1,2.3,1.6,1.22,6.5,12.0
2020-10-31,Liverpool,West Ham,2,1,1.7,0.3,1.36,5.25,7.5
2020-11-22,Liverpool,Leicester City,3,0,3.1,1.6,1.85,4.0,3.8
2020-12-06,Liverpool,Wolves,4,0,1.2,0.4,1.5,4.33,6.5
2020-12-16,Liverpool,Tottenham,2,1,1.0,1.1,1.75,3.8,4.5
2020-12-27,Liverpool,West Brom,1,1,1.5,0.6,1.11,10.0,19.0
2021-01-17,Liverpool,Manchester Utd,0,0,1.2,1.1,1.95,3.8,3.6
2021-01-21,Liverpool,Burnley,0,1,1.6,1.1,1.18,7.5,15.0
2021-02-03,Liverpool,Brighton,0,1,1.0,1.3,1.33,5.25,9.0
2021-02-07,Liverpool,Manchester City,1,4,1.2,3.5,3.4,3.6,2.05
2021-02-20,Liverpool,Everton,0,2,1.4,1.6,1.44,4.5,7.0
2021-03-04,Liverpool,Chelsea,0,1,0.3,1.0,2.25,3.6,3.0
2021-03-07,Liverpool,Fulham,0,1,0.9,1.3,1.36,5.0,8.5
2021-04-10,Liverpool,Aston Villa,2,1,2.3,0.5,1.5,4.33,6.5
2021-04-24,Liverpool,Newcastle Utd,1,1,2.4,1.0,1.22,6.5,12.0
2021-05-08,Liverpool,Southampton,2,0,1.7,1.1,1.25,6.0,11.0
2021-05-23,Liverpool,Crystal Palace,2,0,1.6,0.6,1.14,8.5,15.0
2021-08-21,Liverpool,Burnley,2,0,2.7,0.9,1.18,7.5,13.0
2021-08-28,Liverpool,Chelsea,1,1,2.5,0.6,2.45,3.3,2.9
2021-09-18,Liverpool,Crystal Palace,3,0,3.1,0.6,1.2,7.0,13.0
2021-10-03,Liverpool,Manchester City,2,2,0.9,1.2,2.87,3.5,2.4
2021-10-30,Liverpool,Brighton,2,2,1.5,1.0,1.22,6.5,13.0
2021-11-20,Liverpool,Arsenal,4,0,4.3,0.4,1.45,4.75,6.5
2021-11-27,Liverpool,Southampton,4,0,2.9,1.0,1.28,6.0,9.0
2021-12-11,Liverpool,Aston Villa,1,0,2.2,0.2,1.2,7.0,13.0
2021-12-16,Liverpool,Newcastle Utd,3,1,2.7,0.3,1.12,9.0,19.0
2022-01-16,Liverpool,Brentford,3,0,2.7,0.7,1.3,5.5,10.0
2022-02-10,Liverpool,Leicester City,2,0,1.8,0.5,1.25,6.5,10.0
2022-02-19,Liverpool,Norwich City,3,1,3.6,0.6,1.1,9.0,23.0
2022-02-23,Liverpool,Leeds United,6,0,5.9,0.2,1.16,8.0,15.0
2022-03-05,Liverpool,West Ham,1,0,2.4,1.3,1.28,5.75,9.5
2022-04-02,Liverpool,Watford,2,0,2.2,0.6,1.12,9.5,17.0
2022-04-19,Liverpool,Manchester Utd,4,0,2.0,0.1,1.4,5.0,7.0
2022-04-24,Liverpool,Everton,2,0,1.7,0.4,1.18,7.0,15.0
2022-05-07,Liverpool,Tottenham,1,1,1.3,0.9,1.4,5.0,7.0
2022-05-22,Liverpool,Wolves,3,1,2.7,1.3,1.14,8.5,15.0
2022-08-15,Liverpool,Crystal Palace,1,1,2.0,1.0,1.18,6.75,16.0
2022-08-27,Liverpool,Bournemouth,9,0,3.3,0.3,1.1,10.0,26.0
2022-08-31,Liverpool,Newcastle Utd,2,1,1.5,0.7,1.33,5.25,9.0
2022-10-01,Liverpool,Brighton,3,3,1.5,1.4,1.33,5.25,8.5
2022-10-16,Liverpool,Manchester City,1,0,2.1,1.0,3.6,4.0,1.9
2022-10-19,Liverpool,West Ham,1,0,1.7,1.7,1.4,5.0,7.0
2022-10-29,Liverpool,Leeds United,1,2,1.7,1.8,1.3,6.0,9.0
2022-11-12,Liverpool,Southampton,3,1,1.9,1.1,1.25,6.5,11.0
2022-12-30,Liverpool,Leicester City,2,1,2.2,1.0,1.29,6.0,9.5
2023-01-21,Liverpool,Chelsea,0,0,1.4,1.6,1.85,3.75,4.0
2023-02-13,Liverpool,Everton,2,0,2.3,0.4,1.5,4.33,6.5
2023-03-01,Liverpool,Wolves,2,0,2.6,0.8,1.5,4.75,6.0
2023-03-05,Liverpool,Manchester Utd,7,0,2.8,0.8,2.38,3.6,2.88
2023-04-09,Liverpool,Arsenal,2,2,3.9,1.4,2.88,3.6,2.38
2023-04-22,Liverpool,Nott'ham Forest,3,2,2.8,0.9,1.17,7.5,17.0
2023-04-30,Liverpool,Tottenham,4,3,2.2,2.0,1.53,4.5,5.75
2023-05-03,Liverpool,Fulham,1,0,1.8,0.9,1.25,5.75,11.0
2023-05-06,Liverpool,Brentford,1,0,2.2,0.2,1.44,5.0,6.0
2023-05-20,Liverpool,Aston Villa,1,1,0.7,1.3,1.45,5.0,6.25
2023-08-19,Liverpool,Bournemouth,3,1,3.0,1.3,1.2,7.0,13.0
2023-09-03,Liverpool,Aston Villa,3,0,2.5,0.7,1.65,4.5,4.5
2023-09-24,Liverpool,West Ham,3,1,3.0,1.1,1.4,5.0,7.0
2023-10-21,Liverpool,Everton,2,0,2.2,0.1,1.33,5.75,7.5
2023-10-29,Liverpool,Nott'ham Forest,3,0,3.2,0.4,1.29,5.75,11.0
2023-11-12,Liverpool,Brentford,3,0,1.7,1.6,1.4,5.0,6.5
2023-12-03,Liverpool,Fulham,4,3,2.1,1.2,1.25,6.5,9.0
2023-12-17,Liverpool,Manchester Utd,0,0,2.3,0.8,1.3,6.0,8.0
2023-12-23,Liverpool,Arsenal,1,1,1.0,0.7,2.38,3.6,2.8
2024-01-01,Liverpool,Newcastle Utd,4,2,7.0,0.6,1.45,4.5,7.0
2024-01-31,Liverpool,Chelsea,4,1,2.9,0.6,1.57,4.33,5.25
2024-02-10,Liverpool,Burnley,3,1,2.8,1.3,1.17,8.0,17.0
2024-02-21,Liverpool,Luton Town,4,1,3.3,0.9,1.2,7.0,13.0
2024-03-10,Liverpool,Manchester City,1,1,2.7,1.6,3.0,3.75,2.2
2024-03-31,Liverpool,Brighton,2,1,2.8,0.5,1.36,5.5,7.5
2024-04-04,Liverpool,Sheffield Utd,3,1,1.8,0.6,1.09,12.0,21.0
2024-04-14,Liverpool,Crystal Palace,0,1,2.7,2.0,1.22,7.0,12.0
2024-05-05,Liverpool,Tottenham,4,2,3.3,1.2,1.5,5.75,5.0
2024-05-19,Liverpool,Wolves,2,0,4.5,0.5,1.17,8.0,15.0
2024-08-25,Liverpool,Brentford,2,0,2.5,0.5,1.27,5.75,11.0
2024-09-14,Liverpool,Nott'ham Forest,0,1,0.9,0.4,1.22,6.5,12.0
2024-09-21,Liverpool,Bournemouth,3,0,2.0,1.1,1.3,6.25,9.0
2024-10-20,Liverpool,Chelsea,2,1,1.9,1.0,1.62,4.1,5.0
2024-11-02,Liverpool,Brighton,2,1,1.6,1.0,1.4,5.0,7.5
2024-11-09,Liverpool,Aston Villa,2,0,2.0,1.2,1.42,5.25,6.5
2024-12-01,Liverpool,Manchester City,2,0,3.4,0.8,2.1,3.6,3.3
2024-12-14,Liverpool,Fulham,2,2,2.1,1.2,1.33,5.5,8.0
2024-12-26,Liverpool,Leicester City,3,1,2.0,0.3,1.08,12.0,23.0
2025-01-05,Liverpool,Manchester Utd,2,2,2.7,1.0,1.29,6.25,8.0
2025-01-25,Liverpool,Ipswich Town,4,1,2.0,0.5,1.08,12.0,15.0
2025-02-16,Liverpool,Wolves,2,1,1.7,1.5,1.15,8.0,12.0
2025-02-26,Liverpool,Newcastle Utd,2,0,1.7,0.2,1.5,4.5,5.75
2025-03-08,Liverpool,Southampton,3,1,3.9,0.4,1.1,9.0,19.0
2025-04-02,Liverpool,Everton,1,0,1.5,0.9,1.36,5.0,8.0
2025-04-13,Liverpool,West Ham,2,1,1.8,1.4,1.3,6.0,8.0
2025-04-27,Liverpool,Tottenham,5,1,2.2,0.5,1.25,6.0,11.0
2025-05-11,Liverpool,Arsenal,2,2,2.4,2.6,2.0,3.6,3.6
2025-05-25,Liverpool,Crystal Palace,1,1,2.1,1.8,1.4,6.0,5.75
2023-09-01,Luton Town,West Ham,1,2,1.4,1.0,4.75,3.8,1.73
2023-09-23,Luton Town,Wolves,1,1,2.1,0.6,3.25,3.4,2.2
2023-10-03,Luton Town,Burnley,1,2,1.3,1.1,2.9,3.0,2.63
2023-10-07,Luton Town,Tottenham,0,1,0.8,1.9,6.0,4.75,1.45
2023-11-05,Luton Town,Liverpool,1,1,0.8,2.6,12.0,6.5,1.22
2023-11-25,Luton Town,Crystal Palace,2,1,0.9,1.6,3.6,3.3,2.1
2023-12-05,Luton Town,Arsenal,3,4,0.5,2.2,17.0,7.0,1.18
2023-12-10,Luton Town,Manchester City,1,2,0.3,1.6,17.0,8.0,1.14
2023-12-23,Luton Town,Newcastle Utd,1,0,1.4,1.4,4.75,4.2,1.65
2023-12-30,Luton Town,Chelsea,2,3,2.3,1.5,6.5,4.2,1.5
2024-01-30,Luton Town,Brighton,4,0,3.1,0.9,4.2,4.2,1.75
2024-02-10,Luton Town,Sheffield Utd,1,3,1.8,1.7,1.75,3.75,4.75
2024-02-18,Luton Town,Manchester Utd,1,2,1.8,2.9,4.0,4.0,1.8
2024-03-02,Luton Town,Aston Villa,2,3,1.8,1.9,4.33,4.2,1.73
2024-03-16,Luton Town,Nott'ham Forest,1,1,0.6,2.0,2.8,3.5,2.45
2024-04-06,Luton Town,Bournemouth,2,1,1.5,0.4,3.75,3.8,1.91
2024-04-20,Luton Town,Brentford,1,5,0.6,3.1,3.1,3.75,2.15
2024-05-03,Luton Town,Everton,1,1,0.8,1.4,2.6,3.6,2.55
2024-05-19,Luton Town,Fulham,2,4,2.0,1.1,2.9,3.9,2.2
2020-09-27,Manchester City,Leicester City,2,5,0.9,2.9,1.28,6.0,9.5
2020-10-17,Manchester City,Arsenal,1,0,1.3,0.9,1.44,5.0,6.5
2020-11-08,Manchester City,Liverpool,1,1,1.4,1.2,1.95,4.2,3.4
2020-11-28,Manchester City,Burnley,5,0,1.7,0.5,1.16,7.5,16.0
2020-12-05,Manchester City,Fulham,2,0,2.9,0.3,1.1,11.0,19.0
2020-12-15,Manchester City,West Brom,1,1,2.2,0.4,1.09,11.0,21.0
2020-12-26,Manchester City,Newcastle Utd,2,0,3.0,0.3,1.11,10.0,19.0
2021-01-13,Manchester City,Brighton,1,0,2.0,0.2,1.14,8.5,16.0
2021-01-17,Manchester City,Crystal Palace,4,0,0.7,0.1,1.14,8.5,17.0
2021-01-20,Manchester City,Aston Villa,2,0,3.4,0.6,1.22,6.5,12.0
2021-01-30,Manchester City,Sheffield Utd,1,0,1.5,0.2,1.12,9.0,18.0
2021-02-13,Manchester City,Tottenham,3,0,2.2,0.3,1.28,5.75,9.5
2021-02-27,Manchester City,West Ham,2,1,0.5,1.5,1.22,6.5,12.0
2021-03-02,Manchester City,Wolves,4,1,3.3,0.3,1.18,7.0,15.0
2021-03-07,Manchester City,Manchester Utd,0,2,1.3,1.7,1.45,4.5,7.0
2021-03-10,Manchester City,Southampton,5,2,2.6,1.6,1.18,7.5,15.0
2021-04-10,Manchester City,Leeds United,1,2,2.1,0.1,1.28,5.75,10.0
2021-05-08,Manchester City,Chelsea,1,2,1.8,0.7,1.9,3.4,4.2
2021-05-23,Manchester City,Everton,5,0,2.5,1.1,1.44,5.0,6.5
2021-08-21,Manchester City,Norwich City,5,0,2.6,0.1,1.08,11.0,26.0
2021-08-28,Manchester City,Arsenal,5,0,4.4,0.2,1.25,6.0,12.0
2021-09-18,Manchester City,Southampton,0,0,1.0,0.4,1.12,9.5,17.0
2021-10-16,Manchester City,Burnley,2,0,2.1,0.9,1.12,9.0,19.0
2021-10-30,Manchester City,Crystal Palace,0,2,0.7,0.7,1.14,8.0,19.0
2021-11-21,Manchester City,Everton,3,0,2.5,0.2,1.14,8.0,19.0
2021-11-28,Manchester City,West Ham,2,1,2.1,0.2,1.28,5.75,10.0
2021-12-11,Manchester City,Wolves,1,0,3.2,0.2,1.14,8.0,19.0
2021-12-14,Manchester City,Leeds United,7,0,3.1,0.3,1.14,8.5,15.0
2021-12-26,Manchester City,Leicester City,6,3,3.6,2.7,1.18,7.5,13.0
2022-01-15,Manchester City,Chelsea,1,0,1.0,0.3,1.65,4.0,5.0
2022-02-09,Manchester City,Brentford,2,0,1.9,0.4,1.1,9.5,23.0
2022-02-19,Manchester City,Tottenham,2,3,2.1,1.4,1.28,6.0,10.0
2022-03-06,Manchester City,Manchester Utd,4,1,2.7,0.5,1.4,4.75,7.5
2022-04-10,Manchester City,Liverpool,2,2,1.3,1.3,2.0,3.75,3.5
2022-04-20,Manchester City,Brighton,3,0,1.3,0.2,1.16,7.0,17.0
2022-04-23,Manchester City,Watford,5,1,3.6,0.5,1.1,10.0,26.0
2022-05-08,Manchester City,Newcastle Utd,5,0,3.1,0.8,1.16,7.0,17.0
2022-05-22,Manchester City,Aston Villa,3,2,3.4,0.2,1.16,8.0,17.0
2022-08-13,Manchester City,Bournemouth,4,0,1.7,0.1,1.06,13.0,29.0
2022-08-27,Manchester City,Crystal Palace,4,2,2.2,0.1,1.18,7.5,13.0
2022-08-31,Manchester City,Nott'ham Forest,6,0,3.3,0.7,1.06,13.0,29.0
2022-10-02,Manchester City,Manchester Utd,6,3,3.2,1.7,1.33,5.75,7.5
2022-10-08,Manchester City,Southampton,4,0,2.4,0.2,1.11,10.0,17.0
2022-10-22,Manchester City,Brighton,3,1,1.6,0.5,1.2,7.0,13.0
2022-11-05,Manchester City,Fulham,2,1,2.1,1.0,1.11,9.5,19.0
2022-11-12,Manchester City,Brentford,1,2,1.6,1.3,1.14,8.0,17.0
2022-12-31,Manchester City,Everton,1,1,1.7,0.1,1.13,9.0,19.0
2023-01-19,Manchester City,Tottenham,4,2,2.3,0.8,1.36,5.0,8.5
2023-01-22,Manchester City,Wolves,3,0,2.8,0.8,1.2,8.0,11.0
2023-02-12,Manchester City,Aston Villa,3,1,3.3,0.3,1.25,6.5,11.0
2023-03-04,Manchester City,Newcastle Utd,2,0,1.3,0.4,1.45,4.5,7.0
2023-04-01,Manchester City,Liverpool,4,1,2.9,0.3,1.62,4.2,5.0
2023-04-15,Manchester City,Leicester City,3,1,1.6,2.3,1.14,8.5,15.0
2023-04-26,Manchester City,Arsenal,4,1,2.5,0.5,1.55,4.5,5.25
2023-05-03,Manchester City,West Ham,3,0,2.3,0.4,1.2,7.0,13.0
2023-05-06,Manchester City,Leeds United,2,1,2.6,0.2,1.17,8.5,15.0
2023-05-21,Manchester City,Chelsea,1,0,1.2,1.2,1.25,6.0,11.0
2023-08-19,Manchester City,Newcastle Utd,1,0,1.0,0.3,1.67,4.0,5.0
2023-09-02,Manchester City,Fulham,5,1,2.2,1.4,1.17,8.0,15.0
2023-09-23,Manchester City,Nott'ham Forest,2,0,1.3,1.0,1.14,8.5,15.0
2023-10-21,Manchester City,Brighton,2,1,0.8,0.8,1.4,5.25,6.5
2023-11-04,Manchester City,Bournemouth,6,1,1.9,0.9,1.1,11.0,19.0
2023-11-25,Manchester City,Liverpool,1,1,1.3,0.6,1.73,4.2,4.2
2023-12-03,Manchester City,Tottenham,3,3,2.6,0.5,1.29,6.0,9.0
2023-12-16,Manchester City,Crystal Palace,2,2,1.6,1.8,1.18,8.0,13.0
2023-12-30,Manchester City,Sheffield Utd,2,0,2.2,0.3,1.08,11.0,29.0
2024-01-31,Manchester City,Burnley,3,1,1.7,1.4,1.08,12.0,21.0
2024-02-10,Manchester City,Everton,2,0,1.6,0.3,1.18,8.0,13.0
2024-02-17,Manchester City,Chelsea,1,1,2.6,1.4,1.33,5.5,8.0
2024-02-20,Manchester City,Brentford,1,0,2.3,0.4,1.18,8.0,13.0
2024-03-03,Manchester City,Manchester Utd,3,1,3.3,0.2,1.25,5.75,11.0
2024-03-31,Manchester City,Arsenal,0,0,1.0,0.7,1.91,3.8,3.8
2024-04-03,Manchester City,Aston Villa,4,1,3.4,0.8,1.3,6.0,8.0
2024-04-13,Manchester City,Luton Town,5,1,4.2,0.5,1.1,11.0,19.0
2024-05-04,Manchester City,Wolves,5,1,3.7,0.3,1.08,12.0,21.0
2024-05-19,Manchester City,West Ham,3,1,1.9,0.4,1.08,12.0,21.0
2024-08-24,Manchester City,Ipswich Town,4,1,3.3,0.3,1.08,12.0,21.0
2024-09-14,Manchester City,Brentford,2,1,2.1,1.0,1.18,8.0,12.0
2024-09-22,Manchester City,Arsenal,2,2,2.1,0.7,1.8,3.6,4.5
2024-10-05,Manchester City,Fulham,3,2,1.6,2.6,1.25,7.0,9.5
2024-10-26,Manchester City,Southampton,1,0,2.9,0.2,1.11,10.0,17.0
2024-11-23,Manchester City,Tottenham,0,4,2.1,2.5,1.48,4.75,6.0
2024-12-04,Manchester City,Nott'ham Forest,3,0,2.4,1.0,1.36,4.75,9.0
2024-12-15,Manchester City,Manchester Utd,1,2,0.9,2.1,1.57,4.5,5.0
2024-12-26,Manchester City,Everton,1,1,2.1,0.7,1.33,5.5,7.5
2025-01-04,Manchester City,West Ham,4,1,1.9,1.4,1.3,6.25,7.5
2025-01-25,Manchester City,Chelsea,3,1,2.2,1.8,2.05,4.0,3.3
2025-02-15,Manchester City,Newcastle Utd,4,0,1.9,0.5,1.95,4.2,3.3
2025-02-23,Manchester City,Liverpool,0,2,0.6,0.7,2.88,3.8,2.25
2025-03-15,Manchester City,Brighton,2,2,1.7,2.0,1.67,4.33,4.5
2025-04-02,Manchester City,Leicester City,2,0,2.2,0.1,1.2,8.0,10.0
2025-04-12,Manchester City,Crystal Palace,5,2,3.7,1.8,1.5,4.75,5.75
2025-04-22,Manchester City,Aston Villa,2,1,1.3,1.8,1.8,4.1,3.9
2025-05-02,Manchester City,Wolves,1,0,0.7,0.4,1.4,4.75,7.5
2025-05-20,Manchester City,Bournemouth,3,1,1.5,1.1,1.55,4.33,5.75
2020-09-19,Manchester United,Crystal Palace,1,3,1.2,1.6,1.3,5.5,9.5
2020-10-04,Manchester United,Tottenham,1,6,0.9,3.4,1.85,3.8,4.0
2020-10-24,Manchester United,Chelsea,0,0,0.6,0.2,2.37,3.6,2.8
2020-11-01,Manchester United,Arsenal,0,1,0.4,1.0,2.0,3.6,3.6
2020-11-21,Manchester United,West Brom,1,0,2.4,0.6,1.3,5.5,9.5
2020-12-12,Manchester United,Manchester City,0,0,0.6,1.3,4.33,4.2,1.72
2020-12-20,Manchester United,Leeds United,6,2,3.6,1.8,1.66,4.33,4.5
2020-12-29,Manchester United,Wolves,1,0,1.5,0.5,1.53,4.2,6.25
2021-01-01,Manchester United,Aston Villa,2,1,2.1,1.4,1.72,4.2,4.2
2021-01-27,Manchester United,Sheffield Utd,1,2,1.1,1.0,1.25,6.0,11.0
2021-02-02,Manchester United,Southampton,9,0,4.7,0.5,1.4,4.75,7.0
2021-02-06,Manchester United,Everton,3,3,1.8,1.5,1.53,4.2,6.0
2021-02-21,Manchester United,Newcastle Utd,3,1,1.7,0.4,1.28,5.5,10.0
2021-03-14,Manchester United,West Ham,1,0,1.5,0.6,1.83,3.6,4.33
2021-04-04,Manchester United,Brighton,2,1,1.5,1.2,1.61,4.0,5.5
2021-04-18,Manchester United,Burnley,3,1,2.5,0.9,1.33,5.25,9.0
2021-05-11,Manchester United,Leicester City,1,2,0.2,0.9,2.5,3.4,2.8
2021-05-13,Manchester United,Liverpool,2,4,1.9,2.7,3.0,3.75,2.2
2021-05-18,Manchester United,Fulham,1,1,0.9,0.9,1.28,6.0,9.0
2021-08-14,Manchester United,Leeds United,5,1,1.5,0.5,1.53,4.5,5.75
2021-09-11,Manchester United,Newcastle Utd,4,1,2.5,0.4,1.18,7.5,15.0
2021-09-25,Manchester United,Aston Villa,0,1,2.2,1.0,1.36,5.25,8.0
2021-10-02,Manchester United,Everton,1,1,1.0,1.3,1.45,4.33,7.5
2021-10-24,Manchester United,Liverpool,0,5,1.6,3.4,3.1,3.6,2.2
2021-11-06,Manchester United,Manchester City,0,2,0.9,1.6,4.75,4.0,1.7
2021-12-02,Manchester United,Arsenal,3,2,1.9,1.4,1.95,3.75,3.75
2021-12-05,Manchester United,Crystal Palace,1,0,0.9,0.5,1.5,4.33,6.5
2021-12-30,Manchester United,Burnley,3,1,2.4,1.1,1.36,5.0,9.0
2022-01-03,Manchester United,Wolves,0,1,0.8,0.7,1.53,4.33,6.0
2022-01-22,Manchester United,West Ham,1,0,1.9,0.3,1.85,3.8,4.0
2022-02-12,Manchester United,Southampton,1,1,2.1,0.8,1.6,4.0,5.5
2022-02-15,Manchester United,Brighton,2,0,1.7,0.7,1.72,3.75,4.75
2022-02-26,Manchester United,Watford,0,0,2.8,0.6,1.3,5.5,9.5
2022-03-12,Manchester United,Tottenham,3,2,1.0,1.5,2.2,3.4,3.25
2022-04-02,Manchester United,Leicester City,1,1,0.9,0.8,1.5,4.5,6.0
2022-04-16,Manchester United,Norwich City,3,2,1.9,1.5,1.25,6.5,10.0
2022-04-28,Manchester United,Chelsea,1,1,0.5,1.9,3.2,3.4,2.25
2022-05-02,Manchester United,Brentford,3,0,2.0,0.6,1.72,4.0,4.5
2022-08-07,Manchester United,Brighton,1,2,1.4,1.5,1.6,4.2,5.25
2022-08-22,Manchester United,Liverpool,2,1,1.8,1.3,5.25,4.33,1.6
2022-09-04,Manchester United,Arsenal,3,1,1.5,1.3,2.5,3.5,2.7
2022-10-16,Manchester United,Newcastle Utd,0,0,0.8,0.8,1.95,3.8,3.5
2022-10-19,Manchester United,Tottenham,2,0,1.5,0.6,2.45,3.5,2.75
2022-10-30,Manchester United,West Ham,1,0,1.2,1.1,1.66,4.0,4.8
2022-12-27,Manchester United,Nott'ham Forest,3,0,2.4,0.7,1.29,5.5,11.0
2023-01-03,Manchester United,Bournemouth,3,0,2.2,0.6,1.29,5.5,11.0
2023-01-14,Manchester United,Manchester City,2,1,1.7,0.6,4.2,3.6,1.85
2023-02-04,Manchester United,Crystal Palace,2,1,2.0,1.3,1.4,4.75,8.0
2023-02-08,Manchester United,Leeds United,2,2,2.0,0.6,1.45,5.0,6.0
2023-02-19,Manchester United,Leicester City,3,0,4.4,1.6,1.62,4.33,5.25
2023-03-12,Manchester United,Southampton,0,0,0.8,1.0,1.36,5.0,9.0
2023-04-05,Manchester United,Brentford,1,0,1.2,0.7,1.65,4.0,5.0
2023-04-08,Manchester United,Everton,2,0,3.4,1.0,1.5,4.33,6.5
2023-04-30,Manchester United,Aston Villa,1,0,1.2,0.6,1.73,3.9,4.6
2023-05-13,Manchester United,Wolves,2,0,3.2,0.3,1.36,5.0,7.5
2023-05-25,Manchester United,Chelsea,4,1,5.2,1.9,1.6,4.33,5.0
2023-05-28,Manchester United,Fulham,2,1,2.9,1.8,1.5,4.33,6.0
2023-08-14,Manchester United,Wolves,1,0,2.2,2.2,1.33,5.5,9.0
2023-08-26,Manchester United,Nott'ham Forest,3,2,2.8,1.2,1.3,6.0,8.0
2023-09-16,Manchester United,Brighton,1,3,1.0,1.7,2.15,4.0,2.88
2023-09-30,Manchester United,Crystal Palace,0,1,1.3,0.9,1.55,4.2,5.75
2023-10-07,Manchester United,Brentford,2,1,1.4,0.9,1.67,4.2,4.75
2023-10-29,Manchester United,Manchester City,0,3,0.9,4.0,5.0,3.8,1.67
2023-11-11,Manchester United,Luton Town,1,0,2.2,0.4,1.33,5.25,9.5
2023-12-06,Manchester United,Chelsea,2,1,4.1,1.5,2.88,3.4,2.45
2023-12-09,Manchester United,Bournemouth,0,3,1.1,1.5,1.55,4.33,5.75
2023-12-26,Manchester United,Aston Villa,3,2,1.1,1.7,2.6,3.5,2.6
2024-01-14,Manchester United,Tottenham,2,2,0.8,1.2,2.2,3.75,3.0
2024-02-04,Manchester United,West Ham,3,0,0.7,1.4,1.62,4.2,5.0
2024-02-24,Manchester United,Fulham,1,2,1.7,1.2,1.57,4.33,5.5
2024-03-09,Manchester United,Everton,2,0,2.7,1.6,1.83,3.6,4.0
2024-04-07,Manchester United,Liverpool,2,2,0.7,3.6,4.75,4.5,1.6
2024-04-24,Manchester United,Sheffield Utd,4,2,2.9,0.8,1.3,6.5,7.5
2024-04-27,Manchester United,Burnley,1,1,2.7,2.1,1.5,4.75,5.5
2024-05-12,Manchester United,Arsenal,0,1,0.5,1.5,7.0,5.5,1.36
2024-05-15,Manchester United,Newcastle Utd,3,2,1.5,2.2,2.75,4.0,2.3
2024-08-16,Manchester United,Fulham,1,0,2.4,0.4,1.6,4.2,5.25
2024-09-01,Manchester United,Liverpool,0,3,1.4,1.8,3.7,4.2,1.85
2024-09-29,Manchester United,Tottenham,0,3,1.0,4.4,2.35,3.75,2.75
2024-10-19,Manchester United,Brentford,2,1,1.3,0.9,1.7,4.2,4.5
2024-11-03,Manchester United,Chelsea,1,1,2.0,1.1,2.6,3.5,2.6
2024-11-10,Manchester United,Leicester City,3,0,0.8,0.6,1.38,5.5,6.5
2024-12-01,Manchester United,Everton,4,0,1.1,0.6,1.53,4.2,6.0
2024-12-07,Manchester United,Nott'ham Forest,2,3,1.6,0.8,1.65,3.9,5.25
2024-12-22,Manchester United,Bournemouth,0,3,2.2,1.6,1.8,3.8,4.2
2024-12-30,Manchester United,Newcastle Utd,0,2,0.8,1.9,2.75,3.5,2.55
2025-01-16,Manchester United,Southampton,3,1,3.4,1.4,1.29,6.0,9.5
2025-01-19,Manchester United,Brighton,1,3,1.5,1.9,2.1,3.6,3.3
2025-02-02,Manchester United,Crystal Palace,0,2,1.1,2.6,2.0,3.5,3.8
2025-02-26,Manchester United,Ipswich Town,3,2,0.7,1.4,1.53,4.33,6.0
2025-03-09,Manchester United,Arsenal,1,1,1.5,1.6,5.75,3.5,1.7
2025-04-06,Manchester United,Manchester City,0,0,0.9,0.5,3.4,3.6,2.1
2025-04-20,Manchester United,Wolves,0,1,1.3,0.2,2.0,3.6,3.6
2025-05-11,Manchester United,West Ham,0,2,2.1,1.7,1.9,3.6,4.0
2025-05-25,Manchester United,Aston Villa,2,0,2.9,0.4,4.33,4.2,1.7
2020-09-20,Newcastle United,Brighton,0,3,0.5,1.8,2.6,3.1,2.87
2020-10-03,Newcastle United,Burnley,3,1,1.8,0.4,2.4,3.2,3.1
2020-10-17,Newcastle United,Manchester Utd,1,4,0.9,2.3,4.75,4.0,1.66
2020-11-01,Newcastle United,Everton,2,1,2.9,1.5,3.7,3.4,2.05
2020-11-21,Newcastle United,Chelsea,0,2,0.3,1.5,6.5,4.75,1.45
2020-12-12,Newcastle United,West Brom,2,1,0.8,0.6,2.45,3.2,3.0
2020-12-19,Newcastle United,Fulham,1,1,1.4,1.0,2.5,3.25,2.9
2020-12-30,Newcastle United,Liverpool,0,0,0.5,1.4,12.0,6.0,1.25
2021-01-03,Newcastle United,Leicester City,1,2,0.5,0.6,5.25,4.2,1.61
2021-01-26,Newcastle United,Leeds United,1,2,1.4,0.7,3.9,3.8,1.85
2021-02-02,Newcastle United,Crystal Palace,1,2,1.9,0.7,2.8,3.2,2.6
2021-02-06,Newcastle United,Southampton,3,2,0.7,1.3,3.0,3.3,2.4
2021-02-27,Newcastle United,Wolves,1,1,1.7,1.1,3.5,3.2,2.2
2021-03-12,Newcastle United,Aston Villa,1,1,1.5,0.9,3.8,3.3,2.05
2021-04-04,Newcastle United,Tottenham,2,2,3.4,2.7,5.5,4.0,1.6
2021-04-17,Newcastle United,West Ham,3,2,2.2,1.9,3.5,3.5,2.05
2021-05-02,Newcastle United,Arsenal,0,2,0.3,2.0,3.6,3.6,2.0
2021-05-14,Newcastle United,Manchester City,3,4,2.2,1.5,11.0,6.0,1.25
2021-05-19,Newcastle United,Sheffield Utd,1,0,1.6,0.9,1.72,3.8,4.75
2021-08-15,Newcastle United,West Ham,2,4,1.8,2.7,3.2,3.5,2.2
2021-08-28,Newcastle United,Southampton,2,2,1.0,3.6,2.5,3.4,2.8
2021-09-17,Newcastle United,Leeds United,1,1,1.3,1.5,3.0,3.6,2.3
2021-10-17,Newcastle United,Tottenham,2,3,0.4,1.7,3.5,3.6,2.05
2021-10-30,Newcastle United,Chelsea,0,3,0.2,2.2,8.5,5.0,1.36
2021-11-20,Newcastle United,Brentford,3,3,1.5,0.9,2.62,3.4,2.7
2021-11-30,Newcastle United,Norwich City,1,1,1.1,1.2,1.95,3.5,3.9
2021-12-04,Newcastle United,Burnley,1,0,1.0,0.6,2.3,3.3,3.2
2021-12-19,Newcastle United,Manchester City,0,4,0.3,2.9,13.0,7.5,1.18
2021-12-27,Newcastle United,Manchester Utd,1,1,1.3,1.6,6.5,4.75,1.44
2022-01-15,Newcastle United,Watford,1,1,1.2,1.4,2.0,3.6,3.6
2022-02-08,Newcastle United,Everton,3,1,1.9,0.7,2.5,3.25,2.87
2022-02-13,Newcastle United,Aston Villa,1,0,0.5,0.6,2.7,3.3,2.62
2022-03-05,Newcastle United,Brighton,2,1,1.7,1.5,2.75,3.2,2.62
2022-04-08,Newcastle United,Wolves,1,0,1.5,0.4,2.25,3.1,3.4
2022-04-17,Newcastle United,Leicester City,2,1,1.8,0.6,2.2,3.4,3.3
2022-04-20,Newcastle United,Crystal Palace,1,0,0.9,0.5,2.25,3.4,3.25
2022-04-30,Newcastle United,Liverpool,0,1,0.2,2.3,8.5,5.0,1.36
2022-05-16,Newcastle United,Arsenal,2,0,1.6,0.6,4.33,3.6,1.83
2022-08-06,Newcastle United,Nott'ham Forest,2,0,1.7,0.3,1.66,3.8,5.25
2022-08-21,Newcastle United,Manchester City,3,3,1.8,2.1,7.5,5.0,1.36
2022-09-03,Newcastle United,Crystal Palace,0,0,2.8,1.0,2.0,3.5,3.75
2022-09-17,Newcastle United,Bournemouth,1,1,1.9,0.7,1.44,4.4,7.5
2022-10-08,Newcastle United,Brentford,5,1,1.5,1.2,1.83,3.8,4.2
2022-10-19,Newcastle United,Everton,1,0,1.5,0.2,1.6,3.8,5.75
2022-10-29,Newcastle United,Aston Villa,4,0,3.4,0.4,1.8,3.75,4.5
2022-11-12,Newcastle United,Chelsea,1,0,1.0,0.3,2.35,3.4,3.0
2022-12-31,Newcastle United,Leeds United,0,0,2.2,0.4,1.45,4.5,7.0
2023-01-15,Newcastle United,Fulham,1,0,2.2,1.1,1.5,4.33,6.5
2023-02-04,Newcastle United,West Ham,1,1,1.0,1.0,1.6,3.8,6.0
2023-02-18,Newcastle United,Liverpool,0,2,2.0,1.9,2.5,3.5,2.7
2023-03-12,Newcastle United,Wolves,2,1,1.8,1.1,1.65,3.75,5.5
2023-04-02,Newcastle United,Manchester Utd,2,0,3.7,0.4,2.4,3.4,2.9
2023-04-23,Newcastle United,Tottenham,6,1,3.7,1.0,1.83,3.75,4.2
2023-04-30,Newcastle United,Southampton,3,1,4.3,0.8,1.3,5.25,10.0
2023-05-07,Newcastle United,Arsenal,0,2,1.3,1.3,2.45,3.75,2.63
2023-05-18,Newcastle United,Brighton,4,1,3.6,0.5,2.0,3.8,3.5
2023-05-22,Newcastle United,Leicester City,0,0,2.1,0.1,1.36,5.5,7.0
2023-08-12,Newcastle United,Aston Villa,5,1,3.3,1.8,1.75,3.75,4.6
2023-08-27,Newcastle United,Liverpool,1,2,2.0,0.9,2.2,3.75,3.0
2023-09-16,Newcastle United,Brentford,1,0,1.4,0.5,1.53,4.2,6.0
2023-09-30,Newcastle United,Burnley,2,0,3.1,0.6,1.3,5.75,9.0
2023-10-21,Newcastle United,Crystal Palace,4,0,2.4,1.2,1.45,4.5,7.0
2023-11-04,Newcastle United,Arsenal,1,0,1.0,0.6,2.8,3.2,2.6
2023-11-25,Newcastle United,Chelsea,4,1,2.4,0.5,2.55,3.5,2.63
2023-12-02,Newcastle United,Manchester Utd,1,0,2.4,0.5,1.91,3.75,3.8
2023-12-16,Newcastle United,Fulham,3,0,3.5,0.3,1.8,3.8,4.0
2023-12-26,Newcastle United,Nott'ham Forest,1,3,2.4,3.5,1.5,4.33,5.75
2024-01-13,Newcastle United,Manchester City,2,3,1.3,3.0,5.5,4.33,1.55
2024-02-03,Newcastle United,Luton Town,4,4,2.3,2.4,1.44,4.75,6.5
2024-02-17,Newcastle United,Bournemouth,2,2,2.2,2.2,1.83,4.2,3.75
2024-03-02,Newcastle United,Wolves,3,0,2.1,0.8,1.91,4.0,3.6
2024-03-30,Newcastle United,West Ham,4,3,4.1,1.4,1.83,4.2,3.8
2024-04-02,Newcastle United,Everton,1,1,2.4,1.4,2.0,3.75,3.5
2024-04-13,Newcastle United,Tottenham,4,0,2.8,0.8,2.7,4.0,2.3
2024-04-27,Newcastle United,Sheffield Utd,5,1,3.1,1.5,1.22,7.0,11.0
2024-05-11,Newcastle United,Brighton,1,1,2.2,1.4,1.57,4.75,4.75
2024-08-17,Newcastle United,Southampton,1,0,0.3,1.8,1.36,5.25,8.0
2024-09-01,Newcastle United,Tottenham,2,1,1.8,1.2,2.5,4.0,2.5
2024-09-28,Newcastle United,Manchester City,1,1,1.6,0.9,5.25,4.33,1.6
2024-10-19,Newcastle United,Brighton,0,1,2.0,1.1,1.95,3.7,3.6
2024-11-02,Newcastle United,Arsenal,1,0,0.5,1.1,3.75,3.75,1.95
2024-11-25,Newcastle United,West Ham,0,2,1.6,0.9,1.5,4.5,6.0
2024-12-04,Newcastle United,Liverpool,3,3,2.1,1.9,4.2,4.0,1.75
2024-12-14,Newcastle United,Leicester City,4,0,3.8,0.2,1.3,6.0,8.5
2024-12-26,Newcastle United,Aston Villa,3,0,2.7,0.3,1.91,3.8,3.75
2025-01-15,Newcastle United,Wolves,3,0,2.1,1.6,1.36,5.5,8.0
2025-01-18,Newcastle United,Bournemouth,1,4,0.8,2.0,1.62,4.2,5.0
2025-02-01,Newcastle United,Fulham,1,2,0.8,1.6,1.7,4.0,4.75
2025-02-23,Newcastle United,Nott'ham Forest,4,3,2.9,1.7,1.8,3.8,4.2
2025-04-02,Newcastle United,Brentford,2,1,1.3,1.5,1.73,4.5,4.0
2025-04-13,Newcastle United,Manchester Utd,4,1,2.2,0.7,1.65,4.2,4.75
2025-04-16,Newcastle United,Crystal Palace,5,0,1.5,2.0,1.67,3.9,5.0
2025-04-26,Newcastle United,Ipswich Town,3,0,2.4,0.1,1.18,7.5,13.0
2025-05-11,Newcastle United,Chelsea,2,0,1.6,0.7,2.1,3.75,3.1
2025-05-25,Newcastle United,Everton,0,1,1.2,1.2,1.33,5.5,8.5
2021-08-14,Norwich City,Liverpool,0,3,1.4,1.6,9.0,5.75,1.3
2021-08-28,Norwich City,Leicester City,1,2,1.5,1.5,4.5,3.5,1.85
2021-09-18,Norwich City,Watford,1,3,1.0,2.4,2.15,3.3,3.5
2021-10-16,Norwich City,Brighton,0,0,1.2,0.8,3.6,3.4,2.1
2021-10-31,Norwich City,Leeds United,1,2,0.8,0.7,3.4,3.5,2.1
2021-11-20,Norwich City,Southampton,2,1,0.5,1.0,3.6,3.5,2.05
2021-11-27,Norwich City,Wolves,0,0,1.6,0.3,3.5,3.3,2.15
2021-12-11,Norwich City,Manchester Utd,0,1,1.2,2.0,7.0,4.5,1.45
2021-12-14,Norwich City,Aston Villa,0,2,0.5,2.0,3.3,3.3,2.25
2021-12-26,Norwich City,Arsenal,0,5,0.1,2.5,8.0,4.75,1.4
2022-01-15,Norwich City,Everton,2,1,1.0,0.6,3.75,3.5,2.0
2022-02-09,Norwich City,Crystal Palace,1,1,0.4,1.3,3.5,3.25,2.15
2022-02-12,Norwich City,Manchester City,0,4,0.4,4.6,15.0,8.0,1.16
2022-03-05,Norwich City,Brentford,1,3,1.0,2.0,2.9,3.1,2.5
2022-03-10,Norwich City,Chelsea,1,3,1.0,1.8,11.0,4.75,1.3
2022-04-10,Norwich City,Burnley,2,0,1.7,1.7,2.87,3.2,2.55
2022-04-23,Norwich City,Newcastle Utd,0,3,0.6,1.9,3.5,3.3,2.15
2022-05-08,Norwich City,West Ham,0,4,0.8,3.0,4.5,3.8,1.75
2022-05-22,Norwich City,Tottenham,0,5,0.5,3.4,9.5,6.5,1.25
2022-08-14,Nottingham Forest,West Ham,1,0,1.3,2.1,4.2,3.6,1.85
2022-08-28,Nottingham Forest,Tottenham,0,2,0.9,2.4,7.0,4.6,1.44
2022-09-03,Nottingham Forest,Bournemouth,2,3,1.9,0.8,1.95,3.5,3.8
2022-09-16,Nottingham Forest,Fulham,2,3,1.4,0.9,2.75,3.3,2.62
2022-10-10,Nottingham Forest,Aston Villa,1,1,0.3,0.7,3.3,3.4,2.2
2022-10-22,Nottingham Forest,Liverpool,1,0,1.9,1.6,11.0,6.0,1.25
2022-11-05,Nottingham Forest,Brentford,2,2,1.5,1.5,2.75,3.3,2.6
2022-11-12,Nottingham Forest,Crystal Palace,1,0,1.1,1.2,3.1,3.1,2.45
2023-01-01,Nottingham Forest,Chelsea,1,1,1.4,0.9,5.0,3.8,1.7
2023-01-14,Nottingham Forest,Leicester City,2,0,2.4,1.0,2.7,3.3,2.63
2023-02-05,Nottingham Forest,Leeds United,1,0,0.4,0.9,2.63,3.3,2.7
2023-02-18,Nottingham Forest,Manchester City,1,1,0.9,2.4,8.5,5.5,1.3
2023-03-05,Nottingham Forest,Everton,2,2,0.8,1.7,2.7,3.0,2.88
2023-03-17,Nottingham Forest,Newcastle Utd,1,2,0.4,2.4,5.5,3.8,1.62
2023-04-01,Nottingham Forest,Wolves,1,1,1.3,0.5,3.0,3.1,2.55
2023-04-16,Nottingham Forest,Manchester Utd,0,2,0.7,3.5,5.5,4.0,1.62
2023-04-26,Nottingham Forest,Brighton,3,1,2.4,2.3,6.0,4.2,1.53
2023-05-08,Nottingham Forest,Southampton,4,3,1.8,3.1,2.1,3.6,3.4
2023-05-20,Nottingham Forest,Arsenal,1,0,0.6,0.6,5.25,4.33,1.57
2023-08-18,Nottingham Forest,Sheffield Utd,2,1,1.4,0.5,1.95,3.4,4.0
2023-09-18,Nottingham Forest,Burnley,1,1,0.7,0.5,2.2,3.5,3.25
2023-10-01,Nottingham Forest,Brentford,1,1,0.5,1.6,2.75,3.1,2.7
2023-10-21,Nottingham Forest,Luton Town,2,2,2.9,1.7,1.67,3.75,5.5
2023-11-05,Nottingham Forest,Aston Villa,2,0,0.4,1.2,4.2,3.75,1.85
2023-11-25,Nottingham Forest,Brighton,2,3,1.9,1.3,3.2,3.6,2.15
2023-12-02,Nottingham Forest,Everton,0,1,0.7,0.7,2.75,3.25,2.6
2023-12-15,Nottingham Forest,Tottenham,0,2,1.3,1.5,4.2,4.2,1.73
2023-12-23,Nottingham Forest,Bournemouth,2,3,1.0,1.6,2.75,3.4,2.55
2023-12-30,Nottingham Forest,Manchester Utd,2,1,0.7,0.8,3.2,3.6,2.15
2024-01-30,Nottingham Forest,Arsenal,1,2,0.5,1.2,7.5,5.0,1.4
2024-02-10,Nottingham Forest,Newcastle Utd,2,3,1.5,0.5,3.3,3.75,2.05
2024-02-17,Nottingham Forest,West Ham,2,0,2.8,0.5,2.38,3.5,2.9
2024-03-02,Nottingham Forest,Liverpool,0,1,1.0,2.0,6.0,4.33,1.53
2024-03-30,Nottingham Forest,Crystal Palace,1,1,0.9,1.2,2.2,3.3,3.4
2024-04-02,Nottingham Forest,Fulham,3,1,1.5,1.5,2.7,3.4,2.63
2024-04-13,Nottingham Forest,Wolves,2,2,1.9,1.0,2.1,3.4,3.5
2024-04-28,Nottingham Forest,Manchester City,0,2,1.9,0.9,8.0,6.0,1.3
2024-05-11,Nottingham Forest,Chelsea,2,3,1.5,1.6,3.4,3.8,2.0
2024-08-17,Nottingham Forest,Bournemouth,1,1,1.3,1.2,2.45,3.5,2.8
2024-08-31,Nottingham Forest,Wolves,1,1,1.0,0.7,2.0,3.7,3.7
2024-09-28,Nottingham Forest,Fulham,0,1,0.8,1.3,2.38,3.3,3.0
2024-10-21,Nottingham Forest,Crystal Palace,1,0,1.7,1.0,2.3,3.5,3.0
2024-11-02,Nottingham Forest,West Ham,3,0,2.2,0.1,2.15,3.5,3.4
2024-11-10,Nottingham Forest,Newcastle Utd,1,3,0.6,1.6,2.7,3.3,2.7
2024-11-30,Nottingham Forest,Ipswich Town,1,0,1.6,0.6,1.7,3.8,4.75
2024-12-14,Nottingham Forest,Aston Villa,2,1,1.7,0.4,2.63,3.3,2.7
2024-12-26,Nottingham Forest,Tottenham,1,0,1.1,0.9,2.3,3.75,2.88
2025-01-14,Nottingham Forest,Liverpool,1,1,0.3,2.0,5.25,4.1,1.62
2025-01-19,Nottingham Forest,Southampton,3,2,1.8,0.9,1.38,4.75,8.0
2025-02-01,Nottingham Forest,Brighton,7,0,3.3,0.9,2.38,3.5,2.8
2025-02-26,Nottingham Forest,Arsenal,0,0,0.4,1.0,3.9,3.6,1.95
2025-03-08,Nottingham Forest,Manchester City,1,0,0.7,0.9,4.0,3.75,1.85
2025-04-01,Nottingham Forest,Manchester Utd,1,0,0.5,1.6,2.3,3.4,3.1
2025-04-12,Nottingham Forest,Everton,0,1,0.5,1.4,2.1,3.3,3.7
2025-05-01,Nottingham Forest,Brentford,0,2,0.9,1.3,2.15,3.5,3.25
2025-05-11,Nottingham Forest,Leicester City,2,2,1.3,1.1,1.33,5.25,8.0
2025-05-25,Nottingham Forest,Chelsea,0,1,1.2,1.1,3.0,3.75,2.2
2020-09-14,Sheffield United,Wolves,0,2,1.0,1.4,3.25,3.1,2.37
2020-09-27,Sheffield United,Leeds United,0,1,1.4,1.2,2.7,3.3,2.62
2020-10-18,Sheffield United,Fulham,1,1,1.7,1.5,2.1,3.3,3.7
2020-10-31,Sheffield United,Manchester City,0,1,0.5,1.6,9.5,6.0,1.28
2020-11-22,Sheffield United,West Ham,0,1,0.9,2.1,3.0,3.25,2.4
2020-12-06,Sheffield United,Leicester City,1,2,0.2,1.4,3.8,3.5,1.95
2020-12-17,Sheffield United,Manchester Utd,2,3,1.5,1.9,7.0,4.6,1.44
2020-12-26,Sheffield United,Everton,0,1,1.4,0.7,4.2,3.6,1.85
2021-01-12,Sheffield United,Newcastle Utd,1,0,2.1,0.6,2.45,3.1,3.1
2021-01-17,Sheffield United,Tottenham,1,3,0.9,1.0,6.25,3.75,1.6
2021-02-02,Sheffield United,West Brom,2,1,1.3,1.6,2.0,3.3,4.0
2021-02-07,Sheffield United,Chelsea,1,2,0.6,1.6,7.0,4.5,1.45
2021-02-28,Sheffield United,Liverpool,0,2,0.7,2.7,8.0,5.0,1.36
2021-03-03,Sheffield United,Aston Villa,1,0,0.9,2.3,3.75,3.4,2.05
2021-03-06,Sheffield United,Southampton,0,2,0.7,1.9,3.6,3.5,2.0
2021-04-11,Sheffield United,Arsenal,0,3,0.3,1.7,6.5,3.75,1.57
2021-04-24,Sheffield United,Brighton,1,0,0.7,2.0,5.25,3.4,1.75
2021-05-08,Sheffield United,Crystal Palace,0,2,0.7,2.0,3.0,3.2,2.45
2021-05-23,Sheffield United,Burnley,1,0,0.5,1.1,2.8,3.6,2.4
2023-08-12,Sheffield United,Crystal Palace,0,1,0.5,1.9,3.0,3.3,2.38
2023-08-27,Sheffield United,Manchester City,1,2,0.7,3.5,13.0,8.0,1.17
2023-09-02,Sheffield United,Everton,2,2,1.2,2.5,2.9,3.25,2.5
2023-09-24,Sheffield United,Newcastle Utd,0,8,0.9,3.9,7.0,4.75,1.44
2023-10-21,Sheffield United,Manchester Utd,1,2,1.4,1.1,6.5,5.25,1.4
2023-11-04,Sheffield United,Wolves,2,1,1.0,1.2,3.8,3.5,2.0
2023-11-25,Sheffield United,Bournemouth,1,3,0.8,2.9,3.2,3.5,2.2
2023-12-06,Sheffield United,Liverpool,0,2,1.0,1.7,12.0,7.5,1.2
2023-12-09,Sheffield United,Brentford,1,0,0.8,0.6,4.2,3.8,1.75
2023-12-26,Sheffield United,Luton Town,2,3,2.4,0.6,2.3,3.3,3.1
2024-01-21,Sheffield United,West Ham,2,2,2.5,2.3,3.4,3.3,2.2
2024-02-03,Sheffield United,Aston Villa,0,5,1.4,2.2,5.25,4.2,1.62
2024-02-18,Sheffield United,Brighton,0,5,0.6,2.9,5.0,4.2,1.62
2024-03-04,Sheffield United,Arsenal,0,6,0.2,2.3,17.0,7.0,1.18
2024-03-30,Sheffield United,Fulham,3,3,1.9,1.3,4.5,4.0,1.73
2024-04-07,Sheffield United,Chelsea,2,2,1.4,0.3,7.0,5.25,1.4
2024-04-20,Sheffield United,Burnley,1,4,2.4,2.2,2.75,3.6,2.45
2024-05-04,Sheffield United,Nott'ham Forest,1,3,2.2,1.4,4.75,4.2,1.65
2024-05-19,Sheffield United,Tottenham,0,3,1.0,3.1,7.0,6.0,1.33
2020-09-20,Southampton,Tottenham,2,5,2.0,2.1,3.0,3.3,2.37
2020-10-04,Southampton,West Brom,2,0,1.2,0.2,1.72,3.8,4.75
2020-10-25,Southampton,Everton,2,0,0.7,0.4,2.75,3.4,2.55
2020-11-06,Southampton,Newcastle Utd,2,0,0.7,0.3,2.0,3.6,3.7
2020-11-29,Southampton,Manchester Utd,2,3,0.5,2.1,4.0,3.5,1.95
2020-12-13,Southampton,Sheffield Utd,3,0,2.0,0.3,1.7,3.75,5.0
2020-12-19,Southampton,Manchester City,0,1,0.7,0.9,7.0,4.5,1.44
2020-12-29,Southampton,West Ham,0,0,0.6,1.2,2.1,3.6,3.4
2021-01-04,Southampton,Liverpool,1,0,0.4,1.5,5.0,4.33,1.61
2021-01-26,Southampton,Arsenal,1,3,0.8,2.2,3.5,3.6,2.05
2021-01-30,Southampton,Aston Villa,0,1,1.9,0.6,2.8,3.6,2.37
2021-02-14,Southampton,Wolves,1,2,0.8,1.1,2.37,3.2,3.1
2021-02-20,Southampton,Chelsea,1,1,0.6,1.2,5.0,3.8,1.7
2021-03-14,Southampton,Brighton,1,2,0.6,0.8,2.9,3.1,2.5
2021-04-04,Southampton,Burnley,3,2,2.2,1.5,2.05,3.3,3.8
2021-04-30,Southampton,Leicester City,1,1,0.9,1.9,3.8,3.8,1.9
2021-05-11,Southampton,Crystal Palace,3,1,1.2,1.5,2.05,3.6,3.5
2021-05-15,Southampton,Fulham,3,1,1.6,0.8,2.0,3.6,3.6
2021-05-18,Southampton,Leeds United,0,2,1.6,1.7,2.55,3.9,2.5
2021-08-22,Southampton,Manchester Utd,1,1,0.7,1.8,5.5,4.2,1.57
2021-09-11,Southampton,West Ham,0,0,0.7,0.7,2.9,3.5,2.4
2021-09-26,Southampton,Wolves,0,1,1.0,1.0,2.62,3.2,2.8
2021-10-16,Southampton,Leeds United,1,0,1.9,0.2,2.3,3.5,3.0
2021-10-23,Southampton,Burnley,2,2,1.6,0.7,1.95,3.5,3.9
2021-11-05,Southampton,Aston Villa,1,0,0.6,0.6,1.95,3.6,3.75
2021-12-01,Southampton,Leicester City,2,2,1.5,1.5,2.37,3.5,2.87
2021-12-04,Southampton,Brighton,1,1,1.6,1.6,2.45,3.2,3.0
2021-12-28,Southampton,Tottenham,1,1,0.4,2.3,3.75,3.5,2.0
2022-01-11,Southampton,Brentford,4,1,1.4,0.5,2.05,3.4,3.6
2022-01-22,Southampton,Manchester City,1,1,0.8,1.8,10.0,6.5,1.25
2022-02-19,Southampton,Everton,2,0,2.5,0.3,2.1,3.5,3.5
2022-02-25,Southampton,Norwich City,2,0,2.6,0.6,1.53,4.33,6.0
2022-03-10,Southampton,Newcastle Utd,1,2,1.1,0.6,2.0,3.75,3.5
2022-03-13,Southampton,Watford,1,2,1.4,1.7,1.6,4.2,5.25
2022-04-09,Southampton,Chelsea,0,6,0.5,4.2,3.8,3.6,1.95
2022-04-16,Southampton,Arsenal,1,0,0.8,1.7,3.8,3.6,1.95
2022-04-30,Southampton,Crystal Palace,1,2,0.6,1.1,2.4,3.3,3.1
2022-05-17,Southampton,Liverpool,1,2,0.1,1.3,7.5,5.5,1.33
2022-08-13,Southampton,Leeds United,2,2,1.2,1.8,2.25,3.5,3.1
2022-08-27,Southampton,Manchester Utd,0,1,1.4,1.1,4.2,4.0,1.8
2022-08-30,Southampton,Chelsea,2,1,1.1,1.1,5.25,4.0,1.61
2022-10-01,Southampton,Everton,1,2,1.7,2.0,2.15,3.4,3.4
2022-10-16,Southampton,West Ham,1,1,0.5,1.7,2.9,3.4,2.4
2022-10-23,Southampton,Arsenal,1,1,0.7,1.0,6.0,4.0,1.57
2022-11-06,Southampton,Newcastle Utd,1,4,1.7,0.9,4.0,3.6,1.9
2022-12-26,Southampton,Brighton,1,3,1.9,0.6,3.3,3.5,2.15
2023-01-04,Southampton,Nott'ham Forest,0,1,0.5,1.4,2.0,3.5,3.8
2023-01-21,Southampton,Aston Villa,0,1,0.6,1.4,2.88,3.25,2.55
2023-02-11,Southampton,Wolves,1,2,1.1,0.8,2.9,3.2,2.55
2023-03-04,Southampton,Leicester City,1,0,1.4,1.9,2.75,3.3,2.6
2023-03-15,Southampton,Brentford,0,2,0.5,1.9,2.88,3.25,2.5
2023-03-18,Southampton,Tottenham,3,3,2.4,2.3,4.75,3.6,1.75
2023-04-08,Southampton,Manchester City,1,4,0.4,2.9,11.0,6.0,1.25
2023-04-15,Southampton,Crystal Palace,0,2,0.8,0.9,2.8,3.1,2.7
2023-04-27,Southampton,Bournemouth,0,1,0.5,0.9,2.25,3.4,3.2
2023-05-13,Southampton,Fulham,0,2,0.4,1.4,2.75,3.3,2.5
2023-05-28,Southampton,Liverpool,4,4,1.8,4.0,6.5,4.75,1.44
2024-08-24,Southampton,Nott'ham Forest,0,1,0.1,2.2,2.55,3.3,2.8
2024-09-14,Southampton,Manchester Utd,0,3,1.1,2.6,4.5,4.0,1.7
2024-09-21,Southampton,Ipswich Town,1,1,2.4,1.6,2.25,3.5,3.2
2024-10-19,Southampton,Leicester City,2,3,2.1,3.1,2.3,3.5,3.0
2024-11-02,Southampton,Everton,1,0,0.7,1.6,2.63,3.4,2.63
2024-11-24,Southampton,Liverpool,2,3,1.3,3.1,11.0,5.75,1.27
2024-12-04,Southampton,Chelsea,1,5,1.6,5.2,8.5,5.25,1.33
2024-12-15,Southampton,Tottenham,0,5,0.8,2.3,4.33,4.5,1.67
2024-12-26,Southampton,West Ham,0,1,1.4,1.7,3.25,3.5,2.2
2025-01-04,Southampton,Brentford,0,5,0.3,4.4,3.0,3.4,2.4
2025-01-25,Southampton,Newcastle Utd,1,3,0.8,2.9,6.5,5.25,1.42
2025-02-15,Southampton,Bournemouth,1,3,0.8,1.2,6.0,4.5,1.5
2025-02-22,Southampton,Brighton,0,4,0.1,3.9,6.0,4.1,1.55
2025-03-15,Southampton,Wolves,1,2,1.3,0.4,3.7,3.4,2.0
2025-04-02,Southampton,Crystal Palace,1,1,0.7,0.7,5.75,3.8,1.62
2025-04-12,Southampton,Aston Villa,0,3,0.3,3.0,6.0,4.2,1.55
2025-04-26,Southampton,Fulham,1,2,0.6,2.4,5.25,4.0,1.6
2025-05-10,Southampton,Manchester City,0,0,0.1,1.7,11.0,7.5,1.2
2025-05-25,Southampton,Arsenal,1,2,0.6,2.3,8.5,6.0,1.3
2020-09-13,Tottenham Hotspur,Everton,0,1,1.1,1.2,1.83,3.6,4.33
2020-09-27,Tottenham Hotspur,Newcastle Utd,1,1,2.9,1.0,1.45,4.5,7.0
2020-10-18,Tottenham Hotspur,West Ham,3,3,1.7,1.9,1.57,4.33,5.5
2020-11-01,Tottenham Hotspur,Brighton,2,1,1.7,0.3,1.61,4.0,5.5
2020-11-21,Tottenham Hotspur,Manchester City,2,0,0.7,1.4,4.0,4.0,1.8
2020-12-06,Tottenham Hotspur,Arsenal,2,0,0.3,0.6,1.95,3.6,3.8
2020-12-20,Tottenham Hotspur,Leicester City,0,2,0.7,1.7,2.05,3.5,3.6
2021-01-02,Tottenham Hotspur,Leeds United,3,0,2.6,1.1,1.75,4.1,4.2
2021-01-13,Tottenham Hotspur,Fulham,1,1,2.4,1.1,1.36,5.0,8.5
2021-01-28,Tottenham Hotspur,Liverpool,1,3,0.1,2.5,3.2,3.6,2.2
2021-02-04,Tottenham Hotspur,Chelsea,0,1,0.6,1.6,3.5,3.4,2.1
2021-02-07,Tottenham Hotspur,West Brom,2,0,1.5,0.6,1.45,4.5,7.0
2021-02-28,Tottenham Hotspur,Burnley,4,0,2.1,0.7,1.53,4.0,6.5
2021-03-07,Tottenham Hotspur,Crystal Palace,4,1,2.7,0.5,1.45,4.5,7.0
2021-04-11,Tottenham Hotspur,Manchester Utd,1,3,0.9,2.1,2.87,3.4,2.45
2021-04-21,Tottenham Hotspur,Southampton,2,1,1.4,0.8,1.75,3.8,4.5
2021-05-02,Tottenham Hotspur,Sheffield Utd,4,0,2.2,0.5,1.25,6.0,12.0
2021-05-16,Tottenham Hotspur,Wolves,2,0,3.2,0.9,1.5,4.33,6.5
2021-05-19,Tottenham Hotspur,Aston Villa,1,2,0.8,1.4,1.5,4.5,6.0
2021-08-15,Tottenham Hotspur,Manchester City,1,0,1.0,1.8,5.5,4.2,1.6
2021-08-29,Tottenham Hotspur,Watford,1,0,1.0,0.8,1.36,4.75,9.0
2021-09-19,Tottenham Hotspur,Chelsea,0,3,0.5,2.1,5.0,3.8,1.7
2021-10-03,Tottenham Hotspur,Aston Villa,2,1,1.3,1.2,2.1,3.6,3.4
2021-10-30,Tottenham Hotspur,Manchester Utd,0,3,1.0,1.5,2.87,3.6,2.37
2021-11-21,Tottenham Hotspur,Leeds United,2,1,2.1,1.4,1.7,4.2,4.5
2021-12-02,Tottenham Hotspur,Brentford,2,0,1.9,0.3,1.6,4.2,5.25
2021-12-05,Tottenham Hotspur,Norwich City,3,0,1.6,1.2,1.36,5.0,8.5
2021-12-19,Tottenham Hotspur,Liverpool,2,2,3.0,1.1,5.25,4.75,1.53
2021-12-26,Tottenham Hotspur,Crystal Palace,3,0,2.3,0.2,1.72,3.8,4.75
2022-02-09,Tottenham Hotspur,Southampton,2,3,1.4,2.2,1.6,4.0,5.5
2022-02-13,Tottenham Hotspur,Wolves,0,2,1.2,1.3,1.7,3.6,5.5
2022-03-07,Tottenham Hotspur,Everton,5,0,2.5,0.2,1.57,3.8,5.75
2022-03-20,Tottenham Hotspur,West Ham,3,1,3.0,0.6,1.72,3.8,4.75
2022-04-03,Tottenham Hotspur,Newcastle Utd,5,1,3.1,0.5,1.5,4.33,6.5
2022-04-16,Tottenham Hotspur,Brighton,0,1,0.5,0.6,1.53,4.0,6.5
2022-05-01,Tottenham Hotspur,Leicester City,3,1,1.2,0.5,1.44,4.75,7.0
2022-05-12,Tottenham Hotspur,Arsenal,3,0,2.7,0.5,2.05,3.75,3.5
2022-05-15,Tottenham Hotspur,Burnley,1,0,2.2,0.7,1.33,5.25,9.0
2022-08-06,Tottenham Hotspur,Southampton,4,1,1.5,0.5,1.33,5.5,8.5
2022-08-20,Tottenham Hotspur,Wolves,1,0,1.7,0.7,1.4,4.75,7.5
2022-09-03,Tottenham Hotspur,Fulham,2,1,2.9,0.7,1.5,4.5,6.5
2022-09-17,Tottenham Hotspur,Leicester City,6,2,2.2,1.8,1.45,4.5,7.0
2022-10-15,Tottenham Hotspur,Everton,2,0,2.2,0.4,1.5,4.5,6.5
2022-10-23,Tottenham Hotspur,Newcastle Utd,1,2,1.6,1.2,2.05,3.5,3.5
2022-11-06,Tottenham Hotspur,Liverpool,1,2,1.2,1.2,3.3,3.6,2.1
2022-11-12,Tottenham Hotspur,Leeds United,4,3,1.8,1.1,1.65,4.2,4.75
2023-01-01,Tottenham Hotspur,Aston Villa,0,2,0.7,1.0,1.67,4.0,5.0
2023-01-15,Tottenham Hotspur,Arsenal,0,2,1.6,1.8,3.1,3.6,2.2
2023-02-05,Tottenham Hotspur,Manchester City,1,0,1.4,1.3,4.33,4.2,1.73
2023-02-19,Tottenham Hotspur,West Ham,2,0,1.5,0.5,1.75,3.6,4.75
2023-02-26,Tottenham Hotspur,Chelsea,2,0,0.8,0.4,2.55,3.25,2.9
2023-03-11,Tottenham Hotspur,Nott'ham Forest,3,1,2.0,1.5,1.44,4.75,7.0
2023-04-08,Tottenham Hotspur,Brighton,2,1,0.8,1.4,2.55,3.5,2.7
2023-04-15,Tottenham Hotspur,Bournemouth,2,3,2.2,1.3,1.45,4.5,7.0
2023-04-27,Tottenham Hotspur,Manchester Utd,2,2,2.5,2.0,2.8,3.6,2.4
2023-05-06,Tottenham Hotspur,Crystal Palace,1,0,0.9,0.4,1.8,3.8,4.2
2023-05-20,Tottenham Hotspur,Brentford,1,3,1.7,1.2,1.83,3.9,4.0
2023-08-19,Tottenham Hotspur,Manchester Utd,2,0,1.7,2.1,2.8,3.6,2.38
2023-09-16,Tottenham Hotspur,Sheffield Utd,2,1,2.1,0.7,1.29,5.5,11.0
2023-09-30,Tottenham Hotspur,Liverpool,2,1,2.2,1.3,2.9,4.0,2.15
2023-10-23,Tottenham Hotspur,Fulham,2,0,1.5,1.0,1.5,4.5,6.0
2023-11-06,Tottenham Hotspur,Chelsea,1,4,0.9,4.1,2.0,3.75,3.5
2023-11-26,Tottenham Hotspur,Aston Villa,1,2,2.3,1.7,2.3,3.8,2.8
2023-12-07,Tottenham Hotspur,West Ham,1,2,1.8,2.2,1.75,4.2,4.2
2023-12-10,Tottenham Hotspur,Newcastle Utd,4,1,3.8,1.7,2.15,3.8,3.1
2023-12-23,Tottenham Hotspur,Everton,2,1,1.5,1.8,1.75,4.2,4.0
2023-12-31,Tottenham Hotspur,Bournemouth,3,1,2.3,1.7,1.75,4.2,4.0
2024-01-31,Tottenham Hotspur,Brentford,3,2,2.9,1.6,1.67,4.2,4.75
2024-02-10,Tottenham Hotspur,Brighton,2,1,1.6,1.2,1.8,4.2,3.8
2024-02-17,Tottenham Hotspur,Wolves,1,2,1.6,1.8,1.53,4.75,5.25
2024-03-02,Tottenham Hotspur,Crystal Palace,3,1,1.9,0.3,1.5,4.33,6.5
2024-03-30,Tottenham Hotspur,Luton Town,2,1,2.9,0.5,1.2,8.0,11.0
2024-04-07,Tottenham Hotspur,Nott'ham Forest,3,1,1.5,1.5,1.4,5.5,6.5
2024-04-28,Tottenham Hotspur,Arsenal,2,3,2.3,1.0,4.2,4.2,1.75
2024-05-11,Tottenham Hotspur,Burnley,2,1,2.7,0.7,1.36,5.75,7.0
2024-05-14,Tottenham Hotspur,Manchester City,0,2,1.7,2.4,6.5,6.0,1.36
2024-08-24,Tottenham Hotspur,Everton,4,0,2.4,1.0,1.44,4.75,6.5
2024-09-15,Tottenham Hotspur,Arsenal,0,1,0.7,0.7,3.0,3.5,2.3
2024-09-21,Tottenham Hotspur,Brentford,3,1,3.5,0.8,1.55,4.5,5.5
2024-10-19,Tottenham Hotspur,West Ham,4,1,1.9,0.8,1.5,5.0,5.25
2024-11-03,Tottenham Hotspur,Aston Villa,4,1,2.4,1.8,1.91,4.0,3.6
2024-11-10,Tottenham Hotspur,Ipswich Town,1,2,1.5,1.6,1.25,6.5,9.0
2024-12-01,Tottenham Hotspur,Fulham,1,1,0.8,1.5,1.7,4.5,4.1
2024-12-08,Tottenham Hotspur,Chelsea,3,4,2.8,2.8,3.4,3.9,2.0
2024-12-22,Tottenham Hotspur,Liverpool,3,6,1.3,5.6,4.5,4.0,1.73
2024-12-29,Tottenham Hotspur,Wolves,2,2,2.2,0.7,1.6,5.0,4.2
2025-01-04,Tottenham Hotspur,Newcastle Utd,1,2,0.9,2.5,2.88,3.8,2.25
2025-01-26,Tottenham Hotspur,Leicester City,1,2,1.0,1.6,1.45,5.5,5.5
2025-02-16,Tottenham Hotspur,Manchester Utd,1,0,2.2,1.5,2.45,3.75,2.62
2025-02-26,Tottenham Hotspur,Manchester City,0,1,1.3,2.1,3.25,4.0,2.0
2025-03-09,Tottenham Hotspur,Bournemouth,2,2,1.5,2.2,2.7,3.9,2.35
2025-04-06,Tottenham Hotspur,Southampton,3,1,2.1,1.0,1.38,5.5,6.5
2025-04-21,Tottenham Hotspur,Nott'ham Forest,1,2,2.1,0.5,2.45,3.6,2.63
2025-05-11,Tottenham Hotspur,Crystal Palace,0,2,0.7,3.3,2.63,3.6,2.5
2025-05-25,Tottenham Hotspur,Brighton,1,4,2.0,2.2,4.2,4.33,1.7
2021-08-14,Watford,Aston Villa,3,2,1.2,1.2,3.1,3.2,2.37
2021-09-11,Watford,Wolves,0,2,0.2,2.2,3.4,3.2,2.25
2021-09-25,Watford,Newcastle Utd,1,1,0.9,1.9,2.2,3.4,3.3
2021-10-16,Watford,Liverpool,0,5,0.5,3.3,8.5,5.5,1.33
2021-10-30,Watford,Southampton,0,1,1.0,1.8,3.2,3.3,2.3
2021-11-20,Watford,Manchester Utd,4,1,2.7,1.4,6.5,4.75,1.45
2021-12-01,Watford,Chelsea,1,2,1.0,0.9,10.0,5.25,1.3
2021-12-04,Watford,Manchester City,1,3,0.8,3.1,12.0,7.0,1.2
2021-12-28,Watford,West Ham,1,4,1.6,3.6,3.4,3.6,2.1
2022-01-01,Watford,Tottenham,0,1,0.3,2.2,5.0,4.2,1.61
2022-01-21,Watford,Norwich City,0,3,1.2,1.1,2.0,3.5,3.75
2022-02-12,Watford,Brighton,0,2,0.5,1.6,3.5,3.3,2.05
2022-02-23,Watford,Crystal Palace,1,4,1.4,1.1,3.1,3.3,2.3
2022-03-06,Watford,Arsenal,2,3,1.0,1.0,6.0,4.0,1.57
2022-04-09,Watford,Leeds United,0,3,1.1,0.7,2.7,3.4,2.55
2022-04-16,Watford,Brentford,1,2,1.7,1.9,2.7,3.3,2.55
2022-04-30,Watford,Burnley,1,2,1.0,1.6,2.6,3.3,2.75
2022-05-11,Watford,Everton,0,0,0.3,0.7,4.2,3.6,1.83
2022-05-15,Watford,Leicester City,1,5,1.4,2.5,3.8,3.5,1.95
2020-09-12,West Ham United,Newcastle Utd,0,2,1.0,1.6,2.15,3.4,3.4
2020-09-27,West Ham United,Wolves,4,0,2.4,0.5,3.6,3.5,2.05
2020-10-24,West Ham United,Manchester City,1,1,0.3,1.0,8.0,5.25,1.36
2020-11-07,West Ham United,Fulham,1,0,1.3,1.7,1.83,3.75,4.2
2020-11-30,West Ham United,Aston Villa,2,1,0.4,2.5,2.25,3.6,3.0
2020-12-05,West Ham United,Manchester Utd,1,3,2.0,1.7,3.6,3.6,2.0
2020-12-16,West Ham United,Crystal Palace,1,1,0.4,1.1,2.05,3.4,3.6
2020-12-27,West Ham United,Brighton,2,2,1.3,1.1,2.3,3.4,3.1
2021-01-16,West Ham United,Burnley,1,0,1.7,0.5,1.8,3.5,4.75
2021-01-19,West Ham United,West Brom,2,1,2.0,0.5,1.57,4.2,5.5
2021-01-31,West Ham United,Liverpool,1,3,0.8,2.0,4.33,4.0,1.75
2021-02-15,West Ham United,Sheffield Utd,3,0,1.9,0.7,1.66,3.75,5.25
2021-02-21,West Ham United,Tottenham,2,1,1.1,1.1,2.62,3.4,2.7
2021-03-08,West Ham United,Leeds United,2,0,1.8,1.4,2.05,3.6,3.5
2021-03-21,West Ham United,Arsenal,3,3,2.4,1.4,2.8,3.5,2.45
2021-04-11,West Ham United,Leicester City,3,2,0.8,0.9,3.0,3.3,2.37
2021-04-24,West Ham United,Chelsea,0,1,0.4,2.5,4.75,3.6,1.75
2021-05-09,West Ham United,Everton,0,1,1.3,1.5,2.2,3.5,3.2
2021-05-23,West Ham United,Southampton,3,0,1.3,1.5,1.65,4.0,5.0
2021-08-23,West Ham United,Leicester City,4,1,2.3,0.6,2.5,3.5,2.75
2021-08-28,West Ham United,Crystal Palace,2,2,1.3,1.1,1.55,4.0,6.5
2021-09-19,West Ham United,Manchester Utd,1,2,1.6,2.0,4.33,4.0,1.75
2021-10-03,West Ham United,Brentford,1,2,1.5,1.2,1.75,3.75,4.75
2021-10-24,West Ham United,Tottenham,1,0,1.3,0.7,2.3,3.5,3.0
2021-11-07,West Ham United,Liverpool,3,2,1.0,1.2,4.75,4.0,1.7
2021-12-01,West Ham United,Brighton,1,1,1.3,1.3,1.95,3.6,3.8
2021-12-04,West Ham United,Chelsea,3,2,1.8,1.1,4.75,3.6,1.75
2021-12-26,West Ham United,Southampton,2,3,1.6,1.2,1.8,3.9,4.2
2022-01-12,West Ham United,Norwich City,2,0,2.5,0.3,1.28,5.5,10.0
2022-01-16,West Ham United,Leeds United,2,3,2.4,2.2,1.61,4.2,5.0
2022-02-08,West Ham United,Watford,1,0,0.8,0.3,1.55,4.2,5.75
2022-02-19,West Ham United,Newcastle Utd,1,1,0.6,0.8,1.7,4.0,4.75
2022-02-27,West Ham United,Wolves,1,0,1.8,0.7,2.05,3.3,3.8
2022-03-13,West Ham United,Aston Villa,2,1,1.2,1.1,2.25,3.3,3.3
2022-04-03,West Ham United,Everton,2,1,1.2,0.7,1.75,3.8,4.5
2022-04-17,West Ham United,Burnley,1,1,2.2,1.8,1.7,3.8,5.0
2022-05-01,West Ham United,Arsenal,1,2,0.5,0.9,4.33,3.8,1.8
2022-05-15,West Ham United,Manchester City,2,2,1.1,2.4,7.5,5.0,1.4
2022-08-07,West Ham United,Manchester City,0,2,0.5,2.2,8.0,5.0,1.36
2022-08-21,West Ham United,Brighton,0,2,0.8,1.7,2.3,3.4,3.1
2022-08-31,West Ham United,Tottenham,1,1,1.2,0.6,3.6,3.8,1.95
2022-10-01,West Ham United,Wolves,2,0,0.9,0.7,1.95,3.5,4.2
2022-10-09,West Ham United,Fulham,3,1,2.4,0.7,1.72,3.8,4.75
2022-10-24,West Ham United,Bournemouth,2,0,1.9,0.4,1.55,4.0,6.0
2022-11-06,West Ham United,Crystal Palace,1,2,0.3,1.0,1.9,3.4,4.2
2022-11-12,West Ham United,Leicester City,0,2,1.4,1.8,2.05,3.4,3.75
2022-12-30,West Ham United,Brentford,0,2,1.3,1.6,2.0,3.6,3.6
2023-01-21,West Ham United,Everton,2,0,2.2,0.5,1.8,3.75,4.75
2023-02-11,West Ham United,Chelsea,1,1,1.3,1.1,3.3,3.3,2.25
2023-02-25,West Ham United,Nott'ham Forest,4,0,2.7,0.4,1.75,3.6,5.0
2023-03-12,West Ham United,Aston Villa,1,1,2.1,1.5,2.2,3.3,3.4
2023-04-02,West Ham United,Southampton,1,0,1.4,0.3,1.73,3.6,5.0
2023-04-05,West Ham United,Newcastle Utd,1,5,1.0,3.3,3.6,3.25,2.15
2023-04-16,West Ham United,Arsenal,2,2,1.8,2.7,6.0,4.2,1.55
2023-04-26,West Ham United,Liverpool,1,2,0.8,1.9,3.9,3.9,1.85
2023-05-07,West Ham United,Manchester Utd,1,0,1.3,1.2,3.4,3.75,2.05
2023-05-21,West Ham United,Leeds United,3,1,2.1,0.9,2.4,3.5,2.88
2023-08-20,West Ham United,Chelsea,3,1,1.8,2.5,3.75,3.5,2.0
2023-09-16,West Ham United,Manchester City,1,3,0.9,3.6,7.0,4.5,1.45
2023-09-30,West Ham United,Sheffield Utd,2,0,2.1,1.1,1.45,4.5,7.0
2023-10-08,West Ham United,Newcastle Utd,2,2,1.2,2.0,3.2,3.75,2.1
2023-10-29,West Ham United,Everton,0,1,0.7,0.8,2.15,3.5,3.3
2023-11-12,West Ham United,Nott'ham Forest,3,2,1.8,1.7,1.85,3.6,4.0
2023-12-03,West Ham United,Crystal Palace,1,1,1.1,0.9,2.0,3.5,3.8
2023-12-17,West Ham United,Wolves,3,0,1.1,0.7,2.15,3.5,3.3
2023-12-23,West Ham United,Manchester Utd,2,0,1.2,1.0,2.6,3.6,2.6
2024-01-02,West Ham United,Brighton,0,0,0.7,2.3,2.45,3.75,2.75
2024-02-01,West Ham United,Bournemouth,1,1,1.4,1.2,2.4,3.75,2.75
2024-02-11,West Ham United,Arsenal,0,6,0.2,3.6,6.0,4.33,1.53
2024-02-26,West Ham United,Brentford,4,2,1.7,0.9,2.5,3.5,2.75
2024-03-10,West Ham United,Burnley,2,2,2.1,0.7,1.67,4.0,4.75
2024-03-17,West Ham United,Aston Villa,1,1,2.0,0.7,2.63,3.75,2.45
2024-04-02,West Ham United,Tottenham,1,1,1.5,1.0,3.3,4.2,1.95
2024-04-14,West Ham United,Fulham,0,2,0.9,3.2,2.38,3.6,2.8
2024-04-27,West Ham United,Liverpool,2,2,0.7,1.7,5.5,5.0,1.5
2024-05-11,West Ham United,Luton Town,3,1,3.2,0.3,1.8,4.2,3.8
2024-08-17,West Ham United,Aston Villa,1,2,2.3,2.0,2.45,3.6,2.75
2024-08-31,West Ham United,Manchester City,1,3,0.7,3.0,7.0,5.5,1.38
2024-09-21,West Ham United,Chelsea,0,3,0.9,2.2,3.6,3.9,1.95
2024-10-05,West Ham United,Ipswich Town,4,1,3.6,0.6,1.8,3.8,4.33
2024-10-27,West Ham United,Manchester Utd,2,1,2.8,2.3,2.88,3.75,2.3
2024-11-09,West Ham United,Everton,0,0,0.8,1.1,2.15,3.4,3.4
2024-11-30,West Ham United,Arsenal,2,5,1.5,3.5,7.0,4.5,1.45
2024-12-09,West Ham United,Wolves,2,1,1.0,1.4,1.9,3.9,3.75
2024-12-21,West Ham United,Brighton,1,1,1.2,0.9,2.88,3.7,2.35
2024-12-29,West Ham United,Liverpool,0,5,0.4,3.1,7.0,5.0,1.4
2025-01-14,West Ham United,Fulham,3,2,1.0,1.7,3.0,3.4,2.38
2025-01-18,West Ham United,Crystal Palace,0,2,0.3,1.3,2.6,3.5,2.63
2025-02-15,West Ham United,Brentford,0,1,0.8,1.6,2.35,3.6,2.88
2025-02-27,West Ham United,Leicester City,2,0,1.3,0.4,1.62,4.2,5.0
2025-03-10,West Ham United,Newcastle Utd,0,1,0.7,1.4,3.25,3.4,2.2
2025-04-05,West Ham United,Bournemouth,2,2,0.7,2.1,3.0,3.5,2.3
2025-04-19,West Ham United,Southampton,1,1,0.9,0.6,1.48,4.33,6.5
2025-05-04,West Ham United,Tottenham,1,1,0.8,0.8,2.1,3.7,3.25
2025-05-18,West Ham United,Nott'ham Forest,1,2,1.1,1.9,2.75,3.3,2.55
2020-09-21,Wolverhampton Wanderers,Manchester City,1,3,0.6,1.9,6.5,4.33,1.5
2020-10-04,Wolverhampton Wanderers,Fulham,1,0,1.2,0.9,1.5,4.0,7.5
2020-10-25,Wolverhampton Wanderers,Newcastle Utd,1,1,0.7,0.3,1.75,3.5,5.25
2020-10-30,Wolverhampton Wanderers,Crystal Palace,2,0,1.3,0.7,2.0,3.2,4.33
2020-11-23,Wolverhampton Wanderers,Southampton,1,1,1.5,1.0,2.3,3.25,3.25
2020-12-12,Wolverhampton Wanderers,Aston Villa,0,1,1.1,1.4,2.25,3.25,3.25
2020-12-15,Wolverhampton Wanderers,Chelsea,2,1,0.5,1.0,5.25,3.8,1.66
2020-12-27,Wolverhampton Wanderers,Tottenham,1,1,0.9,0.4,3.6,3.25,2.15
2021-01-12,Wolverhampton Wanderers,Everton,1,2,0.7,0.6,2.45,3.1,3.1
2021-01-16,Wolverhampton Wanderers,West Brom,2,3,1.5,2.4,1.6,3.5,7.0
2021-02-02,Wolverhampton Wanderers,Arsenal,2,1,1.5,0.8,3.6,3.3,2.1
2021-02-07,Wolverhampton Wanderers,Leicester City,0,0,1.1,0.8,3.5,3.4,2.1
2021-02-19,Wolverhampton Wanderers,Leeds United,1,0,0.6,1.7,2.37,3.3,3.0
2021-03-15,Wolverhampton Wanderers,Liverpool,0,1,1.1,0.9,4.75,3.75,1.72
2021-04-05,Wolverhampton Wanderers,West Ham,2,3,2.1,1.2,2.87,3.2,2.55
2021-04-17,Wolverhampton Wanderers,Sheffield Utd,1,0,1.1,0.5,1.66,3.5,5.75
2021-04-25,Wolverhampton Wanderers,Burnley,0,4,0.4,2.0,2.0,3.4,3.9
2021-05-09,Wolverhampton Wanderers,Brighton,2,1,1.1,0.3,3.3,3.3,2.2
2021-05-23,Wolverhampton Wanderers,Manchester Utd,1,2,0.9,2.0,2.5,3.5,2.7
2021-08-22,Wolverhampton Wanderers,Tottenham,0,1,1.7,1.7,3.2,3.2,2.35
2021-08-29,Wolverhampton Wanderers,Manchester Utd,0,1,2.1,0.6,5.0,3.5,1.75
2021-09-18,Wolverhampton Wanderers,Brentford,0,2,0.6,2.5,1.83,3.25,5.0
2021-10-02,Wolverhampton Wanderers,Newcastle Utd,2,1,1.0,0.6,1.61,4.2,5.25
2021-11-01,Wolverhampton Wanderers,Everton,2,1,1.7,1.5,2.2,3.2,3.5
2021-11-20,Wolverhampton Wanderers,West Ham,1,0,1.4,0.4,3.0,3.25,2.4
2021-12-01,Wolverhampton Wanderers,Burnley,0,0,0.7,0.2,1.85,3.5,4.33
2021-12-04,Wolverhampton Wanderers,Liverpool,0,1,0.1,2.7,8.0,4.75,1.4
2021-12-19,Wolverhampton Wanderers,Chelsea,0,0,0.2,0.9,7.0,4.2,1.5
2022-01-15,Wolverhampton Wanderers,Southampton,3,1,2.5,0.8,2.25,3.2,3.4
2022-02-10,Wolverhampton Wanderers,Arsenal,0,1,0.8,1.8,3.5,3.2,2.2
2022-02-20,Wolverhampton Wanderers,Leicester City,2,1,0.5,1.7,2.25,3.3,3.25
2022-03-05,Wolverhampton Wanderers,Crystal Palace,0,2,0.7,2.7,2.3,3.1,3.4
2022-03-10,Wolverhampton Wanderers,Watford,4,0,0.7,0.6,1.75,3.6,4.5
2022-03-18,Wolverhampton Wanderers,Leeds United,2,3,1.2,2.0,2.1,3.5,3.4
2022-04-02,Wolverhampton Wanderers,Aston Villa,2,1,1.3,2.1,3.0,3.1,2.55
2022-04-30,Wolverhampton Wanderers,Brighton,0,3,0.7,2.6,2.7,3.2,2.75
2022-05-11,Wolverhampton Wanderers,Manchester City,1,5,0.5,2.3,11.0,6.0,1.25
2022-05-15,Wolverhampton Wanderers,Norwich City,1,1,0.9,1.1,1.45,4.75,6.5
2022-08-13,Wolverhampton Wanderers,Fulham,0,0,0.9,1.5,2.3,3.3,3.2
2022-08-28,Wolverhampton Wanderers,Newcastle Utd,1,1,0.7,1.7,2.7,3.3,2.7
2022-09-03,Wolverhampton Wanderers,Southampton,1,0,0.8,1.2,2.2,3.4,3.25
2022-09-17,Wolverhampton Wanderers,Manchester City,0,3,0.4,1.1,9.5,5.0,1.33
2022-10-15,Wolverhampton Wanderers,Nott'ham Forest,1,0,1.3,1.5,1.7,3.75,5.0
2022-10-23,Wolverhampton Wanderers,Leicester City,0,4,2.1,0.9,2.25,3.25,3.25
2022-11-05,Wolverhampton Wanderers,Brighton,2,3,1.2,1.5,3.3,3.3,2.25
2022-11-12,Wolverhampton Wanderers,Arsenal,0,2,0.7,2.1,6.0,4.2,1.55
2022-12-31,Wolverhampton Wanderers,Manchester Utd,0,1,0.7,2.0,4.0,3.6,1.91
2023-01-14,Wolverhampton Wanderers,West Ham,1,0,0.9,1.1,2.63,3.3,2.7
2023-02-04,Wolverhampton Wanderers,Liverpool,3,0,2.0,1.8,4.0,3.8,1.85
2023-02-18,Wolverhampton Wanderers,Bournemouth,0,1,1.3,1.1,1.67,3.6,6.0
2023-03-04,Wolverhampton Wanderers,Tottenham,1,0,0.5,1.2,3.3,3.4,2.2
2023-03-18,Wolverhampton Wanderers,Leeds United,2,4,2.7,1.6,2.25,3.2,3.3
2023-04-08,Wolverhampton Wanderers,Chelsea,1,0,0.6,1.1,4.2,3.5,1.91
2023-04-15,Wolverhampton Wanderers,Brentford,2,0,0.8,1.1,2.45,3.1,3.0
2023-04-25,Wolverhampton Wanderers,Crystal Palace,2,0,1.4,0.8,2.45,3.2,3.0
2023-05-06,Wolverhampton Wanderers,Aston Villa,1,0,0.8,1.5,2.88,3.3,2.5
2023-05-20,Wolverhampton Wanderers,Everton,1,1,1.6,2.0,2.75,3.3,2.6
2023-08-19,Wolverhampton Wanderers,Brighton,1,4,2.1,2.2,4.0,3.8,1.85
2023-09-16,Wolverhampton Wanderers,Liverpool,1,3,0.6,2.5,6.0,5.0,1.45
2023-09-30,Wolverhampton Wanderers,Manchester City,2,1,0.4,0.9,8.0,5.75,1.33
2023-10-08,Wolverhampton Wanderers,Aston Villa,1,1,1.7,1.6,3.5,3.4,2.1
2023-10-28,Wolverhampton Wanderers,Newcastle Utd,2,2,0.9,2.2,4.2,4.0,1.75
2023-11-11,Wolverhampton Wanderers,Tottenham,2,1,2.1,0.7,3.1,3.75,2.2
2023-12-05,Wolverhampton Wanderers,Burnley,1,0,0.8,0.9,1.85,3.6,4.2
2023-12-09,Wolverhampton Wanderers,Nott'ham Forest,1,1,1.2,1.3,1.85,3.6,4.33
2023-12-24,Wolverhampton Wanderers,Chelsea,2,1,1.3,2.0,3.75,3.75,1.91
2023-12-30,Wolverhampton Wanderers,Everton,3,0,1.9,0.4,2.63,3.3,2.7
2024-02-01,Wolverhampton Wanderers,Manchester Utd,3,4,2.1,3.3,2.63,3.6,2.55
2024-02-10,Wolverhampton Wanderers,Brentford,0,2,1.0,1.9,2.1,3.6,3.4
2024-02-25,Wolverhampton Wanderers,Sheffield Utd,1,0,1.3,0.6,1.44,4.75,7.0
2024-03-09,Wolverhampton Wanderers,Fulham,2,1,0.8,2.6,2.5,3.4,2.75
2024-04-06,Wolverhampton Wanderers,West Ham,1,2,1.5,1.2,2.5,3.6,2.7
2024-04-20,Wolverhampton Wanderers,Arsenal,0,2,0.2,1.2,8.5,4.5,1.4
2024-04-24,Wolverhampton Wanderers,Bournemouth,0,1,0.5,1.9,2.7,3.6,2.5
2024-04-27,Wolverhampton Wanderers,Luton Town,2,1,1.2,0.6,1.95,3.8,3.6
2024-05-11,Wolverhampton Wanderers,Crystal Palace,1,3,1.6,2.6,2.88,3.5,2.38
2024-08-25,Wolverhampton Wanderers,Chelsea,2,6,1.9,1.6,4.33,4.0,1.75
2024-09-15,Wolverhampton Wanderers,Newcastle Utd,1,2,1.2,1.5,3.4,3.5,2.1
2024-09-28,Wolverhampton Wanderers,Liverpool,1,2,0.6,2.5,8.0,5.75,1.33
2024-10-20,Wolverhampton Wanderers,Manchester City,1,2,0.8,1.6,8.0,6.0,1.33
2024-11-02,Wolverhampton Wanderers,Crystal Palace,2,2,1.5,2.4,2.5,3.4,2.88
2024-11-09,Wolverhampton Wanderers,Southampton,2,0,1.3,0.6,1.91,3.75,3.75
2024-11-30,Wolverhampton Wanderers,Bournemouth,2,4,0.5,3.3,2.8,3.6,2.4
2024-12-14,Wolverhampton Wanderers,Ipswich Town,1,2,1.3,1.1,1.9,3.8,3.8
2024-12-26,Wolverhampton Wanderers,Manchester Utd,2,0,0.9,0.4,3.9,3.7,1.91
2025-01-06,Wolverhampton Wanderers,Nott'ham Forest,0,3,1.5,2.1,3.3,3.2,2.3
2025-01-25,Wolverhampton Wanderers,Arsenal,0,1,0.7,1.0,7.0,4.5,1.45
2025-02-01,Wolverhampton Wanderers,Aston Villa,2,0,1.6,0.4,3.3,3.6,2.1
2025-02-25,Wolverhampton Wanderers,Fulham,1,2,1.3,1.7,2.63,3.3,2.63
2025-03-08,Wolverhampton Wanderers,Everton,1,1,0.8,1.2,2.6,3.1,2.88
2025-04-01,Wolverhampton Wanderers,West Ham,1,0,1.2,1.3,2.5,3.2,2.9
2025-04-13,Wolverhampton Wanderers,Tottenham,4,2,2.4,2.0,2.2,3.6,3.1
2025-04-26,Wolverhampton Wanderers,Leicester City,3,0,2.0,1.1,1.5,4.2,6.25
2025-05-10,Wolverhampton Wanderers,Brighton,0,2,0.9,1.6,2.7,3.5,2.5
2025-05-25,Wolverhampton Wanderers,Brentford,1,1,1.0,1.4,2.7,3.7,2.45
