Date,HomeTeam,AwayTeam,model_prob,implied_prob,edge,ev_multiplier,expected_value,realized_profit,edge_decile,profit_decile,bucket_mismatch,edge_realization,closing_odds,closing_source,clv_odds_ratio
2020-09-12,Crystal Palace,Southampton,0.5551668692104486,0.3225806451612903,0.23258622404915824,1.7210172945523905,0.7210172945523905,2.1,9,3,6,1.3789827054476096,3.0,B365CH_historico,1.0333333333333334
2020-09-12,Fulham,Arsenal,0.5551668692104486,0.16666666666666666,0.3885002025437819,3.3310012152626913,2.3310012152626913,-1.0,9,0,9,-3.3310012152626913,5.0,B365CH_historico,1.2
2020-09-12,West Ham United,Newcastle Utd,0.5551668692104486,0.46511627906976744,0.09005059014068112,1.1936087688024644,0.19360876880246436,-1.0,3,0,3,-1.1936087688024644,2.0200656406678212,synthetic_drift,1.0643218501004865
2020-09-14,Brighton And Hove Albion,Chelsea,0.5551668692104486,0.2,0.35516686921044854,2.7758343460522426,1.7758343460522426,-1.0,9,0,9,-2.7758343460522426,4.0,synthetic_drift,1.25
2020-09-14,Sheffield United,Wolves,0.5551668692104486,0.3076923076923077,0.24747456151814085,1.8042923249339577,0.8042923249339577,-1.0,9,0,9,-1.8042923249339577,3.2,B365CH_historico,1.015625
2020-09-20,Chelsea,Liverpool,0.5680691849036706,0.3225806451612903,0.24548853974238033,1.761014473201379,0.761014473201379,-1.0,9,0,9,-1.761014473201379,3.4,B365CH_historico,0.911764705882353
2020-09-20,Newcastle United,Brighton,0.5551668692104486,0.3846153846153846,0.17055148459506397,1.4434338599471663,0.44343385994716633,-1.0,7,0,7,-1.4434338599471663,2.3176572278612713,synthetic_drift,1.1218224889964743
2020-09-20,Southampton,Tottenham,0.5418982866846404,0.3333333333333333,0.20856495335130704,1.6256948600539212,0.6256948600539212,-1.0,8,0,8,-1.6256948600539212,3.3,B365CH_historico,0.9090909090909092
2020-09-21,Aston Villa,Sheffield Utd,0.5551668692104486,0.37037037037037035,0.1847964988400782,1.4989505468682112,0.49895054686821116,1.7000000000000002,8,3,5,1.201049453131789,2.385164279935376,synthetic_drift,1.1319974991714845
2020-09-21,Wolverhampton Wanderers,Manchester City,0.5551668692104486,0.15384615384615385,0.4013207153642947,3.6085846498679155,2.6085846498679155,-1.0,9,0,9,-3.6085846498679155,5.2,synthetic_drift,1.25
2020-09-26,Crystal Palace,Everton,0.5519454810964729,0.26666666666666666,0.28527881442980624,2.0697955541117734,1.0697955541117734,-1.0,9,0,9,-2.0697955541117734,3.5,B365CH_historico,1.0714285714285714
2020-09-26,Brighton And Hove Albion,Manchester Utd,0.5288625767818458,0.21052631578947367,0.3183362609923721,2.5120972397137673,1.5120972397137673,-1.0,9,0,9,-2.5120972397137673,3.8700225043027943,synthetic_drift,1.22738304356598
2020-09-26,Burnley,Southampton,0.5795130276207365,0.3125,0.26701302762073653,1.854441688386357,0.854441688386357,-1.0,9,0,9,-1.854441688386357,3.3,B365CH_historico,0.9696969696969698
2020-09-27,Sheffield United,Leeds United,0.5294537739394868,0.37037037037037035,0.15908340356911643,1.4295251896366143,0.42952518963661435,-1.0,7,0,7,-1.4295251896366143,2.4245014675588696,synthetic_drift,1.113631002549369
2020-09-27,West Ham United,Wolves,0.5023970035839196,0.2777777777777778,0.2246192258061418,1.8086292129021107,0.8086292129021107,2.6,8,3,5,1.7913707870978894,3.10226539237164,synthetic_drift,1.160442304147244
2020-09-28,Fulham,Aston Villa,0.4957581326880569,0.3448275862068966,0.15093054648116033,1.437698584795365,0.43769858479536494,-1.0,6,0,6,-1.437698584795365,3.0,B365CH_historico,0.9666666666666667
2020-10-03,Leeds United,Manchester City,0.5773681089212238,0.13333333333333333,0.4440347755878905,4.3302608169091785,3.3302608169091785,-1.0,9,0,9,-4.3302608169091785,6.0,synthetic_drift,1.25
2020-10-03,Newcastle United,Burnley,0.5603433344079715,0.4166666666666667,0.14367666774130478,1.3448240025791314,0.3448240025791314,1.4,6,2,4,1.0551759974208685,2.1766216139784795,synthetic_drift,1.1026261912437891
2020-10-04,Aston Villa,Liverpool,0.5365882172229198,0.1,0.43658821722291985,5.365882172229198,4.365882172229198,9.0,9,3,6,4.634117827770802,6.5,B365CH_historico,1.5384615384615385
2020-10-17,Everton,Liverpool,0.6069626674788942,0.26666666666666666,0.3402960008122275,2.276110003045853,1.276110003045853,-1.0,9,0,9,-2.276110003045853,4.2,B365CH_historico,0.8928571428571428
2020-10-17,Newcastle United,Manchester Utd,0.5269881903097695,0.21052631578947367,0.31646187452029584,2.5031939039714053,1.5031939039714053,-1.0,9,0,9,-2.5031939039714053,3.874248591660967,synthetic_drift,1.2260441960859256
2020-10-18,Sheffield United,Fulham,0.5996375131420839,0.47619047619047616,0.12344703695160775,1.2592387775983762,0.2592387775983762,-1.0,5,0,5,-1.2592387775983762,2.25,B365CH_historico,0.9333333333333333
2020-10-18,Crystal Palace,Brighton,0.5318621946466016,0.38167938931297707,0.1501828053336245,1.393478949974096,0.39347894997409605,-1.0,6,0,6,-1.393478949974096,3.0,B365CH_historico,0.8733333333333334
2020-10-19,Leeds United,Wolves,0.5751048600746463,0.4,0.17510486007464632,1.4377621501866158,0.4377621501866158,-1.0,7,0,7,-1.4377621501866158,2.2220742813491987,synthetic_drift,1.125074900053319
2020-10-23,Aston Villa,Leeds United,0.6501416714357086,0.48780487804878053,0.16233679338692802,1.3327904264432024,0.33279042644320245,-1.0,7,0,7,-1.3327904264432024,1.8369918779024852,synthetic_drift,1.1159548524192342
2020-10-24,Fulham,Crystal Palace,0.4831520135277216,0.36363636363636365,0.11951564989135793,1.3286680372012343,0.3286680372012343,-1.0,5,0,5,-1.3286680372012343,2.5,B365CH_historico,1.1
2020-10-24,Manchester United,Chelsea,0.4628820454459466,0.42194092827004215,0.04094111717590443,1.0970304477068935,0.09703044770689351,-1.0,1,0,1,-1.0970304477068935,2.3026617538008334,synthetic_drift,1.029243655125646
2020-10-24,West Ham United,Manchester City,0.5527715255535682,0.125,0.42777152555356823,4.422172204428546,3.422172204428546,-1.0,9,0,9,-4.422172204428546,6.4,synthetic_drift,1.25
2020-10-25,Arsenal,Leicester City,0.5741281123306109,0.5263157894736842,0.047812322856926714,1.0908434134281606,0.0908434134281606,-1.0,1,0,1,-1.0908434134281606,1.8372547035316689,synthetic_drift,1.0341516591835191
2020-10-25,Southampton,Everton,0.477734114308497,0.36363636363636365,0.11409775067213335,1.3137688143483668,0.3137688143483668,1.75,4,3,1,1.4362311856516332,3.0,B365CH_historico,0.9166666666666666
2020-10-26,Burnley,Tottenham,0.4249790660171127,0.17391304347826086,0.25106602253885185,2.443629629598398,1.443629629598398,-1.0,9,0,9,-2.443629629598398,5.75,B365CH_historico,1.0
2020-10-30,Wolverhampton Wanderers,Crystal Palace,0.5370804420531025,0.5,0.03708044205310246,1.074160884106205,0.07416088410620492,1.0,0,2,-2,0.9258391158937951,1.9483947579160883,synthetic_drift,1.0264860300379304
2020-10-31,Sheffield United,Manchester City,0.49561022629074664,0.10526315789473684,0.3903470683960098,4.708297149762093,3.7082971497620933,-1.0,9,0,9,-4.708297149762093,7.6,synthetic_drift,1.25
2020-10-31,Burnley,Chelsea,0.45661439665671766,0.16666666666666666,0.28994772999005103,2.7396863799403057,1.7396863799403057,-1.0,9,0,9,-2.7396863799403057,5.5,B365CH_historico,1.0909090909090908
2020-11-01,Aston Villa,Southampton,0.5877374859282135,0.4081632653061224,0.1795742206220911,1.4399568405241232,0.4399568405241232,-1.0,7,0,7,-1.4399568405241232,2.6,B365CH_historico,0.9423076923076923
2020-11-01,Newcastle United,Everton,0.4616834028409091,0.27027027027027023,0.19141313257063886,1.7082285905113637,0.7082285905113637,2.7,8,3,5,1.9917714094886365,3.2549687406642493,synthetic_drift,1.136723666121885
2020-11-02,Fulham,West Brom,0.5016971080420557,0.4166666666666667,0.08503044137538901,1.2040730593009337,0.20407305930093367,1.4,3,2,1,1.1959269406990662,2.4,B365CH_historico,1.0
2020-11-02,Leeds United,Leicester City,0.5687417571874153,0.4,0.16874175718741524,1.421854392968538,0.4218543929685381,-1.0,7,0,7,-1.421854392968538,2.231087420197906,synthetic_drift,1.1205298265624395
2020-11-06,Brighton And Hove Albion,Burnley,0.6085778643033046,0.5405405405405405,0.06803732376276417,1.1258690489611136,0.12586904896111362,-1.0,2,0,2,-1.1258690489611136,1.7642603209579881,synthetic_drift,1.0485980884019743
2020-11-06,Southampton,Newcastle Utd,0.5668374191379605,0.5,0.06683741913796049,1.133674838275921,0.13367483827592097,1.0,2,2,0,0.866325161724079,1.908868674515762,synthetic_drift,1.0477410136699719
2020-11-07,Crystal Palace,Leeds United,0.5367450374822157,0.3484320557491289,0.1883129817330868,1.5404582575739592,0.5404582575739592,1.87,8,3,5,1.329541742426041,2.5297281116570374,synthetic_drift,1.1345092726664905
2020-11-07,Everton,Manchester Utd,0.541017134436178,0.3448275862068966,0.19618954822928147,1.5689496898649162,0.5689496898649162,-1.0,8,0,8,-1.5689496898649162,2.5435575646413198,synthetic_drift,1.140135391592344
2020-11-07,West Ham United,Fulham,0.6326220744727308,0.5464480874316939,0.08617398704103685,1.1576983962850973,0.1576983962850973,0.8300000000000001,3,1,2,0.6723016037149028,1.7238896807102149,synthetic_drift,1.0615528478864549
2020-11-08,Manchester City,Liverpool,0.5280852474432851,0.5128205128205129,0.015264734622772225,1.029766232514406,0.02976623251440591,-1.0,0,0,0,-1.029766232514406,1.9289677282375441,synthetic_drift,1.0109033818734088
2020-11-08,Leicester City,Wolves,0.5993248917130206,0.4347826086956522,0.1645422830173684,1.3784472509399472,0.37844725093994724,1.2999999999999998,7,2,5,0.9215527490600526,2.058109924514104,synthetic_drift,1.117530202155263
2020-11-21,Tottenham Hotspur,Manchester City,0.5252058253907897,0.25,0.27520582539078975,2.100823301563159,1.100823301563159,3.0,9,3,6,1.899176698436841,3.3428728071033538,synthetic_drift,1.1965755895648498
2020-11-21,Newcastle United,Chelsea,0.45211514553308824,0.15384615384615385,0.2982689916869344,2.9387484459650737,1.9387484459650737,-1.0,9,0,9,-2.9387484459650737,5.358397311936277,synthetic_drift,1.2130492797763817
2020-11-21,Aston Villa,Brighton,0.6221552761748445,0.46511627906976744,0.15703899710507702,1.3376338437759154,0.33763384377591543,-1.0,7,0,7,-1.3376338437759154,2.3,B365CH_historico,0.9347826086956522
2020-11-22,Fulham,Everton,0.46236539500901347,0.25641025641025644,0.20595513859875703,1.8032250405351524,0.8032250405351524,-1.0,8,0,8,-1.8032250405351524,4.2,B365CH_historico,0.9285714285714285
2020-11-22,Leeds United,Arsenal,0.5399127386762891,0.3333333333333333,0.20657940534295577,1.6197382160288671,0.6197382160288671,-1.0,8,0,8,-1.6197382160288671,2.614249869027437,synthetic_drift,1.1475567181021114
2020-11-22,Sheffield United,West Ham,0.4810778340648344,0.3333333333333333,0.14774450073150108,1.443233502194503,0.4432335021945031,-1.0,6,0,6,-1.443233502194503,3.1,B365CH_historico,0.9677419354838709
2020-11-23,Burnley,Crystal Palace,0.4514045385299163,0.36363636363636365,0.08776817489355265,1.2413624809572699,0.24136248095726986,1.75,3,3,0,1.5086375190427301,2.6,B365CH_historico,1.0576923076923077
2020-11-23,Wolverhampton Wanderers,Southampton,0.5021822096387112,0.4347826086956522,0.06739960094305897,1.1550190821690356,0.1550190821690356,-1.0,2,0,2,-1.1550190821690356,2.1943579635230854,synthetic_drift,1.048142572102185
2020-11-27,Crystal Palace,Newcastle Utd,0.5407229000825121,0.48780487804878053,0.05291802203373158,1.1084819451691497,0.10848194516914966,-1.0,1,0,1,-1.1084819451691497,1.9753351231631764,synthetic_drift,1.037798587166951
2020-11-28,Brighton And Hove Albion,Liverpool,0.4224648834313333,0.18181818181818182,0.2406467016131515,2.323556858872333,1.3235568588723332,-1.0,9,0,9,-2.323556858872333,4.693271252384223,synthetic_drift,1.1718905011522511
2020-11-28,Everton,Leeds United,0.6053362010846274,0.5128205128205129,0.09251568826411449,1.1804055921150234,0.18040559211502338,-1.0,3,0,3,-1.1804055921150234,1.8291265019633758,synthetic_drift,1.0660826344743675
2020-11-29,Southampton,Manchester Utd,0.5420483881151108,0.25,0.2920483881151108,2.168193552460443,1.1681935524604432,-1.0,9,0,9,-2.168193552460443,3.3095980229254707,synthetic_drift,1.2086059915107934
2020-11-29,Chelsea,Tottenham,0.5678794737139983,0.48780487804878053,0.08007459566521774,1.1641529211136963,0.16415292111369628,-1.0,3,0,3,-1.1641529211136963,1.95,B365CH_historico,1.0512820512820513
2020-11-29,Arsenal,Wolves,0.5470964908699469,0.48780487804878053,0.059291612821166406,1.1215478062833912,0.12154780628339124,-1.0,2,0,2,-1.1215478062833912,2.05,B365CH_historico,1.0
2020-11-30,Leicester City,Fulham,0.6846712684604959,0.6666666666666666,0.018004601793829234,1.0270069026907438,0.027006902690743795,-1.0,0,0,0,-1.0270069026907438,1.4809542912226246,synthetic_drift,1.012860429852735
2020-11-30,West Ham United,Aston Villa,0.5214749451529435,0.4444444444444444,0.07703050070849904,1.173318626594123,0.1733186265941229,1.25,2,2,0,1.076681373405877,2.132657381475206,synthetic_drift,1.0550217862203564
2020-12-05,Burnley,Everton,0.4451991500055147,0.25,0.1951991500055147,1.7807966000220588,0.7807966000220588,-1.0,8,0,8,-1.7807966000220588,3.6,B365CH_historico,1.1111111111111112
2020-12-05,West Ham United,Manchester Utd,0.49705811127578065,0.2777777777777778,0.21928033349800286,1.7894092005928104,0.7894092005928104,-1.0,8,0,8,-1.7894092005928104,3.112493800942106,synthetic_drift,1.1566288096414306
2020-12-06,Sheffield United,Leicester City,0.46093154213223575,0.2631578947368421,0.19777364739539366,1.7515398601024958,0.7515398601024958,-1.0,8,0,8,-1.7515398601024958,3.329633085808107,synthetic_drift,1.1412668909967099
2020-12-06,Tottenham Hotspur,Arsenal,0.600876152992141,0.5128205128205129,0.08805564017162815,1.171708498334675,0.17170849833467505,0.95,3,1,2,0.7782915016653249,1.8346088185823008,synthetic_drift,1.0628968858368772
2020-12-07,Brighton And Hove Albion,Southampton,0.4651566318244523,0.4081632653061224,0.056993366518329924,1.1396337479699084,0.13963374796990835,-1.0,1,0,1,-1.1396337479699084,2.354163085997035,synthetic_drift,1.0407095475130927
2020-12-11,Leeds United,West Ham,0.5000219276263022,0.46511627906976744,0.03490564855653472,1.0750471443965497,0.07504714439654969,-1.0,0,0,0,-1.0750471443965497,2.097698899595214,synthetic_drift,1.0249326061118105
2020-12-12,Newcastle United,West Brom,0.5869588645648701,0.4081632653061224,0.17879559925874772,1.438049218183932,0.43804921818393194,1.4500000000000002,7,2,5,1.0119507818160682,2.172542159105588,synthetic_drift,1.1277111423276769
2020-12-12,Wolverhampton Wanderers,Aston Villa,0.5256529844268233,0.4444444444444444,0.08120853998237887,1.1827192149603525,0.18271921496035248,-1.0,3,0,3,-1.1827192149603525,2.1266418029411804,synthetic_drift,1.0580060999874135
2020-12-12,Everton,Chelsea,0.445981398601859,0.23094688221709006,0.21503451638476892,1.9310994559460495,0.9310994559460495,3.33,8,3,5,2.3989005440539506,4.5,B365CH_historico,0.9622222222222222
2020-12-12,Manchester United,Manchester City,0.4430190973907231,0.23094688221709006,0.21207221517363303,1.9182726917018311,0.9182726917018311,-1.0,8,0,8,-1.9182726917018311,3.760377446457679,synthetic_drift,1.1514801536954522
2020-12-13,Crystal Palace,Tottenham,0.4352589377375096,0.2222222222222222,0.2130367155152874,1.9586652198187933,0.9586652198187933,-1.0,8,0,8,-1.9586652198187933,4.0,B365CH_historico,1.125
2020-12-13,Fulham,Liverpool,0.3574075137426889,0.1111111111111111,0.24629640263157782,3.2166676236842004,2.2166676236842004,-1.0,9,0,9,-3.2166676236842004,8.0,B365CH_historico,1.125
2020-12-13,Leicester City,Brighton,0.568049357085618,0.5,0.06804935708561799,1.136098714171236,0.13609871417123598,1.0,2,2,0,0.863901285828764,1.907292821243136,synthetic_drift,1.0486066836325842
2020-12-13,Southampton,Sheffield Utd,0.6657624611066861,0.5882352941176471,0.07752716698903905,1.1317961838813664,0.13179618388136638,0.7,2,1,1,0.5682038161186336,1.6107994852304843,synthetic_drift,1.0553765478493136
2020-12-15,Wolverhampton Wanderers,Chelsea,0.4527349978694074,0.19047619047619047,0.26225880739321694,2.3768587388143887,1.3768587388143887,4.25,9,3,6,2.8731412611856113,4.421694123267361,synthetic_drift,1.1873277195665835
2020-12-16,Fulham,Brighton,0.47343737189044355,0.3484320557491289,0.12500531614131466,1.358765257325573,0.3587652573255731,-1.0,5,0,5,-1.358765257325573,3.0,B365CH_historico,0.9566666666666667
2020-12-16,Leicester City,Everton,0.5949234995731355,0.46511627906976744,0.12980722050336807,1.2790855240822412,0.2790855240822412,-1.0,5,0,5,-1.2790855240822412,1.9675681743805529,synthetic_drift,1.0927194432166916
2020-12-16,West Ham United,Crystal Palace,0.5926834235453229,0.48780487804878053,0.10487854549654235,1.2150010182679118,0.21500101826791185,-1.0,4,0,4,-1.2150010182679118,1.907130650901152,synthetic_drift,1.0749132467832445
2020-12-17,Aston Villa,Burnley,0.6849425332072283,0.5714285714285714,0.11351396177865691,1.1986494331126496,0.1986494331126496,-1.0,4,0,4,-1.1986494331126496,1.83,B365CH_historico,0.9562841530054644
2020-12-17,Sheffield United,Manchester Utd,0.35598810152788696,0.14285714285714285,0.2131309586707441,2.4919167106952087,1.4919167106952087,-1.0,8,0,8,-2.4919167106952087,6.075142224085401,synthetic_drift,1.1522363990505315
2020-12-19,Southampton,Manchester City,0.590569911576175,0.14285714285714285,0.44771276871903215,4.133989381033225,3.133989381033225,-1.0,9,0,9,-4.133989381033225,5.6,synthetic_drift,1.25
2020-12-19,Newcastle United,Fulham,0.6043973753176107,0.4,0.2043973753176107,1.5109934382940269,0.5109934382940269,-1.0,8,0,8,-1.5109934382940269,2.1815044413838756,synthetic_drift,1.1459981252268647
2020-12-19,Crystal Palace,Liverpool,0.41587631873041186,0.15384615384615385,0.262030164884258,2.7031960717476773,1.7031960717476773,-1.0,9,0,9,-2.7031960717476773,5.25,B365CH_historico,1.2380952380952381
2020-12-19,Everton,Arsenal,0.6571985984171923,0.4081632653061224,0.2490353331110699,1.6101365661221212,0.6101365661221212,1.4500000000000002,9,2,7,0.839863433877879,2.62,B365CH_historico,0.935114503816794
2020-12-20,Tottenham Hotspur,Leicester City,0.5634521103190775,0.48780487804878053,0.07564723227029696,1.1550768261541087,0.15507682615410867,-1.0,2,0,2,-1.1550768261541087,1.9449092826775938,synthetic_drift,1.0540337373359263
2020-12-21,Burnley,Wolves,0.49020227147095236,0.2857142857142857,0.20448798575666666,1.7157079501483332,0.7157079501483332,2.5,8,3,5,1.7842920498516668,3.4,B365CH_historico,1.0294117647058825
2020-12-26,Arsenal,Chelsea,0.38381565945063273,0.25,0.13381565945063273,1.535262637802531,0.5352626378025309,3.0,6,3,3,2.464737362197469,4.75,B365CH_historico,0.8421052631578947
2020-12-26,Aston Villa,Crystal Palace,0.6582840687774107,0.5263157894736842,0.13196827930372657,1.2507397306770804,0.25073973067708044,0.8999999999999999,5,1,4,0.6492602693229195,1.8,B365CH_historico,1.0555555555555556
2020-12-26,Fulham,Southampton,0.41653447651868575,0.3125,0.10403447651868575,1.3329103248597944,0.33291032485979444,-1.0,4,0,4,-1.3329103248597944,2.87,B365CH_historico,1.1149825783972125
2020-12-26,Leicester City,Manchester Utd,0.4878918950298526,0.3448275862068966,0.143064308822956,1.4148864955865725,0.41488649558657253,-1.0,6,0,6,-1.4148864955865725,2.6311281887512217,synthetic_drift,1.102188792016397
2020-12-26,Sheffield United,Everton,0.3997123430633478,0.23809523809523808,0.16161710496810971,1.678791840866061,0.6787918408660609,-1.0,7,0,7,-1.678791840866061,3.4,B365CH_historico,1.2352941176470589
2020-12-27,West Ham United,Brighton,0.5667297352269693,0.4347826086956522,0.13194712653131713,1.3034783910220293,0.30347839102202934,-1.0,5,0,5,-1.3034783910220293,2.101900218508732,synthetic_drift,1.0942479475223694
2020-12-27,Wolverhampton Wanderers,Tottenham,0.49154123963034707,0.2777777777777778,0.21376346185256928,1.7695484626692495,0.7695484626692495,-1.0,8,0,8,-1.7695484626692495,3.123134287731473,synthetic_drift,1.1526881870375494
2020-12-28,Crystal Palace,Leicester City,0.4142230747729375,0.26666666666666666,0.14755640810627085,1.5533365303985156,0.5533365303985156,-1.0,6,0,6,-1.5533365303985156,3.39244500071204,synthetic_drift,1.105397434361622
2020-12-29,Brighton And Hove Albion,Arsenal,0.5340408309924133,0.3076923076923077,0.22634852330010558,1.7356327007253431,0.7356327007253431,-1.0,9,0,9,-1.7356327007253431,2.79767831729411,synthetic_drift,1.1616775166429325
2020-12-29,Burnley,Sheffield Utd,0.5551680264866001,0.42194092827004215,0.13322709821655798,1.3157482227732424,0.31574822277324244,1.37,5,2,3,1.0542517772267577,2.1640629779238063,synthetic_drift,1.095162213011827
2020-12-29,Southampton,West Ham,0.5898241434031986,0.47619047619047616,0.11363366721272239,1.238630701146717,0.23863070114671703,-1.0,4,0,4,-1.238630701146717,2.0,B365CH_historico,1.05
2020-12-30,Newcastle United,Liverpool,0.37649475851918784,0.08333333333333333,0.29316142518585453,4.517937102230254,3.5179371022302544,-1.0,9,0,9,-4.517937102230254,9.922267156633279,synthetic_drift,1.2094010179898962
2021-01-01,Everton,West Ham,0.6009423209419477,0.47619047619047616,0.1247518447514715,1.2619788739780902,0.26197887397809017,-1.0,5,0,5,-1.2619788739780902,2.2,B365CH_historico,0.9545454545454545
2021-01-02,Brighton And Hove Albion,Wolves,0.5175653157918861,0.38167938931297707,0.13588592647890907,1.3560211273747418,0.3560211273747418,-1.0,6,0,6,-1.3560211273747418,2.3881981967300545,synthetic_drift,1.0970613760563637
2021-01-02,Crystal Palace,Sheffield Utd,0.5633100861132752,0.5128205128205129,0.05048957329276227,1.0984546679208864,0.09845466792088642,0.95,1,1,0,0.8515453320791135,1.8821231467404596,synthetic_drift,1.0360639809234016
2021-01-02,Tottenham Hotspur,Leeds United,0.5990320726036211,0.5714285714285714,0.027603501175049727,1.048306127056337,0.04830612705633697,0.75,0,1,-1,0.701693872943663,1.7161627846831584,synthetic_drift,1.019716786553607
2021-01-03,Chelsea,Manchester City,0.5505521748393782,0.3333333333333333,0.21721884150604492,1.6516565245181347,0.6516565245181347,-1.0,8,0,8,-1.6516565245181347,2.5970511177625935,synthetic_drift,1.1551563153614606
2021-01-03,Newcastle United,Leicester City,0.4656040543372626,0.19047619047619047,0.27512786386107213,2.4444212852706286,1.4444212852706286,-1.0,9,0,9,-2.4444212852706286,4.387724757355942,synthetic_drift,1.1965199027579088
2021-01-04,Southampton,Liverpool,0.4699147028253721,0.2,0.2699147028253721,2.3495735141268606,1.3495735141268606,4.0,9,3,6,2.6504264858731394,5.75,B365CH_historico,0.8695652173913043
2021-01-12,Burnley,Manchester Utd,0.37208107323816014,0.14285714285714285,0.2292239303810173,2.604567512667121,1.604567512667121,-1.0,9,0,9,-2.604567512667121,6.015133842103663,synthetic_drift,1.163731378843584
2021-01-12,Sheffield United,Newcastle Utd,0.459960747995132,0.4081632653061224,0.05179748268900958,1.1269038325880734,0.12690383258807336,1.4500000000000002,1,2,-1,1.3230961674119268,2.362588474562566,synthetic_drift,1.0369982019207211
2021-01-12,Wolverhampton Wanderers,Everton,0.5130351691005065,0.4081632653061224,0.1048719037943841,1.256936164296241,0.2569361642962411,-1.0,4,0,4,-1.256936164296241,2.279263764146037,synthetic_drift,1.0749085027102743
2021-01-16,Fulham,Chelsea,0.4396584780276906,0.15384615384615385,0.28581232418153674,2.857780107179989,1.8577801071799889,-1.0,9,0,9,-2.857780107179989,6.5,B365CH_historico,1.0
2021-01-16,Leeds United,Brighton,0.5131163603725531,0.47619047619047616,0.036925884182076985,1.0775443567823617,0.07754435678236171,-1.0,0,0,0,-1.0775443567823617,2.046034546641561,synthetic_drift,1.0263756315586263
2021-01-16,West Ham United,Burnley,0.6270653078351195,0.5555555555555556,0.07150975227956391,1.128717554103215,0.12871755410321506,0.8,2,1,1,0.671282445896785,1.7125268766287045,synthetic_drift,1.0510783944854027
2021-01-17,Liverpool,Manchester Utd,0.5389001424724112,0.5128205128205129,0.02607962965189836,1.050855277821202,0.050855277821201916,-1.0,0,0,0,-1.050855277821202,1.91433910367711,synthetic_drift,1.018628306894213
2021-01-17,Sheffield United,Tottenham,0.38970024834329803,0.16,0.22970024834329802,2.435626552145613,1.4356265521456129,-1.0,9,0,9,-2.435626552145613,4.5,B365CH_historico,1.3888888888888888
2021-01-19,Leicester City,Chelsea,0.5863218204779088,0.3484320557491289,0.23788976472877993,1.6827436247715983,0.6827436247715983,1.87,9,3,6,1.1872563752284018,2.4531565472389074,synthetic_drift,1.1699212605205571
2021-01-20,Fulham,Manchester Utd,0.33906734798965327,0.16666666666666666,0.1724006813229866,2.0344040879379195,1.0344040879379195,-1.0,7,0,7,-2.0344040879379195,5.342149809380906,synthetic_drift,1.1231433438021332
2021-01-26,Newcastle United,Leeds United,0.5776444933675372,0.25641025641025644,0.32123423695728076,2.252813524133395,1.252813524133395,-1.0,9,0,9,-2.252813524133395,3.1721423399362183,synthetic_drift,1.2294530263980576
2021-01-26,Southampton,Arsenal,0.6012534282525809,0.2857142857142857,0.3155391425382952,2.104386998884033,1.1043869988840331,-1.0,9,0,9,-2.104386998884033,3.5,B365CH_historico,1.0
2021-01-26,Crystal Palace,West Ham,0.4395704721323086,0.3225806451612903,0.11698982697101828,1.3626684636101567,0.3626684636101567,-1.0,5,0,5,-1.3626684636101567,3.5,B365CH_historico,0.8857142857142858
2021-01-27,Brighton And Hove Albion,Fulham,0.5703444968227128,0.48780487804878053,0.08253961877393229,1.1692062184865613,0.16920621848656126,-1.0,3,0,3,-1.1692062184865613,1.9358673209512636,synthetic_drift,1.0589568705528087
2021-01-27,Burnley,Aston Villa,0.44173685456579603,0.2631578947368421,0.17857895982895394,1.6786000473500249,0.6786000473500249,2.8,7,3,4,2.121399952649975,4.2,B365CH_historico,0.9047619047619047
2021-01-27,Everton,Leicester City,0.512630667280322,0.35714285714285715,0.15548781013746488,1.4353658683849015,0.43536586838490154,-1.0,7,0,7,-1.4353658683849015,2.5201097523570906,synthetic_drift,1.1110627215267606
2021-01-28,Tottenham Hotspur,Liverpool,0.48913534755328975,0.3125,0.17663534755328975,1.5652331121705272,0.5652331121705272,-1.0,7,0,7,-1.5652331121705272,2.8414940759461675,synthetic_drift,1.126168105395207
2021-01-30,Arsenal,Manchester Utd,0.4341841230090582,0.35714285714285715,0.07704126586620103,1.215715544425363,0.2157155444253629,-1.0,2,0,2,-1.215715544425363,2.653954287256248,synthetic_drift,1.055029475618715
2021-01-30,Crystal Palace,Wolves,0.5008945015786321,0.3484320557491289,0.15246244582950325,1.4375672195306743,0.43756721953067435,1.87,6,3,3,1.4324327804693258,2.9,B365CH_historico,0.9896551724137932
2021-01-30,Everton,Newcastle Utd,0.687896947746507,0.6451612903225806,0.042735657423926376,1.0662402690070858,0.0662402690070858,-1.0,1,0,1,-1.0662402690070858,1.5040870368967236,synthetic_drift,1.0305254695885189
2021-01-30,Southampton,Aston Villa,0.5360874519584855,0.35714285714285715,0.17894459481562836,1.5010448654837594,0.5010448654837594,-1.0,7,0,7,-1.5010448654837594,3.2,B365CH_historico,0.8749999999999999
2021-01-31,West Ham United,Liverpool,0.46094261555000404,0.23094688221709006,0.22999573333291398,1.9958815253315176,0.9958815253315176,-1.0,9,0,9,-1.9958815253315176,3.719028139788317,synthetic_drift,1.164282666666367
2021-01-31,Brighton And Hove Albion,Tottenham,0.38446181796117046,0.3125,0.07196181796117046,1.2302778174757456,0.2302778174757456,2.2,2,3,-1,1.9697221825242546,3.0435572073501844,synthetic_drift,1.0514012985436931
2021-01-31,Leicester City,Leeds United,0.706961500920004,0.5555555555555556,0.1514059453644484,1.2725307016560072,0.27253070165600723,-1.0,6,0,6,-1.2725307016560072,1.6243330815700947,synthetic_drift,1.1081471038317487
2021-02-02,Newcastle United,Crystal Palace,0.5622333052889974,0.35714285714285715,0.20509044814614025,1.5742532548091925,0.5742532548091925,-1.0,8,0,8,-1.5742532548091925,2.4422299718545775,synthetic_drift,1.146493177247243
2021-02-02,Wolverhampton Wanderers,Arsenal,0.5010236479224182,0.2777777777777778,0.22324587014464037,1.8036851325207055,0.8036851325207055,2.6,8,3,5,1.7963148674792946,3.104890080238373,synthetic_drift,1.1594613358176002
2021-02-03,Aston Villa,West Ham,0.5530150972081272,0.45454545454545453,0.09846964266267272,1.2166332138578801,0.21663321385788015,-1.0,4,0,4,-1.2166332138578801,2.25,B365CH_historico,0.9777777777777779
2021-02-03,Burnley,Manchester City,0.34127060939254933,0.07692307692307693,0.2643475324694724,4.436517922103142,3.4365179221031417,-1.0,9,0,9,-4.436517922103142,10.935216140222701,synthetic_drift,1.188819666049623
2021-02-03,Fulham,Leicester City,0.38924246480028296,0.25,0.13924246480028296,1.5569698592011318,0.5569698592011318,-1.0,6,0,6,-1.5569698592011318,3.638153265688782,synthetic_drift,1.0994589034287736
2021-02-03,Leeds United,Everton,0.5010486962059238,0.4,0.10104869620592383,1.2526217405148097,0.2526217405148097,-1.0,4,0,4,-1.2526217405148097,2.331703167823042,synthetic_drift,1.0721776401470884
2021-02-04,Tottenham Hotspur,Chelsea,0.5112984330655191,0.2857142857142857,0.22558414735123344,1.789544515729317,0.789544515729317,-1.0,8,0,8,-1.789544515729317,3.014301048631767,synthetic_drift,1.1611315338223096
2021-02-06,Fulham,West Ham,0.36813390839554055,0.2777777777777778,0.09035613061776276,1.325282070223946,0.32528207022394606,-1.0,3,0,3,-1.325282070223946,4.0,B365CH_historico,0.9
2021-02-06,Newcastle United,Southampton,0.5179124945827693,0.3333333333333333,0.18457916124943602,1.553737483748308,0.553737483748308,2.0,8,3,5,1.446262516251692,2.650546026800146,synthetic_drift,1.1318422580353114
2021-02-06,Aston Villa,Arsenal,0.5660470935405648,0.38167938931297707,0.18436770422758775,1.4830433850762799,0.48304338507627986,1.62,8,3,5,1.1369566149237202,2.87,B365CH_historico,0.9128919860627178
2021-02-06,Burnley,Brighton,0.4549870736638859,0.2777777777777778,0.17720929588610812,1.6379534651899894,0.6379534651899894,-1.0,7,0,7,-1.6379534651899894,3.6,B365CH_historico,1.0
2021-02-07,Wolverhampton Wanderers,Leicester City,0.45050506951138314,0.2857142857142857,0.16479078379709744,1.576767743289841,0.576767743289841,-1.0,7,0,7,-1.576767743289841,3.13140903610752,synthetic_drift,1.1177077027122124
2021-02-07,Liverpool,Manchester City,0.5022376694561975,0.29411764705882354,0.20812002239737398,1.7076080761510715,0.7076080761510715,-1.0,8,0,8,-1.7076080761510715,2.959978069860622,synthetic_drift,1.1486571588552672
2021-02-07,Sheffield United,Chelsea,0.39224046319390116,0.14285714285714285,0.2493833203367583,2.745683242357308,1.745683242357308,-1.0,9,0,9,-2.745683242357308,7.0,B365CH_historico,1.0
2021-02-08,Leeds United,Crystal Palace,0.5756014859413263,0.5555555555555556,0.02004593038577074,1.0360826746943874,0.03608267469438742,0.8,0,1,-1,0.7639173253056126,1.7745904875875493,synthetic_drift,1.014318521704122
2021-02-13,Brighton And Hove Albion,Aston Villa,0.45340119748531327,0.37037037037037035,0.08303082711494292,1.224183233210346,0.22418323321034594,-1.0,3,0,3,-1.224183233210346,2.54883440781439,synthetic_drift,1.0593077336535306
2021-02-13,Crystal Palace,Burnley,0.5549060610876992,0.42194092827004215,0.1329651328176571,1.3151273647778472,0.3151273647778472,-1.0,5,0,5,-1.3151273647778472,2.8,B365CH_historico,0.8464285714285715
2021-02-13,Leicester City,Liverpool,0.5577062510103891,0.2857142857142857,0.27199196529610337,1.9519718785363618,0.9519718785363618,2.5,9,3,6,1.5480281214636382,2.930636092579684,synthetic_drift,1.1942799752115025
2021-02-14,Arsenal,Leeds United,0.5717922633238567,0.5464480874316939,0.025344175892162757,1.0463798418826578,0.04637984188265776,0.8300000000000001,0,1,-1,0.7836201581173423,1.7974606016798522,synthetic_drift,1.0181029827801162
2021-02-14,Everton,Fulham,0.6984513296836099,0.5405405405405405,0.15791078914306944,1.2921349599146783,0.2921349599146783,-1.0,7,0,7,-1.2921349599146783,2.0,B365CH_historico,0.925
2021-02-14,Southampton,Wolves,0.5440291584675516,0.42194092827004215,0.12208823019750947,1.2893491055680975,0.28934910556809745,-1.0,5,0,5,-1.2893491055680975,2.2,B365CH_historico,1.0772727272727272
2021-02-15,West Ham United,Sheffield Utd,0.6494320943778213,0.6024096385542169,0.047022455823604425,1.0780572766671834,0.07805727666718343,0.6599999999999999,1,1,0,0.5819427233328165,1.6060566238256782,synthetic_drift,1.0335874684454318
2021-02-17,Burnley,Fulham,0.5824194645710935,0.36363636363636365,0.21878310093472986,1.601653527570507,0.601653527570507,-1.0,8,0,8,-1.601653527570507,2.9,B365CH_historico,0.9482758620689655
2021-02-17,Everton,Manchester City,0.3533645626779422,0.11764705882352941,0.23571750385441279,3.003598782762509,2.003598782762509,-1.0,9,0,9,-3.003598782762509,7.275094857124645,synthetic_drift,1.1683696456102948
2021-02-19,Wolverhampton Wanderers,Leeds United,0.5828602279527361,0.42194092827004215,0.16091929968269392,1.3813787402479845,0.38137874024798446,1.37,7,2,5,0.9886212597520156,2.12567043067152,synthetic_drift,1.11494235691621
2021-02-20,Burnley,West Brom,0.6060224625220644,0.5,0.10602246252206438,1.2120449250441288,0.21204492504412875,-1.0,4,0,4,-1.2120449250441288,2.1,B365CH_historico,0.9523809523809523
2021-02-20,Fulham,Sheffield Utd,0.6035483523963201,0.46511627906976744,0.13843207332655266,1.297628957652088,0.2976289576520881,1.15,6,2,4,0.8523710423479118,1.9565374722664712,synthetic_drift,1.098880052376109
2021-02-20,Southampton,Chelsea,0.38716290132547004,0.2,0.18716290132547003,1.9358145066273502,0.9358145066273502,-1.0,8,0,8,-1.9358145066273502,4.75,B365CH_historico,1.0526315789473684
2021-02-21,Arsenal,Manchester City,0.3424399286450842,0.15384615384615385,0.18859377479893036,2.2258595361930475,1.2258595361930475,-1.0,8,0,8,-2.2258595361930475,5.728336686420539,synthetic_drift,1.1347098391420931
2021-02-21,Aston Villa,Leicester City,0.4778000403972999,0.3484320557491289,0.129367984648171,1.3712861159402507,0.37128611594025074,-1.0,5,0,5,-1.3712861159402507,2.6272290516950605,synthetic_drift,1.0924057033201222
2021-02-21,West Ham United,Tottenham,0.5262468189339778,0.38167938931297707,0.14456742962100078,1.378766665607022,0.3787666656070221,1.62,6,3,3,1.241233334392978,2.3747749238115414,synthetic_drift,1.1032624497292862
2021-02-22,Brighton And Hove Albion,Crystal Palace,0.6026164138460589,0.5882352941176471,0.014381119728411829,1.0244479035383,0.024447903538300064,-1.0,0,0,0,-1.0244479035383,1.6827147695926579,synthetic_drift,1.010272228377437
2021-02-23,Leeds United,Southampton,0.5780219603532382,0.4444444444444444,0.13357751590879374,1.300549410794786,0.3005494107947859,1.25,6,2,4,0.9494505892052141,2.054020724301842,synthetic_drift,1.095412511363424
2021-02-27,Newcastle United,Wolves,0.5193138472168255,0.2857142857142857,0.2335995615025398,1.8175984652588892,0.8175984652588892,-1.0,9,0,9,-1.8175984652588892,2.9995110891760492,synthetic_drift,1.1668568296446713
2021-02-27,Leeds United,Aston Villa,0.5101405592079872,0.46511627906976744,0.04502428013821974,1.0968022022971724,0.0968022022971724,-1.0,1,0,1,-1.0968022022971724,2.083009982165896,synthetic_drift,1.0321602000987284
2021-02-28,Sheffield United,Liverpool,0.4060883820875269,0.125,0.2810883820875269,3.248707056700215,2.248707056700215,-1.0,9,0,9,-3.248707056700215,8.0,B365CH_historico,1.0
2021-02-28,Leicester City,Arsenal,0.6658923607021816,0.4,0.2658923607021816,1.664730901755454,0.6647309017554539,-1.0,9,0,9,-1.664730901755454,2.100976078985519,synthetic_drift,1.1899231147872726
2021-02-28,Chelsea,Manchester Utd,0.4986546842243091,0.46511627906976744,0.03353840515454165,1.0721075710822645,0.07210757108226451,-1.0,0,0,0,-1.0721075710822645,2.0996995889171934,synthetic_drift,1.0239560036818154
2021-02-28,Crystal Palace,Fulham,0.5186920606802913,0.2857142857142857,0.23297777496600558,1.8154222123810195,0.8154222123810195,-1.0,9,0,9,-1.8154222123810195,3.5,B365CH_historico,1.0
2021-03-01,Everton,Southampton,0.6747319425335445,0.46511627906976744,0.20961566346377708,1.4506736764471206,0.45067367644712064,1.15,8,2,6,0.6993263235528793,2.1,B365CH_historico,1.0238095238095237
2021-03-03,Burnley,Leicester City,0.3825372857464583,0.25,0.1325372857464583,1.5301491429858332,0.5301491429858332,-1.0,5,0,5,-1.5301491429858332,3.654070965896525,synthetic_drift,1.0946694898188989
2021-03-03,Crystal Palace,Manchester Utd,0.3249247383185138,0.125,0.19992473831851382,2.5993979065481105,1.5993979065481105,-1.0,8,0,8,-2.5993979065481105,7.000329285345607,synthetic_drift,1.1428033845132242
2021-03-03,Sheffield United,Aston Villa,0.3895755317495014,0.26666666666666666,0.12290886508283472,1.4609082440606302,0.46090824406063025,2.75,5,3,2,2.2890917559393698,3.5,B365CH_historico,1.0714285714285714
2021-03-04,Fulham,Tottenham,0.46206559280464654,0.25,0.21206559280464654,1.8482623712185862,0.8482623712185862,-1.0,8,0,8,-1.8482623712185862,3.7,B365CH_historico,1.081081081081081
2021-03-04,Liverpool,Chelsea,0.5257397366853459,0.4444444444444444,0.08129529224090148,1.1829144075420284,0.18291440754202837,-1.0,3,0,3,-1.1829144075420284,2.15,B365CH_historico,1.0465116279069768
2021-03-06,Sheffield United,Southampton,0.5504452023037066,0.2777777777777778,0.27266742452592885,1.981602728293344,0.9816027282933439,-1.0,9,0,9,-1.981602728293344,3.8,B365CH_historico,0.9473684210526316
2021-03-06,Aston Villa,Wolves,0.6162451145511353,0.42194092827004215,0.19430418628109314,1.4605009214861906,0.4605009214861906,-1.0,8,0,8,-1.4605009214861906,2.55,B365CH_historico,0.9294117647058825
2021-03-06,Burnley,Arsenal,0.43916668221384586,0.18181818181818182,0.25734850039566404,2.415416752176152,1.415416752176152,-1.0,9,0,9,-2.415416752176152,5.0,B365CH_historico,1.1
2021-03-08,West Ham United,Leeds United,0.6290869111805282,0.48780487804878053,0.14128203313174764,1.2896281679200827,0.2896281679200827,1.0499999999999998,6,2,4,0.7603718320799171,1.862086197273328,synthetic_drift,1.1009157379512484
2021-03-12,Newcastle United,Aston Villa,0.4717594742536465,0.2631578947368421,0.20860157951680441,1.7926860021638567,0.7926860021638567,-1.0,8,0,8,-1.7926860021638567,3.3072204253324395,synthetic_drift,1.1490011282262889
2021-03-13,Crystal Palace,West Brom,0.5444517489302375,0.46511627906976744,0.07933546986047008,1.1705712602000107,0.17057126020001068,1.15,3,2,1,0.9794287397999892,2.3,B365CH_historico,0.9347826086956522
2021-03-13,Everton,Burnley,0.6432464760901837,0.5464480874316939,0.09679838865848978,1.1771410512450362,0.1771410512450362,-1.0,4,0,4,-1.1771410512450362,1.9,B365CH_historico,0.9631578947368422
2021-03-13,Fulham,Manchester City,0.2745172633757297,0.1,0.17451726337572968,2.7451726337572966,1.7451726337572966,-1.0,7,0,7,-2.7451726337572966,8.891614163686155,synthetic_drift,1.1246551881255211
2021-03-13,Leeds United,Chelsea,0.37894221412655843,0.21052631578947367,0.16841589833708476,1.7999755171011524,0.7999755171011524,-1.0,7,0,7,-1.7999755171011524,4.239946819622698,synthetic_drift,1.1202970702407749
2021-03-14,Leicester City,Sheffield Utd,0.7596008857530913,0.6666666666666666,0.09293421908642463,1.139401328629637,0.13940132862963694,0.5,3,0,3,0.36059867137036306,1.4066259404818644,synthetic_drift,1.066381585061732
2021-03-14,Arsenal,Tottenham,0.5432104786176963,0.3921568627450981,0.15105361587259825,1.3851867204751256,0.3851867204751256,1.5499999999999998,6,2,4,1.1648132795248742,2.62,B365CH_historico,0.9732824427480915
2021-03-14,Southampton,Brighton,0.4438547143581424,0.3448275862068966,0.09902712815124581,1.2871786716386129,0.2871786716386129,-1.0,4,0,4,-1.2871786716386129,3.25,B365CH_historico,0.8923076923076922
2021-03-15,Wolverhampton Wanderers,Liverpool,0.5368719021538039,0.21052631578947367,0.3263455863643302,2.5501415352305683,1.5501415352305683,-1.0,9,0,9,-2.5501415352305683,3.852067658136078,synthetic_drift,1.2331039902602359
2021-03-19,Fulham,Leeds United,0.541076998598304,0.42194092827004215,0.1191360703282619,1.2823524866779807,0.28235248667798074,-1.0,5,0,5,-1.2823524866779807,2.184136144751689,synthetic_drift,1.0850971930916156
2021-03-21,West Ham United,Arsenal,0.5566664926299111,0.35714285714285715,0.19952363548705393,1.5586661793637508,0.5586661793637508,-1.0,8,0,8,-1.5586661793637508,2.450729650397671,synthetic_drift,1.1425168824907528
2021-03-21,Aston Villa,Tottenham,0.5292442146558655,0.3448275862068966,0.1844166284489689,1.5348082225020099,0.5348082225020099,-1.0,8,0,8,-1.5348082225020099,2.9,B365CH_historico,1.0
2021-04-03,Arsenal,Liverpool,0.5722814649488819,0.3225806451612903,0.24970081978759157,1.774072541341534,0.7740725413415339,-1.0,9,0,9,-1.774072541341534,2.75,B365CH_historico,1.1272727272727272
2021-04-03,Leicester City,Manchester City,0.4120198537840874,0.16666666666666666,0.24535318711742074,2.4721191227045245,1.4721191227045245,-1.0,9,0,9,-2.4721191227045245,5.105286856201612,synthetic_drift,1.1752522765124434
2021-04-04,Aston Villa,Fulham,0.6219027248143496,0.4444444444444444,0.17745828036990519,1.3992811308322866,0.39928113083228656,1.25,7,2,5,0.8507188691677134,2.55,B365CH_historico,0.8823529411764707
2021-04-04,Newcastle United,Tottenham,0.42341553271487475,0.18181818181818182,0.24159735089669293,2.328785429931811,1.328785429931811,-1.0,9,0,9,-2.328785429931811,4.690553378265391,synthetic_drift,1.1725695363547808
2021-04-04,Southampton,Burnley,0.501532665066596,0.48780487804878053,0.013727787017815463,1.0281419633865216,0.02814196338652164,1.0499999999999998,0,2,-2,1.0218580366134782,1.95,B365CH_historico,1.0512820512820513
2021-04-05,Everton,Crystal Palace,0.6446361908375301,0.5714285714285714,0.0732076194089587,1.1281133339656777,0.1281133339656777,-1.0,2,0,2,-1.1281133339656777,1.8,B365CH_historico,0.9722222222222222
2021-04-05,Wolverhampton Wanderers,West Ham,0.4919019084891945,0.3484320557491289,0.14346985274006563,1.4117584773639884,0.4117584773639884,-1.0,6,0,6,-1.4117584773639884,2.6032254487296864,synthetic_drift,1.102478466242904
2021-04-09,Fulham,Wolves,0.49476057154489644,0.4,0.09476057154489642,1.236901428862241,0.23690142886224108,-1.0,4,0,4,-1.236901428862241,2.5,B365CH_historico,1.0
2021-04-10,Crystal Palace,Chelsea,0.3995584939448603,0.14285714285714285,0.25670135108771747,2.796909457614022,1.796909457614022,-1.0,9,0,9,-2.796909457614022,7.5,B365CH_historico,0.9333333333333333
2021-04-10,Manchester City,Leeds United,0.8120146752999147,0.78125,0.030764675299914668,1.0393787843838909,0.039378784383890864,-1.0,0,0,0,-1.0393787843838909,1.2524771060792117,synthetic_drift,1.0219747680713676
2021-04-11,West Ham United,Leicester City,0.5065311797919059,0.3333333333333333,0.17319784645857256,1.5195935393757176,0.5195935393757176,2.0,7,3,4,1.4804064606242824,2.6697214272538097,synthetic_drift,1.123712747470409
2021-04-11,Tottenham Hotspur,Manchester Utd,0.44134303499869837,0.3484320557491289,0.09291097924956948,1.2666545104462643,0.2666545104462643,-1.0,3,0,3,-1.2666545104462643,2.6913861950561166,synthetic_drift,1.066364985178264
2021-04-11,Burnley,Newcastle Utd,0.5917229388948411,0.4347826086956522,0.15694033019918885,1.3609627594581344,0.3609627594581344,-1.0,7,0,7,-1.3609627594581344,2.0681588995694176,synthetic_drift,1.1121002358565633
2021-04-11,Sheffield United,Arsenal,0.3964670318775791,0.15384615384615385,0.24262087803142524,2.577035707204264,1.577035707204264,-1.0,9,0,9,-2.577035707204264,5.5,B365CH_historico,1.1818181818181819
2021-04-12,Brighton And Hove Albion,Everton,0.49605934952247166,0.4444444444444444,0.05161490507802724,1.1161335364255613,0.11613353642556135,-1.0,1,0,1,-1.1161335364255613,2.169997007457485,synthetic_drift,1.036867789341448
2021-04-16,Everton,Tottenham,0.49005239026520964,0.29411764705882354,0.1959347432063861,1.6661781269017126,0.6661781269017126,-1.0,8,0,8,-1.6661781269017126,3.4,B365CH_historico,1.0
2021-04-17,Newcastle United,West Ham,0.4239732225471248,0.2857142857142857,0.13825893683283907,1.4839062789149366,0.48390627891493665,2.5,6,3,3,2.0160937210850634,3.1854194912650633,synthetic_drift,1.098756383452028
2021-04-17,Wolverhampton Wanderers,Sheffield Utd,0.6788271277003936,0.6024096385542169,0.07641748914617663,1.1268530319826533,0.1268530319826533,0.6599999999999999,2,1,1,0.5331469680173466,1.5740805138687342,synthetic_drift,1.0545839208186976
2021-04-18,Arsenal,Fulham,0.7035282960030088,0.5882352941176471,0.11529300188536173,1.195998103205115,0.19599810320511502,-1.0,5,0,5,-1.195998103205115,1.8,B365CH_historico,0.9444444444444444
2021-04-19,Leeds United,Liverpool,0.47009452580128475,0.2222222222222222,0.24787230357906254,2.1154253661057814,1.1154253661057814,-1.0,9,0,9,-2.1154253661057814,3.8231117704429183,synthetic_drift,1.1770516454136162
2021-04-21,Aston Villa,Manchester City,0.29995874205184336,0.1111111111111111,0.18884763094073226,2.69962867846659,1.6996286784665902,-1.0,8,0,8,-2.69962867846659,7.930275851901377,synthetic_drift,1.1348911649576658
2021-04-21,Tottenham Hotspur,Southampton,0.672820242034738,0.5714285714285714,0.1013916706061666,1.1774354235607916,0.17743542356079156,0.75,4,1,3,0.5725645764392084,1.63181936330501,synthetic_drift,1.0724226218615476
2021-04-22,Leicester City,West Brom,0.6946554344263317,0.6535947712418301,0.04106066318450163,1.0628228146722876,0.06282281467228756,0.53,1,1,0,0.46717718532771246,1.4864051560928326,synthetic_drift,1.029329045131787
2021-04-23,Arsenal,Everton,0.5956436382533096,0.5,0.09564363825330957,1.1912872765066191,0.19128727650661914,-1.0,4,0,4,-1.1912872765066191,1.95,B365CH_historico,1.0256410256410258
2021-04-24,Sheffield United,Brighton,0.3701594438432644,0.19047619047619047,0.17968325336707391,1.943337080177138,0.9433370801771379,4.25,7,3,4,3.306662919822862,6.0,B365CH_historico,0.875
2021-04-24,West Ham United,Chelsea,0.5331297161014619,0.21052631578947367,0.3226034003119882,2.532366151481944,1.532366151481944,-1.0,9,0,9,-2.532366151481944,3.8604358953405002,synthetic_drift,1.2304310002228487
2021-04-25,Aston Villa,West Brom,0.6192778145832115,0.5405405405405405,0.07873727404267106,1.1456639569789413,0.1456639569789413,-1.0,3,0,3,-1.1456639569789413,2.05,B365CH_historico,0.902439024390244
2021-04-25,Leeds United,Manchester Utd,0.36862576822062537,0.25,0.11862576822062537,1.4745030728825015,0.4745030728825015,-1.0,5,0,5,-1.4745030728825015,3.6875444347039643,synthetic_drift,1.084732691586161
2021-04-25,Wolverhampton Wanderers,Burnley,0.6339601915250855,0.5,0.13396019152508554,1.267920383050171,0.2679203830501711,-1.0,6,0,6,-1.267920383050171,1.8253407197068128,synthetic_drift,1.0956858510893468
2021-04-26,Leicester City,Crystal Palace,0.7468759807249513,0.7142857142857143,0.032590266439237014,1.0456263730149318,0.045626373014931776,0.3999999999999999,0,0,0,0.35437362698506814,1.3681511356849168,synthetic_drift,1.0232787617423122
2021-04-30,Southampton,Leicester City,0.34705076946411595,0.2631578947368421,0.08389287472727386,1.3187929239636405,0.31879292396364045,-1.0,3,0,3,-1.3187929239636405,3.5851644620759893,synthetic_drift,1.0599234819480527
2021-05-01,Chelsea,Fulham,0.7446040244344729,0.6944444444444444,0.05015957999002851,1.072229795185641,0.07222979518564099,0.43999999999999995,1,0,1,0.36777020481435896,1.44,B365CH_historico,1.0
2021-05-01,Crystal Palace,Manchester City,0.2094762511991863,0.1,0.1094762511991863,2.094762511991863,1.094762511991863,-1.0,4,0,4,-2.094762511991863,9.274740154989427,synthetic_drift,1.078197322285133
2021-05-01,Everton,Aston Villa,0.5883659893283439,0.5128205128205129,0.07554547650783106,1.1473136791902707,0.14731367919027072,-1.0,2,0,2,-1.1473136791902707,1.9,B365CH_historico,1.0263157894736843
2021-05-02,Newcastle United,Arsenal,0.48821308860079393,0.2777777777777778,0.21043531082301614,1.757567118962858,0.7575671189628581,-1.0,8,0,8,-1.757567118962858,3.1295886063404175,synthetic_drift,1.1503109363021544
2021-05-03,Burnley,West Ham,0.4518520242162402,0.3225806451612903,0.1292713790549499,1.4007412750703447,0.40074127507034474,-1.0,5,0,5,-1.4007412750703447,3.0,B365CH_historico,1.0333333333333334
2021-05-08,Leeds United,Tottenham,0.47737092515547647,0.29411764705882354,0.18325327809665293,1.62306114552862,0.6230611455286199,2.4,8,3,5,1.77693885447138,3.0064678000997738,synthetic_drift,1.1308951986404665
2021-05-08,Manchester City,Chelsea,0.704447052756542,0.5263157894736842,0.17813126328285778,1.3384494002374296,0.33844940023742964,-1.0,7,0,7,-1.3384494002374296,1.685537864871024,synthetic_drift,1.1272366166306127
2021-05-08,Sheffield United,Crystal Palace,0.5392362778769949,0.3333333333333333,0.2059029445436616,1.6177088336309846,0.6177088336309846,-1.0,8,0,8,-1.6177088336309846,2.9,B365CH_historico,1.0344827586206897
2021-05-09,Aston Villa,Manchester Utd,0.37061647674289117,0.23809523809523808,0.13252123864765308,1.5565892023201429,0.5565892023201429,-1.0,5,0,5,-1.5565892023201429,3.8368146892298243,synthetic_drift,1.0946580276054665
2021-05-09,West Ham United,Everton,0.6096392589300571,0.45454545454545453,0.15509380438460257,1.3412063696461258,0.34120636964612583,-1.0,7,0,7,-1.3412063696461258,1.9805879177937107,synthetic_drift,1.1107812888461448
2021-05-09,Wolverhampton Wanderers,Brighton,0.48722012447591695,0.30303030303030304,0.1841898214456139,1.6078264107705258,0.6078264107705258,2.3,8,3,5,1.692173589229474,2.916317184631404,synthetic_drift,1.1315641581754385
2021-05-10,Fulham,Burnley,0.5053350842259817,0.45454545454545453,0.05078962968052719,1.1117371852971598,0.11173718529715981,-1.0,1,0,1,-1.1117371852971598,2.2,B365CH_historico,1.0
2021-05-11,Manchester United,Leicester City,0.5690787874107006,0.4,0.1690787874107006,1.4226969685267514,0.4226969685267514,-1.0,7,0,7,-1.4226969685267514,2.2306081938534854,synthetic_drift,1.1207705624362148
2021-05-11,Southampton,Crystal Palace,0.5492425775716409,0.48780487804878053,0.06143769952286032,1.1259472840218636,0.12594728402186361,1.0499999999999998,2,2,0,0.9240527159781362,1.85,B365CH_historico,1.108108108108108
2021-05-12,Chelsea,Arsenal,0.6334001824179337,0.6060606060606061,0.027339576357327644,1.0451103009895906,0.04511030098959057,-1.0,0,0,0,-1.0451103009895906,1.9,B365CH_historico,0.868421052631579
2021-05-13,Manchester United,Liverpool,0.5359617993988723,0.3333333333333333,0.20262846606553903,1.607885398196617,0.607885398196617,-1.0,8,0,8,-1.607885398196617,2.62069474549583,synthetic_drift,1.144734618618242
2021-05-13,Aston Villa,Everton,0.5208570786727558,0.37037037037037035,0.15048670830238542,1.4063141124164407,0.40631411241644066,-1.0,6,0,6,-1.4063141124164407,3.0,B365CH_historico,0.9
2021-05-14,Newcastle United,Manchester City,0.24980866925041267,0.09090909090909091,0.15889957834132176,2.7478953617545394,1.7478953617545394,-1.0,7,0,7,-2.7478953617545394,9.878763336626012,synthetic_drift,1.11349969881523
2021-05-15,Brighton And Hove Albion,West Ham,0.45343451471037477,0.3448275862068966,0.1086069285034782,1.3149600926600868,0.31496009266008684,-1.0,4,0,4,-1.3149600926600868,2.6912245484829342,synthetic_drift,1.0775763775024845
2021-05-15,Burnley,Leeds United,0.5044760337028517,0.3125,0.19197603370285166,1.6143233078491255,0.6143233078491255,-1.0,8,0,8,-1.6143233078491255,2.8141127159934425,synthetic_drift,1.1371257383591797
2021-05-15,Southampton,Fulham,0.6097917016861182,0.5,0.10979170168611818,1.2195834033722364,0.21958340337223636,1.0,4,2,2,0.7804165966277636,1.83,B365CH_historico,1.0928961748633879
2021-05-16,Crystal Palace,Aston Villa,0.45372755560488637,0.3333333333333333,0.12039422227155305,1.3611826668146592,0.36118266681465916,2.0,5,3,2,1.6388173331853408,3.0,B365CH_historico,1.0
2021-05-18,Brighton And Hove Albion,Manchester City,0.2703030179135648,0.14285714285714285,0.12744587505642196,1.8921211253949537,0.8921211253949537,6.0,5,3,2,5.1078788746050465,6.415939287955457,synthetic_drift,1.0910327678974443
2021-05-18,Southampton,Leeds United,0.4459596323366744,0.3921568627450981,0.053802769591576316,1.1371970624585197,0.1371970624585197,-1.0,1,0,1,-1.1371970624585197,2.455628834028798,synthetic_drift,1.0384305497082689
2021-05-19,Burnley,Liverpool,0.36565545940210004,0.09090909090909091,0.27474636849300915,4.0222100534231,3.0222100534231,-1.0,9,0,9,-4.0222100534231,9.0,B365CH_historico,1.2222222222222223
2021-05-19,Crystal Palace,Arsenal,0.37419311665326455,0.16666666666666666,0.2075264499865979,2.245158699919587,1.2451586999195872,-1.0,8,0,8,-2.245158699919587,5.75,B365CH_historico,1.0434782608695652
2021-05-19,Everton,Wolves,0.5889592679157466,0.5405405405405405,0.04841872737520614,1.0895746456441313,0.08957464564413131,0.8500000000000001,1,1,0,0.7604253543558688,1.72,B365CH_historico,1.0755813953488373
2021-05-19,Newcastle United,Sheffield Utd,0.6365347955209758,0.5813953488372093,0.05513944668376647,1.0948398482960784,0.09483984829607839,0.72,1,1,0,0.6251601517039216,1.654824220103292,synthetic_drift,1.0393853190598332
2021-05-23,West Ham United,Southampton,0.6704726652154399,0.6060606060606061,0.06441205915483383,1.1062798976054757,0.10627989760547574,0.6499999999999999,2,1,1,0.5437201023945242,1.5774248686078056,synthetic_drift,1.0460086136820241
2021-05-23,Sheffield United,Burnley,0.48753816322090976,0.35714285714285715,0.1303953060780526,1.3651068570185472,0.36510685701854717,1.7999999999999998,5,3,2,1.4348931429814527,2.8,B365CH_historico,1.0
2021-05-23,Manchester City,Everton,0.764634929009743,0.6944444444444444,0.07019048456529853,1.1010742977740298,0.10107429777402976,0.43999999999999995,2,0,2,0.3389257022259702,1.3712508829058874,synthetic_drift,1.0501360604037846
2021-05-23,Arsenal,Brighton,0.6539036255790327,0.6369426751592356,0.01696095041979706,1.0266286921590815,0.02662869215908148,0.5700000000000001,0,1,-1,0.5433713078409186,1.65,B365CH_historico,0.9515151515151516
2021-05-23,Aston Villa,Chelsea,0.405883175024041,0.15384615384615385,0.2520370211778871,2.638240637656266,1.6382406376562662,5.5,9,3,6,3.861759362343734,6.5,B365CH_historico,1.0
2021-05-23,Leicester City,Tottenham,0.5957023232334603,0.5,0.09570232323346028,1.1914046464669206,0.19140464646692057,-1.0,4,0,4,-1.1914046464669206,1.8720302539524474,synthetic_drift,1.0683588023096144
2021-08-13,Brentford,Arsenal,0.4448626575253581,0.25,0.19486265752535809,1.7794506301014323,0.7794506301014323,3.0,8,3,5,2.220549369898568,3.8,B365CH_historico,1.0526315789473684
2021-08-14,Watford,Aston Villa,0.5558997298559704,0.3225806451612903,0.23331908469468005,1.723289162553508,0.7232891625535081,2.1,9,3,6,1.376710837446492,3.4,B365CH_historico,0.911764705882353
2021-08-14,Burnley,Brighton,0.46376215259162334,0.3225806451612903,0.14118150743033303,1.4376626730340325,0.4376626730340325,-1.0,6,0,6,-1.4376626730340325,3.1,B365CH_historico,1.0
2021-08-14,Everton,Southampton,0.6464693122550347,0.5263157894736842,0.1201535227813505,1.2282916932845658,0.22829169328456578,0.8999999999999999,5,1,4,0.6717083067154341,2.0,B365CH_historico,0.95
2021-08-14,Leicester City,Wolves,0.652559257726171,0.6024096385542169,0.05014961917195404,1.0832483678254436,0.08324836782544365,0.6599999999999999,1,1,0,0.5767516321745563,1.6025932560855485,synthetic_drift,1.0358211565513957
2021-08-14,Norwich City,Liverpool,0.41088365458525433,0.1111111111111111,0.2997725434741432,3.697952891267289,2.697952891267289,-1.0,9,0,9,-3.697952891267289,7.412756517555592,synthetic_drift,1.2141232453386737
2021-08-15,Tottenham Hotspur,Manchester City,0.35609479140629546,0.18181818181818182,0.17427660958811364,1.958521352734625,0.958521352734625,4.5,7,3,4,3.541478647265375,4.89113536535018,synthetic_drift,1.1244832925629382
2021-08-15,Newcastle United,West Ham,0.427130970503087,0.3125,0.11463097050308702,1.3668191056098786,0.3668191056098786,-1.0,5,0,5,-1.3668191056098786,2.9578161857551093,synthetic_drift,1.0818792646450621
2021-08-21,Leeds United,Everton,0.5940736898823968,0.42194092827004215,0.1721327616123547,1.4079546450212805,0.40795464502128054,-1.0,7,0,7,-1.4079546450212805,2.1105087820936395,synthetic_drift,1.1229519725802533
2021-08-22,Arsenal,Chelsea,0.5118201638954173,0.21052631578947367,0.3012938481059436,2.431145778503232,1.431145778503232,-1.0,9,0,9,-2.431145778503232,4.5,B365CH_historico,1.0555555555555556
2021-08-22,Southampton,Manchester Utd,0.24428593125890644,0.18181818181818182,0.06246774944072461,1.3435726219239854,0.3435726219239854,-1.0,2,0,2,-1.3435726219239854,5.265073368588555,synthetic_drift,1.0446198210290891
2021-08-22,Wolverhampton Wanderers,Tottenham,0.43691366004963583,0.3125,0.12441366004963583,1.3981237121588348,0.3981237121588348,-1.0,5,0,5,-1.3981237121588348,2.9388348565796303,synthetic_drift,1.088866900035454
2021-08-23,West Ham United,Leicester City,0.5499217213925636,0.4,0.14992172139256355,1.374804303481409,0.37480430348140903,1.5,6,2,4,1.125195696518591,2.2581785594019177,synthetic_drift,1.1070869438518312
2021-08-28,Norwich City,Leicester City,0.48327689147722674,0.2222222222222222,0.26105466925500453,2.17474601164752,1.1747460116475201,-1.0,9,0,9,-2.17474601164752,3.7927710126636573,synthetic_drift,1.1864676208964318
2021-08-28,Newcastle United,Southampton,0.5806241756661618,0.4,0.18062417566616173,1.4515604391654044,0.45156043916540445,-1.0,7,0,7,-1.4515604391654044,2.214315112904627,synthetic_drift,1.1290172683329727
2021-08-28,West Ham United,Crystal Palace,0.7535460383877592,0.6451612903225806,0.10838474806517862,1.1679963595010268,0.16799635950102676,-1.0,4,0,4,-1.1679963595010268,1.4386249945734884,synthetic_drift,1.0774176771894133
2021-08-28,Brighton And Hove Albion,Everton,0.5546257937637378,0.4347826086956522,0.11984318506808556,1.2756393256565968,0.27563932565659677,-1.0,5,0,5,-1.2756393256565968,2.118639627848021,synthetic_drift,1.0856022750486325
2021-08-28,Aston Villa,Brentford,0.5406905758927554,0.5128205128205129,0.02787006307224249,1.054346622990873,0.054346622990872895,-1.0,0,0,0,-1.054346622990873,2.0,B365CH_historico,0.975
2021-08-28,Liverpool,Chelsea,0.5818343765575466,0.4081632653061224,0.17367111125142415,1.4254942225659892,0.42549422256598923,-1.0,7,0,7,-1.4254942225659892,2.45,B365CH_historico,1.0
2021-08-29,Burnley,Leeds United,0.3784443660066857,0.3225806451612903,0.05586372084539537,1.1731775346207256,0.1731775346207256,-1.0,1,0,1,-1.1731775346207256,2.9810482518788475,synthetic_drift,1.039902657746711
2021-08-29,Wolverhampton Wanderers,Manchester Utd,0.2979757529035083,0.2,0.0979757529035083,1.4898787645175415,0.48987876451754153,-1.0,4,0,4,-1.4898787645175415,4.6729728344614285,synthetic_drift,1.0699826806453632
2021-09-11,Brentford,Brighton,0.5895193170178388,0.35714285714285715,0.23237645987498162,1.6506540876499485,0.6506540876499485,-1.0,9,0,9,-1.6506540876499485,3.1,B365CH_historico,0.9032258064516128
2021-09-11,Crystal Palace,Tottenham,0.3508243115988296,0.23809523809523808,0.11272907350359151,1.4734621087150843,0.4734621087150843,3.2,4,3,1,2.7265378912849156,3.8,B365CH_historico,1.105263157894737
2021-09-11,Leicester City,Manchester City,0.3279735679728267,0.16666666666666666,0.16130690130616002,1.9678414078369602,0.9678414078369602,-1.0,7,0,7,-1.9678414078369602,5.380108160011794,synthetic_drift,1.1152192152186857
2021-09-11,Southampton,West Ham,0.3666964930223432,0.3448275862068966,0.02186890681544662,1.0634198297647952,0.06341982976479521,-1.0,0,0,0,-1.0634198297647952,3.0,B365CH_historico,0.9666666666666667
2021-09-11,Watford,Wolves,0.5993379049365952,0.29411764705882354,0.3052202578777717,2.037748876784424,1.0377488767844238,-1.0,9,0,9,-2.037748876784424,3.6,B365CH_historico,0.9444444444444444
2021-09-12,Leeds United,Liverpool,0.41369339814254585,0.23094688221709006,0.1827465159254558,1.7912924139572235,0.7912924139572235,-1.0,8,0,8,-1.7912924139572235,3.8300510783026156,synthetic_drift,1.1305332256610399
2021-09-13,Everton,Burnley,0.710434014134406,0.5882352941176471,0.12219872001675891,1.2077378240284902,0.20773782402849017,0.7,5,1,4,0.4922621759715098,1.75,B365CH_historico,0.9714285714285714
2021-09-17,Newcastle United,Leeds United,0.4542930350435495,0.3333333333333333,0.1209597017102162,1.3628791051306486,0.3628791051306486,-1.0,5,0,5,-1.3628791051306486,2.7614143854550415,synthetic_drift,1.0863997869358688
2021-09-18,Norwich City,Watford,0.537320351170534,0.46511627906976744,0.07220407210076657,1.155238755016648,0.15523875501664808,-1.0,2,0,2,-1.155238755016648,2.044553507928334,synthetic_drift,1.0515743372148332
2021-09-18,Aston Villa,Everton,0.4947626797005166,0.4166666666666667,0.07809601303384994,1.1874304312812398,0.18743043128123982,1.4,3,2,1,1.21256956871876,2.1,B365CH_historico,1.1428571428571428
2021-09-18,Burnley,Arsenal,0.36001855858266407,0.2631578947368421,0.09686066384582198,1.3680705226141234,0.36807052261412343,-1.0,4,0,4,-1.3680705226141234,3.75,B365CH_historico,1.0133333333333332
2021-09-19,Brighton And Hove Albion,Leicester City,0.500074893268441,0.37037037037037035,0.12970452289807066,1.3502022118247907,0.3502022118247907,1.7000000000000002,5,3,2,1.3497977881752095,2.4710654531103025,synthetic_drift,1.0926460877843363
2021-09-19,Tottenham Hotspur,Chelsea,0.46986466999354554,0.2,0.2698646699935455,2.3493233499677277,1.3493233499677277,-1.0,9,0,9,-2.3493233499677277,4.191956465566193,synthetic_drift,1.1927604785668182
2021-09-19,West Ham United,Manchester Utd,0.41547209379993644,0.23094688221709006,0.18452521158284638,1.7989941661537248,0.7989941661537248,-1.0,8,0,8,-1.7989941661537248,3.82575168617508,synthetic_drift,1.131803722559176
2021-09-25,Leicester City,Burnley,0.7197512049084045,0.6369426751592356,0.08280852974916886,1.130009391706195,0.13000939170619508,-1.0,3,0,3,-1.130009391706195,1.4823221986535327,synthetic_drift,1.0591489498208349
2021-09-25,Leeds United,West Ham,0.48736804624562413,0.3333333333333333,0.15403471291229082,1.4621041387368723,0.4621041387368723,-1.0,6,0,6,-1.4621041387368723,2.702642331669104,synthetic_drift,1.1100247949373505
2021-09-25,Watford,Newcastle Utd,0.5946886401672711,0.45454545454545453,0.14014318562181655,1.3083150083679964,0.3083150083679964,-1.0,6,0,6,-1.3083150083679964,1.9998140619350808,synthetic_drift,1.1001022754441547
2021-09-25,Chelsea,Manchester City,0.4837060130119451,0.38167938931297707,0.10202662369896803,1.2673097540912963,0.2673097540912963,-1.0,4,0,4,-1.2673097540912963,2.442033944090148,synthetic_drift,1.0728761597849772
2021-09-25,Brentford,Liverpool,0.3733916269568691,0.14285714285714285,0.23053448409972627,2.6137413886980836,1.6137413886980836,-1.0,9,0,9,-2.6137413886980836,7.5,B365CH_historico,0.9333333333333333
2021-09-25,Everton,Norwich City,0.6589075724155408,0.6211180124223602,0.037789559993180566,1.0608411915890208,0.06084119158902079,0.6100000000000001,1,1,0,0.5491588084109793,1.5676842166044735,synthetic_drift,1.026992542852272
2021-09-26,Arsenal,Tottenham,0.5787716770267451,0.46511627906976744,0.11365539795697771,1.244359105607502,0.24435910560750207,1.15,4,2,2,0.9056408943924978,2.15,B365CH_historico,1.0
2021-09-26,Southampton,Wolves,0.501823925509019,0.38167938931297707,0.12014453619604193,1.3147786848336298,0.3147786848336298,-1.0,5,0,5,-1.3147786848336298,2.1,B365CH_historico,1.2476190476190476
2021-09-27,Crystal Palace,Brighton,0.4435643622084693,0.3225806451612903,0.12098371704717897,1.375049522846255,0.3750495228462549,-1.0,5,0,5,-1.375049522846255,2.8,B365CH_historico,1.1071428571428572
2021-10-02,Brighton And Hove Albion,Arsenal,0.469634946908773,0.3333333333333333,0.13630161357543968,1.408904840726319,0.40890484072631894,-1.0,6,0,6,-1.408904840726319,2.733838175321138,synthetic_drift,1.0973582954110284
2021-10-02,Chelsea,Southampton,0.8014157373070094,0.7352941176470588,0.06612161965995067,1.089925402737533,0.08992540273753291,0.3600000000000001,2,0,2,0.2700745972624672,1.4,B365CH_historico,0.9714285714285715
2021-10-03,Crystal Palace,Leicester City,0.4411648862799634,0.3225806451612903,0.1185842411186731,1.3676111474678867,0.3676111474678867,-1.0,5,0,5,-1.3676111474678867,2.857925087384626,synthetic_drift,1.084703029370481
2021-10-03,Liverpool,Manchester City,0.47388687902233206,0.3484320557491289,0.12545482327320318,1.3600553427940931,0.3600553427940931,-1.0,5,0,5,-1.3600553427940931,2.6339685310237417,synthetic_drift,1.089610588052288
2021-10-03,Tottenham Hotspur,Aston Villa,0.5792259664745582,0.47619047619047616,0.10303549028408199,1.2163745295965722,0.21637452959657222,1.1,4,2,2,0.8836254704034279,1.9560416364116084,synthetic_drift,1.0735967787743443
2021-10-16,Watford,Liverpool,0.3160586754146145,0.11764705882352941,0.1984116165910851,2.6864987410242236,1.6864987410242236,-1.0,8,0,8,-2.6864987410242236,9.0,B365CH_historico,0.9444444444444444
2021-10-16,Leicester City,Manchester Utd,0.3468442858885118,0.2857142857142857,0.061130000174226096,1.2139550006097912,0.21395500060979122,2.5,2,3,-1,2.2860449993902088,3.35356881277896,synthetic_drift,1.0436642858387328
2021-10-16,Norwich City,Brighton,0.4442151240335155,0.2777777777777778,0.1664373462557377,1.5991744465206559,0.5991744465206559,-1.0,7,0,7,-1.5991744465206559,3.217492236154312,synthetic_drift,1.1188838187540984
2021-10-16,Aston Villa,Wolves,0.5989047807044972,0.46511627906976744,0.13378850163472972,1.2876452785146688,0.2876452785146688,-1.0,6,0,6,-1.2876452785146688,2.0,B365CH_historico,1.075
2021-10-16,Brentford,Chelsea,0.40977941112049776,0.15384615384615385,0.2559332572743439,2.6635661722832356,1.6635661722832356,-1.0,9,0,9,-2.6635661722832356,5.75,B365CH_historico,1.1304347826086956
2021-10-17,Everton,West Ham,0.503256094283489,0.4,0.10325609428348903,1.2581402357087226,0.2581402357087226,-1.0,4,0,4,-1.2581402357087226,2.8,B365CH_historico,0.8928571428571429
2021-10-17,Newcastle United,Tottenham,0.44820279877019475,0.2857142857142857,0.16248851305590906,1.5687097956956817,0.5687097956956817,-1.0,7,0,7,-1.5687097956956817,3.1360230549257597,synthetic_drift,1.1160632236113637
2021-10-18,Arsenal,Crystal Palace,0.720029604452908,0.625,0.09502960445290798,1.1520473671246527,0.15204736712465272,-1.0,4,0,4,-1.1520473671246527,1.57,B365CH_historico,1.019108280254777
2021-10-22,Arsenal,Aston Villa,0.6179459226205747,0.5464480874316939,0.07149783518888075,1.1308410383956518,0.13084103839565175,0.8300000000000001,2,1,1,0.6991589616043483,1.85,B365CH_historico,0.9891891891891892
2021-10-23,Southampton,Burnley,0.6124909215141086,0.5128205128205129,0.09967040869359567,1.1943572969525116,0.19435729695251158,-1.0,4,0,4,-1.1943572969525116,1.9,B365CH_historico,1.0263157894736843
2021-10-23,Everton,Watford,0.6381835901048023,0.6060606060606061,0.03212298404419622,1.0530029236729237,0.053002923672923696,-1.0,0,0,0,-1.0530029236729237,1.75,B365CH_historico,0.9428571428571428
2021-10-23,Leeds United,Wolves,0.5465246692909,0.4166666666666667,0.12985800262423336,1.31165920629816,0.31165920629816,-1.0,5,0,5,-1.31165920629816,2.1962822655674206,synthetic_drift,1.0927557161601666
2021-10-23,Brighton And Hove Albion,Manchester City,0.2755247107197011,0.125,0.15052471071970108,2.2041976857576087,1.2041976857576087,-1.0,6,0,6,-2.2041976857576087,7.223361177392225,synthetic_drift,1.1075176505140722
2021-10-23,Crystal Palace,Newcastle Utd,0.5376647722711206,0.5263157894736842,0.011348982797436458,1.0215630673151292,0.021563067315129247,-1.0,0,0,0,-1.0215630673151292,1.8847216616315625,synthetic_drift,1.008106416283883
2021-10-24,Brentford,Leicester City,0.5543318908029772,0.38167938931297707,0.1726525014900001,1.4523495539038003,0.45234955390380027,-1.0,7,0,7,-1.4523495539038003,2.3323652215125565,synthetic_drift,1.1233232153500001
2021-10-24,Manchester United,Liverpool,0.3885325329724394,0.3225806451612903,0.06595188781114908,1.204450852214562,0.20445085221456205,-1.0,2,0,2,-1.204450852214562,2.96053372289057,synthetic_drift,1.047108491293678
2021-10-24,West Ham United,Tottenham,0.5635886080529496,0.4347826086956522,0.12880599935729742,1.2962537985217841,0.29625379852178413,1.2999999999999998,5,2,3,1.0037462014782157,2.1062188409475575,synthetic_drift,1.0920042852552125
2021-10-30,Leicester City,Arsenal,0.5231967936032557,0.4166666666666667,0.10653012693658898,1.2556723046478135,0.25567230464781354,-1.0,4,0,4,-1.2556723046478135,2.2302906127953093,synthetic_drift,1.0760929478118493
2021-10-30,Newcastle United,Chelsea,0.24946111595778953,0.11764705882352941,0.13181405713426012,2.120419485641211,1.1204194856412109,-1.0,5,0,5,-2.120419485641211,7.768566912267858,synthetic_drift,1.094152897953043
2021-10-30,Tottenham Hotspur,Manchester Utd,0.4381366868802208,0.3484320557491289,0.0897046311310919,1.2574522913462336,0.2574522913462336,-1.0,3,0,3,-1.2574522913462336,2.6971789682557694,synthetic_drift,1.0640747365222085
2021-10-30,Watford,Southampton,0.6290755308699079,0.3125,0.31657553086990786,2.0130416987837054,1.0130416987837054,-1.0,9,0,9,-2.0130416987837054,3.3,B365CH_historico,0.9696969696969698
2021-10-31,Aston Villa,West Ham,0.4382902130241747,0.35714285714285715,0.08114735588131755,1.227212596467689,0.227212596467689,-1.0,3,0,3,-1.227212596467689,2.9,B365CH_historico,0.9655172413793103
2021-10-31,Norwich City,Leeds United,0.4476324997466313,0.29411764705882354,0.15351485268780773,1.5219504991385462,0.5219504991385462,-1.0,6,0,6,-1.5219504991385462,3.064019627340224,synthetic_drift,1.109653466205577
2021-11-01,Wolverhampton Wanderers,Everton,0.48576273632110517,0.45454545454545453,0.03121728177565064,1.0686780199064314,0.06867801990643141,1.2000000000000002,0,2,-2,1.1313219800935688,2.152014260321658,synthetic_drift,1.022298058411179
2021-11-06,Manchester United,Manchester City,0.32782142121400526,0.21052631578947367,0.11729510542453159,1.557151750766525,0.5571517507665249,-1.0,5,0,5,-1.557151750766525,4.3827993488052295,synthetic_drift,1.0837822181603798
2021-11-06,Crystal Palace,Wolves,0.5048331936802004,0.4081632653061224,0.096669928374078,1.236841324516491,0.2368413245164911,1.4500000000000002,4,2,2,1.213158675483509,2.3,B365CH_historico,1.065217391304348
2021-11-06,Chelsea,Burnley,0.8426899877228671,0.8,0.04268998772286703,1.0533624846535838,0.05336248465358384,-1.0,1,0,1,-1.0533624846535838,1.28,B365CH_historico,0.9765625
2021-11-06,Brentford,Norwich City,0.6757410686265135,0.625,0.05074106862651351,1.0811857098024216,0.08118570980242157,-1.0,1,0,1,-1.0811857098024216,1.54403845623583,synthetic_drift,1.0362436204475096
2021-11-07,Everton,Tottenham,0.5064071566242923,0.3225806451612903,0.18382651146300194,1.569862185535306,0.5698621855353061,-1.0,8,0,8,-1.569862185535306,3.4,B365CH_historico,0.911764705882353
2021-11-07,Leeds United,Leicester City,0.5234363403980908,0.35714285714285715,0.1662934832552337,1.4656217531146543,0.46562175311465426,-1.0,7,0,7,-1.4656217531146543,2.502723813836631,synthetic_drift,1.118781059468024
2021-11-07,West Ham United,Liverpool,0.3599778191698349,0.21052631578947367,0.14945150338036123,1.7098946410567157,0.7098946410567157,3.75,6,3,3,3.0401053589432845,4.291841329329783,synthetic_drift,1.1067510738431152
2021-11-20,Watford,Manchester Utd,0.29676129780921506,0.15384615384615385,0.1429151439630612,1.9289484357598978,0.9289484357598978,5.5,6,3,3,4.571051564240102,5.897926425575263,synthetic_drift,1.102082245687901
2021-11-20,Norwich City,Southampton,0.5090985342399693,0.2777777777777778,0.23132075646219152,1.8327547232638897,0.8327547232638897,2.6,9,3,6,1.7672452767361104,3.0895211625518297,synthetic_drift,1.1652291117587081
2021-11-20,Newcastle United,Brentford,0.4641256976047654,0.38167938931297707,0.08244630829178834,1.2160093277244854,0.21600932772448544,-1.0,3,0,3,-1.2160093277244854,2.474288599515357,synthetic_drift,1.0588902202084203
2021-11-20,Wolverhampton Wanderers,West Ham,0.35798053623501036,0.3333333333333333,0.024647202901677046,1.073941608705031,0.07394160870503108,2.0,0,3,-3,1.926058391294969,2.948098302123902,synthetic_drift,1.0176051449297694
2021-11-20,Burnley,Crystal Palace,0.4761235623322636,0.37037037037037035,0.10575319196189326,1.2855336182971118,0.28553361829711177,-1.0,4,0,4,-1.2855336182971118,2.8,B365CH_historico,0.9642857142857144
2021-11-20,Aston Villa,Brighton,0.4880313882922567,0.4081632653061224,0.07986812298613427,1.1956769013160289,0.19567690131602888,1.4500000000000002,3,2,1,1.2543230986839713,2.45,B365CH_historico,1.0
2021-11-20,Leicester City,Chelsea,0.3643249817009964,0.21052631578947367,0.15379866591152275,1.730543663079733,0.7305436630797331,-1.0,6,0,6,-1.730543663079733,4.279833768616885,synthetic_drift,1.1098561899368018
2021-11-21,Tottenham Hotspur,Leeds United,0.6024720717517643,0.5882352941176471,0.014236777634117237,1.0242025219779993,0.024202521977999325,0.7,0,1,-1,0.6757974780220006,1.6828865135168611,synthetic_drift,1.0101691268815123
2021-11-27,Brighton And Hove Albion,Leeds United,0.5443261951786553,0.48780487804878053,0.05652131712987479,1.1158687001162433,0.11586870011624328,-1.0,1,0,1,-1.1158687001162433,1.9704483320954291,synthetic_drift,1.040372369378482
2021-11-27,Crystal Palace,Aston Villa,0.5553824435214244,0.45454545454545453,0.10083698897596988,1.2218413757471338,0.2218413757471338,-1.0,4,0,4,-1.2218413757471338,2.25,B365CH_historico,0.9777777777777779
2021-11-27,Liverpool,Southampton,0.8291587097416678,0.78125,0.04790870974166783,1.0613231484693348,0.06132314846933484,0.28,1,0,1,0.21867685153066518,1.25,B365CH_historico,1.024
2021-11-27,Norwich City,Wolves,0.47996125873038387,0.2857142857142857,0.19424697301609817,1.6798644055563434,0.6798644055563434,-1.0,8,0,8,-1.6798644055563434,3.0735513900521116,synthetic_drift,1.1387478378686415
2021-11-28,Brentford,Everton,0.5688197074618565,0.4444444444444444,0.12437526301741209,1.2798443417891772,0.27984434178917716,1.25,5,2,3,0.9701556582108228,2.15,B365CH_historico,1.0465116279069768
2021-11-30,Leeds United,Crystal Palace,0.5887698689883133,0.4166666666666667,0.1721032023216466,1.4130476855719518,0.4130476855719518,1.4,7,2,5,0.9869523144280481,2.1372642680442526,synthetic_drift,1.1229308588011762
2021-11-30,Newcastle United,Norwich City,0.5373754629908164,0.5128205128205129,0.024554950170303513,1.0478821528320919,0.04788215283209185,-1.0,0,0,0,-1.0478821528320919,1.9163879916837412,synthetic_drift,1.0175392501216454
2021-12-01,West Ham United,Brighton,0.634342740697068,0.5128205128205129,0.12152222787655509,1.2369683443592825,0.2369683443592825,-1.0,5,0,5,-1.2369683443592825,1.7942557459775024,synthetic_drift,1.0868015913403966
2021-12-01,Wolverhampton Wanderers,Burnley,0.6090170188337696,0.5405405405405405,0.06847647829322911,1.1266814848424738,0.12668148484247377,-1.0,2,0,2,-1.1266814848424738,1.7637327109320045,synthetic_drift,1.0489117702094495
2021-12-01,Watford,Chelsea,0.2934956870137671,0.1,0.1934956870137671,2.934956870137671,1.934956870137671,-1.0,8,0,8,-2.934956870137671,9.0,B365CH_historico,1.1111111111111112
2021-12-01,Everton,Liverpool,0.25462524651559315,0.13333333333333333,0.12129191318225982,1.9096893488669486,0.9096893488669486,-1.0,5,0,5,-1.9096893488669486,8.0,B365CH_historico,0.9375
2021-12-01,Aston Villa,Manchester City,0.25989764408957144,0.1111111111111111,0.14878653297846034,2.339078796806143,1.339078796806143,-1.0,6,0,6,-2.339078796806143,8.135401316906488,synthetic_drift,1.1062760949846144
2021-12-04,Newcastle United,Burnley,0.5379815711882737,0.4347826086956522,0.1031989624926215,1.2373576137330295,0.23735761373302955,1.2999999999999998,4,2,2,1.0626423862669703,2.142098338506407,synthetic_drift,1.0737135446375867
2021-12-04,Southampton,Brighton,0.4680509316016921,0.4081632653061224,0.059887666295569686,1.1467247824241458,0.14672478242414577,-1.0,2,0,2,-1.1467247824241458,2.6,B365CH_historico,0.9423076923076923
2021-12-04,Watford,Manchester City,0.23348634791529485,0.08333333333333333,0.1501530145819615,2.801836174983538,1.801836174983538,-1.0,6,0,6,-2.801836174983538,10.8376397955337,synthetic_drift,1.1072521532728297
2021-12-04,West Ham United,Chelsea,0.3716358787178469,0.21052631578947367,0.16110956292837325,1.765270423909773,0.765270423909773,3.75,7,3,4,2.984729576090227,4.259790701381486,synthetic_drift,1.1150782592345523
2021-12-04,Wolverhampton Wanderers,Liverpool,0.2433687591969684,0.125,0.1183687591969684,1.9469500735757472,0.9469500735757472,-1.0,5,0,5,-1.9469500735757472,7.376337225170143,synthetic_drift,1.0845491137121204
2021-12-05,Aston Villa,Leicester City,0.5072403578760504,0.42194092827004215,0.08529942960600823,1.2021596481662395,0.20215964816623955,1.37,3,2,1,1.1678403518337606,2.2338930008746694,synthetic_drift,1.0609281640042916
2021-12-05,Leeds United,Brentford,0.5891805652434776,0.5128205128205129,0.07636005242296473,1.1489021022247814,0.1489021022247814,-1.0,2,0,2,-1.1489021022247814,1.8491424199128073,synthetic_drift,1.054542894587832
2021-12-06,Everton,Arsenal,0.38947340798398994,0.29411764705882354,0.0953557609251664,1.3242095871455657,0.3242095871455657,2.4,4,3,1,2.075790412854434,3.6,B365CH_historico,0.9444444444444444
2021-12-10,Brentford,Watford,0.576270034147246,0.4444444444444444,0.13182558970280156,1.2966075768313035,0.29660757683130345,1.25,5,2,3,0.9533924231686965,2.45,B365CH_historico,0.9183673469387754
2021-12-11,Arsenal,Southampton,0.7105406702318091,0.6211180124223602,0.08942265780944891,1.1439704790732128,0.1439704790732128,0.6100000000000001,3,1,2,0.4660295209267873,1.75,B365CH_historico,0.92
2021-12-11,Norwich City,Manchester Utd,0.27681126541833284,0.14285714285714285,0.13395412256119,1.93767885792833,0.93767885792833,-1.0,6,0,6,-1.93767885792833,6.388717795312731,synthetic_drift,1.0956815161151356
2021-12-12,Burnley,West Ham,0.3419980426908036,0.2777777777777778,0.06422026491302579,1.2311929536868929,0.23119295368689285,-1.0,2,0,2,-1.2311929536868929,3.4,B365CH_historico,1.0588235294117647
2021-12-12,Crystal Palace,Everton,0.539274011905445,0.4347826086956522,0.10449140320979278,1.2403302273825234,0.2403302273825234,1.2999999999999998,4,2,2,1.0596697726174764,2.1,B365CH_historico,1.0952380952380951
2021-12-12,Leicester City,Newcastle Utd,0.645239064214029,0.6024096385542169,0.04282942565981207,1.0710968465952881,0.07109684659528814,0.6599999999999999,1,1,0,0.5889031534047118,1.6107240112165198,synthetic_drift,1.0305924468998657
2021-12-14,Norwich City,Aston Villa,0.44391719182334577,0.30303030303030304,0.14088688879304273,1.464926733017041,0.464926733017041,-1.0,6,0,6,-1.464926733017041,2.9982732889750188,synthetic_drift,1.1006334919950305
2021-12-15,Arsenal,West Ham,0.5540970608955719,0.47619047619047616,0.0779065847050957,1.163603827880701,0.16360382788070105,1.1,3,2,1,0.936396172119299,2.0,B365CH_historico,1.05
2021-12-15,Brighton And Hove Albion,Wolves,0.5594390467099059,0.4444444444444444,0.11499460226546143,1.258737855097288,0.2587378550972881,-1.0,5,0,5,-1.258737855097288,2.079215328747454,synthetic_drift,1.0821390016181867
2021-12-15,Crystal Palace,Southampton,0.6148019633996694,0.46511627906976744,0.14968568432990198,1.3218242213092892,0.3218242213092892,-1.0,6,0,6,-1.3218242213092892,1.95,B365CH_historico,1.1025641025641026
2021-12-18,Leeds United,Arsenal,0.41380195341233444,0.25641025641025644,0.157391697002078,1.6138276183081044,0.6138276183081044,-1.0,7,0,7,-1.6138276183081044,3.5058617626575894,synthetic_drift,1.11242264071577
2021-12-19,Tottenham Hotspur,Liverpool,0.3509080520560854,0.19047619047619047,0.16043186157989492,1.8422672732944483,0.8422672732944483,-1.0,7,0,7,-1.8422672732944483,4.7102345068488445,synthetic_drift,1.114594186842782
2021-12-19,Wolverhampton Wanderers,Chelsea,0.2813212256810196,0.14285714285714285,0.13846408282387673,1.969248579767137,0.9692485797671371,-1.0,6,0,6,-1.969248579767137,6.369989465085162,synthetic_drift,1.098902916302769
2021-12-19,Newcastle United,Manchester City,0.17166221330306808,0.07692307692307693,0.09473913637999115,2.231608772939885,1.231608772939885,-1.0,4,0,4,-2.231608772939885,12.176037649002328,synthetic_drift,1.0676708116999938
2021-12-26,Norwich City,Arsenal,0.2843254856500902,0.125,0.1593254856500902,2.2746038852007215,1.2746038852007215,-1.0,7,0,7,-2.2746038852007215,7.1825927960964915,synthetic_drift,1.113803918321493
2021-12-26,Tottenham Hotspur,Crystal Palace,0.6966016568897606,0.5813953488372093,0.11520630805255128,1.1981548498503882,0.19815484985038823,0.72,5,1,4,0.5218451501496117,1.5892225284456012,synthetic_drift,1.0822902200375366
2021-12-26,Aston Villa,Chelsea,0.3522197587006037,0.19047619047619047,0.16174356822441321,1.8491537331781693,0.8491537331781693,-1.0,7,0,7,-1.8491537331781693,5.25,B365CH_historico,1.0
2021-12-26,West Ham United,Southampton,0.725848797665209,0.5555555555555556,0.17029324210965346,1.3065278357973764,0.3065278357973764,-1.0,7,0,7,-1.3065278357973764,1.6047958001872549,synthetic_drift,1.121638030078324
2021-12-27,Newcastle United,Manchester Utd,0.26851749862810076,0.15384615384615385,0.1146713447819469,1.745363741082655,0.745363741082655,-1.0,5,0,5,-1.745363741082655,6.007903979532961,synthetic_drift,1.0819081034156763
2021-12-28,Crystal Palace,Norwich City,0.6472511477007427,0.6060606060606061,0.04119054164013658,1.0679643937062253,0.06796439370622531,0.6499999999999999,1,1,0,0.5820356062937746,1.6028414933747215,synthetic_drift,1.0294218154572403
2021-12-28,Leicester City,Liverpool,0.29764608776960483,0.125,0.17264608776960483,2.3811687021568386,1.3811687021568386,7.0,7,3,4,5.618831297843162,7.1217549117388055,synthetic_drift,1.1233186341211463
2021-12-28,Southampton,Tottenham,0.45624696002254256,0.26666666666666666,0.1895802933558759,1.7109261000845346,0.7109261000845346,-1.0,8,0,8,-1.7109261000845346,3.75,B365CH_historico,1.0
2021-12-28,Watford,West Ham,0.4165939387289659,0.29411764705882354,0.12247629167014235,1.416419391678484,0.41641939167848396,-1.0,5,0,5,-1.416419391678484,3.6,B365CH_historico,0.9444444444444444
2021-12-29,Brentford,Manchester City,0.19705290380852267,0.05263157894736842,0.14442132486115425,3.7440051723619305,2.7440051723619305,-1.0,6,0,6,-3.7440051723619305,17.223279406862233,synthetic_drift,1.1031580891865387
2021-12-29,Chelsea,Brighton,0.7656510025548067,0.7142857142857143,0.05136528826909237,1.0719114035767292,0.0719114035767292,-1.0,1,0,1,-1.0719114035767292,1.33,B365CH_historico,1.0526315789473684
2022-01-01,Arsenal,Manchester City,0.351098051759274,0.17391304347826086,0.17718500828101313,2.0188137976158256,1.0188137976158256,-1.0,7,0,7,-2.0188137976158256,5.104030255000813,synthetic_drift,1.1265607202007237
2022-01-01,Crystal Palace,West Ham,0.40709436664874593,0.3225806451612903,0.08451372148745562,1.2619925366111124,0.26199253661111244,-1.0,3,0,3,-1.2619925366111124,3.4,B365CH_historico,0.911764705882353
2022-01-01,Watford,Tottenham,0.4504549019058137,0.2,0.2504549019058137,2.2522745095290686,1.2522745095290686,-1.0,9,0,9,-2.2522745095290686,5.5,B365CH_historico,0.9090909090909091
2022-01-02,Leeds United,Burnley,0.6251600264431403,0.48780487804878053,0.13735514839435975,1.2815780542084374,0.2815780542084374,1.0499999999999998,6,2,4,0.7684219457915624,1.8668425464327336,synthetic_drift,1.0981108202816856
2022-01-02,Everton,Brighton,0.4890497720452465,0.36363636363636365,0.12541340840888288,1.344886873124428,0.3448868731244279,-1.0,5,0,5,-1.344886873124428,3.0,B365CH_historico,0.9166666666666666
2022-01-02,Brentford,Aston Villa,0.516892746702838,0.3333333333333333,0.1835594133695047,1.550678240108514,0.550678240108514,2.0,8,3,5,1.449321759891486,2.8,B365CH_historico,1.0714285714285714
2022-01-02,Chelsea,Liverpool,0.5025250356449705,0.3225806451612903,0.17994439048368022,1.5578276104994087,0.5578276104994087,-1.0,7,0,7,-1.5578276104994087,2.5,B365CH_historico,1.24
2022-01-11,Southampton,Brentford,0.5067934344072146,0.48780487804878053,0.01898855635843405,1.0389265405347898,0.03892654053478983,1.0499999999999998,0,2,-2,1.01107345946521,2.1,B365CH_historico,0.976190476190476
2022-01-14,Brighton And Hove Albion,Crystal Palace,0.5947498824650278,0.48780487804878053,0.10694500441624727,1.219237259053307,0.21923725905330693,-1.0,4,0,4,-1.219237259053307,1.9045154213253892,synthetic_drift,1.076389288868748
2022-01-15,Aston Villa,Manchester Utd,0.3587873170682221,0.3484320557491289,0.0103552613190932,1.0297195999857975,0.02971959998579754,-1.0,0,0,0,-1.0297195999857975,2.8489275788867547,synthetic_drift,1.0073966152279237
2022-01-15,Manchester City,Chelsea,0.7037031901896504,0.6060606060606061,0.09764258412904436,1.1611102638129231,0.16111026381292315,0.6499999999999999,4,1,3,0.48888973618707676,1.5424240900197044,synthetic_drift,1.0697447029493174
2022-01-15,Newcastle United,Watford,0.5511498234349863,0.5,0.05114982343498631,1.1022996468699726,0.10229964686997262,-1.0,1,0,1,-1.1022996468699726,1.9295044211025565,synthetic_drift,1.0365355881678473
2022-01-15,Norwich City,Everton,0.43307107645965937,0.26666666666666666,0.1664044097929927,1.6240165367237227,0.6240165367237227,2.75,7,3,4,2.1259834632762775,3.3516248851047417,synthetic_drift,1.1188602927092806
2022-01-15,Wolverhampton Wanderers,Southampton,0.5517027080028062,0.4444444444444444,0.10725826355836177,1.241331093006314,0.24133109300631395,1.25,4,2,2,1.008668906993686,2.089887364467603,synthetic_drift,1.0766130453988298
2022-01-16,West Ham United,Leeds United,0.6562214693651571,0.6211180124223602,0.03510345694279693,1.056516565677903,0.056516565677902975,-1.0,0,0,0,-1.056516565677903,1.570618472902086,synthetic_drift,1.0250738978162834
2022-01-16,Liverpool,Brentford,0.8273935649902692,0.7692307692307692,0.05816279575950001,1.0756116344873499,0.07561163448734987,0.30000000000000004,1,0,1,0.22438836551265018,1.22,B365CH_historico,1.0655737704918034
2022-01-18,Brighton And Hove Albion,Chelsea,0.324717641726046,0.21052631578947367,0.11419132593657233,1.5424087981987185,0.5424087981987185,-1.0,4,0,4,-1.5424087981987185,4.3917831822783535,synthetic_drift,1.0815652328118375
2022-01-19,Leicester City,Tottenham,0.573323114893641,0.3333333333333333,0.23998978156030765,1.7199693446809228,0.7199693446809228,-1.0,9,0,9,-1.7199693446809228,2.560991566669437,synthetic_drift,1.1714212725430768
2022-01-19,Brentford,Manchester Utd,0.3199329488539747,0.2222222222222222,0.09771072663175251,1.4396982698428862,0.4396982698428862,-1.0,4,0,4,-1.4396982698428862,4.206419763159647,synthetic_drift,1.0697933761655376
2022-01-21,Watford,Norwich City,0.6330141456596147,0.5,0.13301414565961467,1.2660282913192293,0.26602829131922934,-1.0,5,0,5,-1.2660282913192293,1.826467164655702,synthetic_drift,1.095010104042582
2022-01-22,Brentford,Wolves,0.4639230460078224,0.3125,0.15142304600782241,1.4845537472250319,0.48455374722503186,-1.0,6,0,6,-1.4845537472250319,2.37,B365CH_historico,1.350210970464135
2022-01-22,Everton,Aston Villa,0.47796959014691215,0.36363636363636365,0.1143332265105485,1.3144163729040084,0.31441637290400837,-1.0,4,0,4,-1.3144163729040084,2.7,B365CH_historico,1.0185185185185184
2022-01-22,Leeds United,Newcastle Utd,0.6503571173765569,0.5,0.15035711737655688,1.3007142347531138,0.30071423475311376,-1.0,6,0,6,-1.3007142347531138,1.806035505379581,synthetic_drift,1.1073979409832548
2022-01-22,Southampton,Manchester City,0.16338685640524891,0.1,0.06338685640524891,1.6338685640524893,0.6338685640524893,-1.0,2,0,2,-1.6338685640524893,9.566848259379915,synthetic_drift,1.0452763260037492
2022-01-23,Arsenal,Burnley,0.8019503808742469,0.7352941176470588,0.0666562632271881,1.090652517988976,0.09065251798897589,-1.0,2,0,2,-1.090652517988976,1.28,B365CH_historico,1.0625
2022-01-23,Chelsea,Tottenham,0.7024937230761379,0.6211180124223602,0.08137571065377769,1.1310148941525822,0.13101489415258216,0.6100000000000001,3,1,2,0.47898510584741794,1.7,B365CH_historico,0.9470588235294118
2022-01-23,Crystal Palace,Liverpool,0.2403191403625718,0.16666666666666666,0.07365247369590514,1.4419148421754309,0.44191484217543087,-1.0,2,0,2,-1.4419148421754309,5.75,B365CH_historico,1.0434782608695652
2022-01-23,Leicester City,Brighton,0.5656657216441574,0.4,0.16566572164415738,1.4141643041103935,0.4141643041103935,-1.0,7,0,7,-1.4141643041103935,2.235470797894543,synthetic_drift,1.1183326583172553
2022-02-05,Burnley,Watford,0.5659913447053959,0.45454545454545453,0.11144589015994139,1.2451809583518711,0.24518095835187115,-1.0,4,0,4,-1.2451809583518711,2.15,B365CH_historico,1.0232558139534884
2022-02-08,Newcastle United,Everton,0.5533934293478524,0.4,0.15339342934785238,1.383483573369631,0.3834835733696309,1.5,6,2,4,1.116516426630369,2.253131714011031,synthetic_drift,1.109566735248466
2022-02-08,West Ham United,Watford,0.7272123414515081,0.6451612903225806,0.08205105112892752,1.1271791292498377,0.12717912924983765,0.55,3,1,2,0.4228208707501624,1.4641870793499583,synthetic_drift,1.0586078936635197
2022-02-08,Burnley,Manchester Utd,0.25862531696771024,0.18181818181818182,0.07680713514952842,1.4224392433224062,0.42243924332240623,-1.0,2,0,2,-1.4224392433224062,5.213950973510408,synthetic_drift,1.0548622393925202
2022-02-09,Aston Villa,Leeds United,0.5858583886478009,0.5555555555555556,0.03030283309224535,1.0545450995660417,0.0545450995660417,-1.0,0,0,0,-1.0545450995660417,1.761864649706302,synthetic_drift,1.0216448807801752
2022-02-09,Norwich City,Crystal Palace,0.4805212564242075,0.2857142857142857,0.1948069707099218,1.6818243974847262,0.6818243974847262,-1.0,8,0,8,-1.6818243974847262,3.072472148663098,synthetic_drift,1.1391478362213727
2022-02-09,Tottenham Hotspur,Southampton,0.715768590975426,0.625,0.090768590975426,1.1452297455606817,0.1452297455606817,-1.0,3,0,3,-1.1452297455606817,1.5025806242230688,synthetic_drift,1.06483470783959
2022-02-10,Wolverhampton Wanderers,Arsenal,0.3851961281910947,0.2857142857142857,0.09948184247680902,1.3481864486688315,0.3481864486688315,-1.0,4,0,4,-1.3481864486688315,3.267795488544426,synthetic_drift,1.0710584589120065
2022-02-12,Brentford,Crystal Palace,0.5193170273112435,0.3921568627450981,0.12716016456614543,1.3242584196436709,0.32425841964367086,-1.0,5,0,5,-1.3242584196436709,3.0,B365CH_historico,0.85
2022-02-12,Everton,Leeds United,0.45556477224846054,0.4444444444444444,0.011120327804016117,1.025020737559036,0.02502073755903611,1.25,0,2,-2,1.224979262440964,2.232268884469992,synthetic_drift,1.007943091288583
2022-02-12,Manchester United,Southampton,0.6432482941686946,0.625,0.018248294168694557,1.0291972706699113,0.02919727066991129,-1.0,0,0,0,-1.0291972706699113,1.5794131459280019,synthetic_drift,1.013034495834782
2022-02-12,Norwich City,Manchester City,0.1324067223264354,0.06666666666666667,0.06574005565976875,1.9861008348965312,0.9861008348965312,-1.0,2,0,2,-1.9861008348965312,14.327233481074062,synthetic_drift,1.0469571826141206
2022-02-12,Watford,Brighton,0.3903267785027838,0.2857142857142857,0.1046124927884981,1.3661437247597432,0.3661437247597432,-1.0,4,0,4,-1.3661437247597432,4.0,B365CH_historico,0.875
2022-02-13,Tottenham Hotspur,Wolves,0.6304516901267975,0.5882352941176471,0.04221639600915039,1.0717678732155558,0.07176787321555578,-1.0,1,0,1,-1.0717678732155558,1.6502377913507646,synthetic_drift,1.0301545685779645
2022-02-13,Newcastle United,Aston Villa,0.47244801842462164,0.37037037037037035,0.10207764805425129,1.2756096497464786,0.2756096497464786,1.7000000000000002,4,3,1,1.4243903502535216,2.5165143791977096,synthetic_drift,1.0729126057530367
2022-02-13,Burnley,Liverpool,0.18391369239777677,0.1,0.08391369239777677,1.8391369239777677,0.8391369239777677,-1.0,3,0,3,-1.8391369239777677,12.0,B365CH_historico,0.8333333333333334
2022-02-13,Leicester City,West Ham,0.4757224014398529,0.3448275862068966,0.13089481523295632,1.3795949641755734,0.37959496417557337,-1.0,5,0,5,-1.3795949641755734,2.6520437325945148,synthetic_drift,1.0934962965949688
2022-02-19,Arsenal,Brentford,0.7779929961617568,0.6944444444444444,0.08354855171731235,1.1203099144729296,0.1203099144729296,0.43999999999999995,3,0,3,0.31969008552707034,1.5,B365CH_historico,0.96
2022-02-19,Aston Villa,Watford,0.6877363554896441,0.6060606060606061,0.08167574942903799,1.1347649865579126,0.13476498655791258,-1.0,3,0,3,-1.1347649865579126,1.6,B365CH_historico,1.0312499999999998
2022-02-19,Brighton And Hove Albion,Burnley,0.658293874850141,0.6024096385542169,0.055884236295924095,1.092767832251234,0.09276783225123397,-1.0,1,0,1,-1.092767832251234,1.5962807633062537,synthetic_drift,1.0399173116399458
2022-02-19,Crystal Palace,Chelsea,0.2822034126106557,0.18181818181818182,0.10038523079247386,1.5521187693586063,0.5521187693586063,-1.0,4,0,4,-1.5521187693586063,5.5,B365CH_historico,1.0
2022-02-19,Manchester City,Tottenham,0.8402389911936645,0.78125,0.05898899119366452,1.0755059087278906,0.07550590872789065,-1.0,1,0,1,-1.0755059087278906,1.2282477872118036,synthetic_drift,1.0421349937097604
2022-02-19,Southampton,Everton,0.6199448870392545,0.47619047619047616,0.14375441084877838,1.3018842627824345,0.3018842627824345,1.1,6,2,4,0.7981157372175656,2.0,B365CH_historico,1.05
2022-02-19,West Ham United,Newcastle Utd,0.6988799291867153,0.5882352941176471,0.11064463506906819,1.188095879617416,0.18809587961741592,-1.0,4,0,4,-1.188095879617416,1.5754863485092137,synthetic_drift,1.0790318821921916
2022-02-20,Leeds United,Manchester Utd,0.32417463856389406,0.25641025641025644,0.06776438215363761,1.2642810903991868,0.2642810903991868,-1.0,2,0,2,-1.2642810903991868,3.7199431096621858,synthetic_drift,1.0484031301097412
2022-02-20,Wolverhampton Wanderers,Leicester City,0.49318456494509066,0.4444444444444444,0.048740120500646245,1.109665271126454,0.10966527112645408,1.25,1,2,-1,1.140334728873546,2.1743030067472993,synthetic_drift,1.034814371786176
2022-02-23,Watford,Crystal Palace,0.49040068154195604,0.3225806451612903,0.16782003638066573,1.5202421127800638,0.5202421127800638,-1.0,7,0,7,-1.5202421127800638,2.87,B365CH_historico,1.0801393728222997
2022-02-23,Burnley,Tottenham,0.4125156708876536,0.2173913043478261,0.1951243665398275,1.8975720860832066,0.8975720860832066,3.5999999999999996,8,3,5,2.702427913916793,4.5,B365CH_historico,1.0222222222222221
2022-02-24,Arsenal,Wolves,0.6590206657786445,0.6060606060606061,0.05296005971803841,1.0873840985347634,0.08738409853476337,0.6499999999999999,1,1,0,0.5626159014652365,1.61,B365CH_historico,1.0248447204968942
2022-02-25,Southampton,Norwich City,0.6914335208061692,0.6535947712418301,0.03783874956433908,1.0578932868334388,0.05789328683343875,0.53,1,1,0,0.4721067131665613,1.489735897470436,synthetic_drift,1.027027678260242
2022-02-26,Brentford,Newcastle Utd,0.5268000329424231,0.4,0.12680003294242304,1.3170000823560577,0.3170000823560577,-1.0,5,0,5,-1.3170000823560577,2.2923761622239813,synthetic_drift,1.0905714521017307
2022-02-26,Brighton And Hove Albion,Aston Villa,0.5399506583342675,0.45454545454545453,0.08540520378881294,1.1878914483353886,0.18789144833538862,-1.0,3,0,3,-1.1878914483353886,2.0735082872632096,synthetic_drift,1.0610037169920092
2022-02-26,Crystal Palace,Burnley,0.5756617775587628,0.5263157894736842,0.04934598808507862,1.0937573773616494,0.09375737736164935,-1.0,1,0,1,-1.0937573773616494,1.9,B365CH_historico,1.0
2022-02-26,Everton,Manchester City,0.15427394240562628,0.1,0.054273942405626274,1.5427394240562629,0.5427394240562629,-1.0,1,0,1,-1.5427394240562629,9.626796982170722,synthetic_drift,1.0387671017183044
2022-02-26,Leeds United,Tottenham,0.4269351426713652,0.23809523809523808,0.1888399045761271,1.7931275992197337,0.7931275992197337,-1.0,8,0,8,-1.7931275992197337,3.7008133941403463,synthetic_drift,1.134885646125805
2022-02-27,West Ham United,Wolves,0.5694547914460889,0.48780487804878053,0.08164991339730837,1.1673823224644821,0.16738232246448215,1.0499999999999998,3,2,1,0.8826176775355177,1.9370297760955637,synthetic_drift,1.0583213667123632
2022-03-01,Burnley,Leicester City,0.4870326296297543,0.3448275862068966,0.14220504342285772,1.4123946259262874,0.4123946259262874,-1.0,6,0,6,-1.4123946259262874,2.632594165941128,synthetic_drift,1.101575031016327
2022-03-05,Burnley,Chelsea,0.25986786801055917,0.15384615384615385,0.10602171416440531,1.6891411420686346,0.6891411420686346,-1.0,4,0,4,-1.6891411420686346,7.0,B365CH_historico,0.9285714285714286
2022-03-05,Wolverhampton Wanderers,Crystal Palace,0.5771686906430726,0.4347826086956522,0.14238608194742042,1.327487988479067,0.3274879884790669,-1.0,6,0,6,-1.327487988479067,2.08767444006913,synthetic_drift,1.1017043442481573
2022-03-05,Norwich City,Brentford,0.5216476410054842,0.3448275862068966,0.17682005479858764,1.5127781589159042,0.5127781589159042,-1.0,7,0,7,-1.5127781589159042,2.5748023610205775,synthetic_drift,1.1263000391418483
2022-03-05,Aston Villa,Southampton,0.535722397333337,0.4347826086956522,0.10093978863768482,1.232161513866675,0.23216151386667505,1.2999999999999998,4,2,2,1.0678384861333248,2.15,B365CH_historico,1.069767441860465
2022-03-05,Leicester City,Leeds United,0.6905907316883767,0.5714285714285714,0.1191621602598053,1.2085337804546592,0.2085337804546592,0.75,5,1,4,0.5414662195453408,1.6127310593235182,synthetic_drift,1.0851158287570037
2022-03-05,Newcastle United,Brighton,0.4629203156711156,0.36363636363636365,0.09928395203475193,1.2730308680955678,0.27303086809556776,1.75,4,3,1,1.4769691319044322,2.5678924894613697,synthetic_drift,1.0709171085962514
2022-03-06,Watford,Arsenal,0.25098713199947903,0.16666666666666666,0.08432046533281237,1.5059227919968743,0.5059227919968743,-1.0,3,0,3,-1.5059227919968743,6.5,B365CH_historico,0.9230769230769231
2022-03-07,Tottenham Hotspur,Everton,0.7240741178146495,0.6369426751592356,0.08713144265541384,1.1367963649689998,0.13679636496899983,0.5700000000000001,3,1,2,0.43320363503100023,1.478013265643327,synthetic_drift,1.062236744753867
2022-03-10,Leeds United,Aston Villa,0.41144827227095765,0.37037037037037035,0.0410779019005873,1.1109103351315857,0.11091033513158566,-1.0,1,0,1,-1.1109103351315857,2.6230365443913133,synthetic_drift,1.0293413585004194
2022-03-10,Norwich City,Chelsea,0.17464725154206803,0.09090909090909091,0.08373816063297712,1.9211197669627484,0.9211197669627484,-1.0,3,0,3,-1.9211197669627484,10.379189811651276,synthetic_drift,1.059812971880698
2022-03-10,Southampton,Newcastle Utd,0.5852726563833673,0.5,0.08527265638336734,1.1705453127667347,0.17054531276673468,-1.0,3,0,3,-1.1705453127667347,1.885175754071975,synthetic_drift,1.060909040273834
2022-03-10,Wolverhampton Wanderers,Watford,0.6610217977822638,0.5714285714285714,0.08959322635369238,1.1567881461189615,0.15678814611896152,0.75,3,1,2,0.5932118538810385,1.6447443212381165,synthetic_drift,1.063995161681209
2022-03-12,Manchester United,Tottenham,0.5451467391505929,0.45454545454545453,0.09060128460513833,1.1993228261313045,0.19932282613130448,1.2000000000000002,3,2,1,1.0006771738686957,2.066280253351516,synthetic_drift,1.0647152032893843
2022-03-12,Brighton And Hove Albion,Liverpool,0.18852118997530382,0.16666666666666666,0.021854523308637158,1.1311271398518228,0.13112713985182278,-1.0,0,0,0,-1.1311271398518228,5.907777386714153,synthetic_drift,1.0156103737918838
2022-03-12,Brentford,Burnley,0.5485103366870222,0.46511627906976744,0.08339405761725477,1.1792972238770978,0.1792972238770978,1.15,3,2,1,0.9707027761229021,2.05,B365CH_historico,1.048780487804878
2022-03-13,Arsenal,Leicester City,0.6864334315394419,0.6666666666666666,0.01976676487277529,1.0296501473091628,0.029650147309162822,0.5,0,0,0,0.4703498526908372,1.479116184402429,synthetic_drift,1.014119117766268
2022-03-13,Chelsea,Newcastle Utd,0.8036228489887481,0.7692307692307692,0.03439207975797898,1.0447097036853725,0.044709703685372526,0.30000000000000004,0,0,0,0.2552902963146275,1.2688302073635849,synthetic_drift,1.0245657712556993
2022-03-13,Southampton,Watford,0.6903526076022932,0.625,0.06535260760229322,1.1045641721636692,0.1045641721636692,-1.0,2,0,2,-1.1045641721636692,1.66,B365CH_historico,0.9638554216867471
2022-03-13,West Ham United,Aston Villa,0.5795325086606111,0.4444444444444444,0.1350880642161667,1.303948144486375,0.30394814448637497,1.25,6,2,4,0.946051855513625,2.051999538937478,synthetic_drift,1.096491474440119
2022-03-14,Crystal Palace,Manchester City,0.19390104207353617,0.1,0.09390104207353617,1.9390104207353618,0.9390104207353618,-1.0,3,0,3,-1.9390104207353618,9.371437334676457,synthetic_drift,1.0670721729096686
2022-03-16,Brighton And Hove Albion,Tottenham,0.40864847184450637,0.30303030303030304,0.10561816881420333,1.348539957086871,0.348539957086871,-1.0,4,0,4,-1.348539957086871,3.0685070728381456,synthetic_drift,1.0754415491530023
2022-03-16,Arsenal,Liverpool,0.4012895315144358,0.2857142857142857,0.1155752458001501,1.4045133603005253,0.4045133603005253,-1.0,5,0,5,-1.4045133603005253,3.5,B365CH_historico,1.0
2022-03-17,Everton,Newcastle Utd,0.45117724420851407,0.4166666666666667,0.03451057754184739,1.0828253861004338,0.08282538610043377,1.4,0,2,-2,1.3171746138995661,2.342262268820379,synthetic_drift,1.024650412529891
2022-03-18,Wolverhampton Wanderers,Leeds United,0.6585204404166942,0.47619047619047616,0.18232996422621806,1.3828929248750579,0.3828929248750579,-1.0,8,0,8,-1.3828929248750579,1.8580195448916383,synthetic_drift,1.130235688733013
2022-03-19,Aston Villa,Arsenal,0.4130337710970724,0.3333333333333333,0.07970043776373908,1.2391013132912172,0.2391013132912172,-1.0,3,0,3,-1.2391013132912172,2.8,B365CH_historico,1.0714285714285714
2022-03-20,Leicester City,Brentford,0.6619041296789226,0.46511627906976744,0.1967878506091552,1.4230938788096836,0.42309387880968363,1.15,8,2,6,0.7269061211903163,1.8850343825272227,synthetic_drift,1.1405627504351108
2022-04-02,Burnley,Manchester City,0.1429697002775717,0.06666666666666667,0.07630303361090503,2.1445455041635753,1.1445455041635753,-1.0,2,0,2,-2.1445455041635753,14.224721836841235,synthetic_drift,1.0545021668649321
2022-04-02,Chelsea,Brentford,0.842055251676096,0.7518796992481203,0.0901755524279757,1.1199334847292077,0.11993348472920773,-1.0,3,0,3,-1.1199334847292077,1.4,B365CH_historico,0.9500000000000001
2022-04-02,Leeds United,Southampton,0.501152255752224,0.42194092827004215,0.07921132748218185,1.187730846132771,0.1877308461327709,-1.0,3,0,3,-1.187730846132771,2.2430872035354716,synthetic_drift,1.05657951963013
2022-04-02,Liverpool,Watford,0.9142566713952849,0.8928571428571428,0.021399528538142087,1.0239674719627192,0.0239674719627192,0.1200000000000001,0,0,0,0.0960325280372809,1.14,B365CH_historico,0.9824561403508774
2022-04-02,Wolverhampton Wanderers,Aston Villa,0.4868667514039872,0.3333333333333333,0.1535334180706539,1.4606002542119616,0.4606002542119616,2.0,6,3,3,1.5393997457880384,2.7035144214766973,synthetic_drift,1.1096667271933243
2022-04-03,Tottenham Hotspur,Newcastle Utd,0.7144942748688863,0.6666666666666666,0.04782760820221965,1.0717414123033295,0.07174141230332953,0.5,1,0,1,0.42825858769667047,1.4504489264489082,synthetic_drift,1.0341625772872998
2022-04-03,West Ham United,Everton,0.7463639153733073,0.5714285714285714,0.17493534394473587,1.3061368519032877,0.30613685190328765,0.75,7,1,6,0.44386314809671235,1.5556194160094803,synthetic_drift,1.1249538171033828
2022-04-04,Crystal Palace,Arsenal,0.36434423740524113,0.25,0.11434423740524113,1.4573769496209645,0.45737694962096453,3.0,4,3,1,2.5426230503790355,4.0,B365CH_historico,1.0
2022-04-06,Burnley,Everton,0.5632226428227246,0.38167938931297707,0.18154325350974754,1.4756433241955385,0.47564332419553845,1.62,7,3,4,1.1443566758044617,2.45,B365CH_historico,1.0693877551020408
2022-04-08,Newcastle United,Wolves,0.46198213601228594,0.4444444444444444,0.017537691567841518,1.0394598060276434,0.03945980602764343,1.25,0,2,-2,1.2105401939723566,2.222163134523781,synthetic_drift,1.0125269225484583
2022-04-09,Watford,Leeds United,0.502118641578875,0.37037037037037035,0.13174827120850463,1.3557203322629625,0.3557203322629625,-1.0,5,0,5,-1.3557203322629625,2.4677684127677786,synthetic_drift,1.0941059080060747
2022-04-09,Southampton,Chelsea,0.2915606648421,0.2631578947368421,0.028402770105257935,1.1079305263999801,0.10793052639998013,-1.0,0,0,0,-1.1079305263999801,3.6,B365CH_historico,1.0555555555555556
2022-04-09,Arsenal,Brighton,0.6876368357293473,0.6211180124223602,0.06651882330698711,1.1070953055242492,0.10709530552424917,-1.0,2,0,2,-1.1070953055242492,1.57,B365CH_historico,1.0254777070063694
2022-04-09,Aston Villa,Tottenham,0.48070496732431045,0.3125,0.16820496732431045,1.5382558954377936,0.5382558954377936,-1.0,7,0,7,-1.5382558954377936,3.3,B365CH_historico,0.9696969696969698
2022-04-09,Everton,Manchester Utd,0.24837235949056188,0.2173913043478261,0.030981055142735775,1.1425128536565845,0.1425128536565845,3.5999999999999996,0,3,-3,3.457487146343415,4.500408986447155,synthetic_drift,1.022129325101954
2022-04-10,Brentford,West Ham,0.43690270270257725,0.38167938931297707,0.05522331338960018,1.1446850810807525,0.1446850810807525,1.62,1,3,-2,1.4753149189192476,2.62,B365CH_historico,1.0
2022-04-10,Leicester City,Crystal Palace,0.5619969055719235,0.42194092827004215,0.14005597730188135,1.3319326662054587,0.3319326662054587,1.37,6,2,4,1.0380673337945414,2.1544671420405175,synthetic_drift,1.100039983787058
2022-04-10,Manchester City,Liverpool,0.5669135579035833,0.5,0.06691355790358333,1.1338271158071667,0.13382711580716666,-1.0,2,0,2,-1.1338271158071667,1.9087695964863647,synthetic_drift,1.0477953985025594
2022-04-10,Norwich City,Burnley,0.4669751254978711,0.3484320557491289,0.11854306974874224,1.3402186101788902,0.3402186101788902,1.87,5,3,2,1.52978138982111,2.645957220472395,synthetic_drift,1.0846736212491015
2022-04-16,Southampton,Arsenal,0.3436616921758722,0.2631578947368421,0.08050379743903013,1.3059144302683143,0.30591443026831433,2.8,3,3,0,2.4940855697316855,3.8,B365CH_historico,1.0
2022-04-17,Newcastle United,Leicester City,0.4674146582156992,0.45454545454545453,0.012869203670244689,1.0283122480745384,0.02831224807453836,1.2000000000000002,0,2,-2,1.1716877519254618,2.179961168379217,synthetic_drift,1.009192288335889
2022-04-17,West Ham United,Burnley,0.7607663842985145,0.5882352941176471,0.17253109018086743,1.2933028533074746,0.29330285330747463,-1.0,7,0,7,-1.2933028533074746,1.5134835901567198,synthetic_drift,1.1232364929863339
2022-04-19,Liverpool,Manchester Utd,0.7501567333830162,0.7142857142857143,0.03587101909730195,1.0502194267362226,0.050219426736222594,0.3999999999999999,0,0,0,0.3497805732637773,1.3650251129326403,synthetic_drift,1.0256221564980728
2022-04-20,Chelsea,Arsenal,0.6766929156775439,0.5464480874316939,0.13024482824584993,1.2383480356899053,0.23834803568990526,-1.0,5,0,5,-1.2383480356899053,1.9,B365CH_historico,0.9631578947368422
2022-04-20,Newcastle United,Crystal Palace,0.5167054188102691,0.4444444444444444,0.07226097436582468,1.1625871923231055,0.16258719232310548,1.25,2,2,0,1.0874128076768945,2.1395663233937583,synthetic_drift,1.0516149816898748
2022-04-21,Burnley,Southampton,0.4913597947954431,0.36363636363636365,0.12772343115907947,1.3512394356874686,0.3512394356874686,1.75,5,3,2,1.3987605643125314,2.6,B365CH_historico,1.0576923076923077
2022-04-23,Arsenal,Manchester Utd,0.5573360849441485,0.48780487804878053,0.06953120689536801,1.1425389741355043,0.14253897413550431,1.0499999999999998,2,2,0,0.9074610258644955,1.9530037787107344,synthetic_drift,1.0496651477824057
2022-04-23,Brentford,Tottenham,0.4335797692228314,0.23094688221709006,0.20263288700574136,1.8774004007348601,0.8774004007348601,-1.0,8,0,8,-1.8774004007348601,4.75,B365CH_historico,0.911578947368421
2022-04-23,Leicester City,Aston Villa,0.613665422458081,0.35714285714285715,0.2565225653152238,1.7182631828826267,0.7182631828826267,-1.0,9,0,9,-1.7182631828826267,2.366403019239314,synthetic_drift,1.1832304037965884
2022-04-23,Manchester City,Watford,0.9336336151345533,0.9090909090909091,0.02454270604364428,1.0269969766480087,0.026996976648008708,0.10000000000000009,0,0,0,0.07300302335199138,1.0810486715958227,synthetic_drift,1.0175305043168887
2022-04-23,Norwich City,Newcastle Utd,0.44811585107308005,0.2857142857142857,0.16240156535879435,1.5684054787557802,0.5684054787557802,-1.0,7,0,7,-1.5684054787557802,3.13619757470913,synthetic_drift,1.1160011181134246
2022-04-24,Chelsea,West Ham,0.7046367320122985,0.6666666666666666,0.037970065345631854,1.0569550980184477,0.05695509801844767,0.5,1,0,1,0.44304490198155233,1.4,B365CH_historico,1.0714285714285714
2022-04-24,Liverpool,Everton,0.9087299231544664,0.8474576271186441,0.06127229603582229,1.0723013093222704,0.07230130932227041,0.17999999999999994,2,0,2,0.10769869067772952,1.18,B365CH_historico,1.0
2022-04-24,Brighton And Hove Albion,Southampton,0.5335466355368566,0.47619047619047616,0.057356159346380386,1.1204479346273988,0.12044793462739878,-1.0,1,0,1,-1.1204479346273988,2.0173517510768137,synthetic_drift,1.0409686852474145
2022-04-24,Burnley,Wolves,0.4229573926680521,0.37037037037037035,0.05258702229768175,1.1419849602037409,0.14198496020374085,1.7000000000000002,1,3,-2,1.5580150397962593,2.45,B365CH_historico,1.1020408163265305
2022-04-25,Crystal Palace,Leeds United,0.6428963969788081,0.48780487804878053,0.15509151893002754,1.3179376138065564,0.3179376138065564,-1.0,7,0,7,-1.3179376138065564,1.8455505448159657,synthetic_drift,1.110779656378591
2022-04-28,Manchester United,Chelsea,0.4204331878577335,0.3125,0.10793318785773348,1.3453862011447473,0.3453862011447473,-1.0,4,0,4,-1.3453862011447473,2.970953909678568,synthetic_drift,1.0770951341840953
2022-04-30,Leeds United,Manchester City,0.15525140390166348,0.11764705882352941,0.037604345078134066,1.3196369331641395,0.31963693316413955,-1.0,0,0,0,-1.3196369331641395,8.277660011769951,synthetic_drift,1.0268602464843815
2022-04-30,Newcastle United,Liverpool,0.1989087052257472,0.11764705882352941,0.08126164640221778,1.690723994418851,0.690723994418851,-1.0,3,0,3,-1.690723994418851,8.033692108955549,synthetic_drift,1.0580440331444412
2022-04-30,Southampton,Crystal Palace,0.46644953222932584,0.4166666666666667,0.04978286556265915,1.1194788773503819,0.11947887735038187,-1.0,1,0,1,-1.1194788773503819,2.45,B365CH_historico,0.9795918367346937
2022-04-30,Watford,Burnley,0.4292711919218783,0.3846153846153846,0.04465580730649371,1.1161050989968837,0.1161050989968837,-1.0,1,0,1,-1.1161050989968837,2.6,B365CH_historico,1.0
2022-04-30,Wolverhampton Wanderers,Brighton,0.48440644354495427,0.37037037037037035,0.11403607317458392,1.3078973975713766,0.3078973975713766,-1.0,4,0,4,-1.3078973975713766,2.4966380041885086,synthetic_drift,1.0814543379818458
2022-05-01,Everton,Chelsea,0.24157279269915805,0.2,0.041572792699158034,1.2078639634957902,0.20786396349579017,4.0,1,3,-2,3.7921360365042096,5.0,B365CH_historico,1.0
2022-05-01,West Ham United,Arsenal,0.47151747474544664,0.23094688221709006,0.24057059252835658,2.041670665647784,1.0416706656477839,-1.0,9,0,9,-2.041670665647784,3.6950558711756387,synthetic_drift,1.1718361375202546
2022-05-02,Manchester United,Brentford,0.6409780127772181,0.5813953488372093,0.05958266394000877,1.1024821819768151,0.10248218197681513,0.72,2,1,1,0.6175178180231848,1.6497866544261535,synthetic_drift,1.0425590456714349
2022-05-07,Liverpool,Tottenham,0.8019611135678004,0.7142857142857143,0.08767539928208612,1.1227455589949205,0.12274555899492046,-1.0,3,0,3,-1.1227455589949205,1.4,B365CH_historico,1.0
2022-05-07,Crystal Palace,Watford,0.7667538678478136,0.6060606060606061,0.16069326178720755,1.2651438819488925,0.2651438819488925,0.6499999999999999,7,1,6,0.3848561180511074,1.66,B365CH_historico,0.9939759036144579
2022-05-07,Brentford,Southampton,0.6294045302441564,0.46511627906976744,0.164288251174389,1.3532197400249362,0.35321974002493617,1.15,7,2,5,0.7967802599750637,2.1,B365CH_historico,1.0238095238095237
2022-05-07,Burnley,Aston Villa,0.4888432630032207,0.3333333333333333,0.15550992966988736,1.466529789009662,0.466529789009662,-1.0,7,0,7,-1.466529789009662,3.0,B365CH_historico,1.0
2022-05-08,Arsenal,Leeds United,0.7854964695448934,0.6896551724137931,0.09584129713110023,1.1389698808400954,0.13896988084009543,0.44999999999999996,4,0,4,0.31103011915990453,1.3570958389057528,synthetic_drift,1.0684580693793573
2022-05-08,Leicester City,Everton,0.6648562036633412,0.3846153846153846,0.2802408190479566,1.7286261295246872,0.7286261295246872,-1.0,9,0,9,-1.7286261295246872,2.1663561310589188,synthetic_drift,1.2001720136056833
2022-05-08,Manchester City,Newcastle Utd,0.8879115628182584,0.8620689655172414,0.025842597301017012,1.0299774128691797,0.029977412869179654,0.15999999999999992,0,0,0,0.13002258713082027,1.1389756506602313,synthetic_drift,1.018458998072155
2022-05-08,Norwich City,West Ham,0.30322051297820585,0.2222222222222222,0.08099829075598364,1.3644923084019263,0.36449230840192626,-1.0,3,0,3,-1.3644923084019263,4.253887421290764,synthetic_drift,1.0578559219685597
2022-05-10,Aston Villa,Liverpool,0.21515511391315412,0.13333333333333333,0.08182178057982079,1.6136633543486558,0.6136633543486558,-1.0,3,0,3,-1.6136633543486558,6.25,B365CH_historico,1.2
2022-05-11,Wolverhampton Wanderers,Manchester City,0.15494790256699323,0.09090909090909091,0.06403881165790232,1.7044269282369255,0.7044269282369255,-1.0,2,0,2,-1.7044269282369255,10.518846821117249,synthetic_drift,1.045742008327073
2022-05-11,Watford,Everton,0.406122785201338,0.23809523809523808,0.1680275471060999,1.7057156978456196,0.7057156978456196,-1.0,7,0,7,-1.7057156978456196,5.5,B365CH_historico,0.7636363636363637
2022-05-11,Leeds United,Chelsea,0.2910831735693316,0.21052631578947367,0.08055685777985794,1.382645074454325,0.38264507445432505,-1.0,3,0,3,-1.382645074454325,4.491553272713813,synthetic_drift,1.0575406126998985
2022-05-11,Leicester City,Norwich City,0.7639137839714127,0.6944444444444444,0.06946933952696832,1.1000358489188342,0.10003584891883421,0.43999999999999995,2,0,2,0.33996415108116573,1.3719238270387888,synthetic_drift,1.0496209568049775
2022-05-12,Tottenham Hotspur,Arsenal,0.502810407424039,0.48780487804878053,0.015005529375258508,1.03076133521928,0.03076133521927993,1.0499999999999998,0,2,-2,1.01923866478072,2.028260625431717,synthetic_drift,1.0107182352680417
2022-05-15,Aston Villa,Crystal Palace,0.5420003198951115,0.5,0.04200031989511155,1.084000639790223,0.0840006397902231,-1.0,1,0,1,-1.084000639790223,1.8,B365CH_historico,1.1111111111111112
2022-05-15,Tottenham Hotspur,Burnley,0.7805658168770341,0.7518796992481203,0.02868611762891382,1.0381525364464554,0.03815253644645544,0.33000000000000007,0,0,0,0.29184746355354463,1.3032953683978015,synthetic_drift,1.0204900840206528
2022-05-15,Watford,Leicester City,0.32654584446988655,0.2631578947368421,0.06338794973304446,1.2408742089855689,0.24087420898556888,-1.0,2,0,2,-1.2408742089855689,3.635399622479117,synthetic_drift,1.0452771069521747
2022-05-15,West Ham United,Manchester City,0.2258539925950372,0.13333333333333333,0.09252065926170386,1.693904944462779,0.693904944462779,-1.0,3,0,3,-1.693904944462779,7.035078499478842,synthetic_drift,1.0660861851869314
2022-05-15,Wolverhampton Wanderers,Norwich City,0.7276306485882331,0.6896551724137931,0.03797547617443997,1.055064440452938,0.0550644404529379,-1.0,1,0,1,-1.055064440452938,1.4117069683278396,synthetic_drift,1.0271253401245999
2022-05-16,Newcastle United,Arsenal,0.39217351582528015,0.23094688221709006,0.1612266336081901,1.698111323523463,0.6981113235234631,3.33,7,3,4,2.631888676476537,3.8828443414329668,synthetic_drift,1.1151618811487072
2022-05-19,Aston Villa,Burnley,0.6609760444305862,0.48780487804878053,0.17317116638180569,1.3550008910827016,0.3550008910827016,-1.0,7,0,7,-1.3550008910827016,1.95,B365CH_historico,1.0512820512820513
2022-05-22,Norwich City,Tottenham,0.21676198936476895,0.10526315789473684,0.11149883147003212,2.059238898965305,1.059238898965305,-1.0,4,0,4,-2.059238898965305,8.799212889278172,synthetic_drift,1.0796420224785943
2022-05-22,Crystal Palace,Manchester Utd,0.4876605719144251,0.3333333333333333,0.15432723858109176,1.4629817157432752,0.4629817157432752,2.0,7,3,4,1.5370182842567248,2.702133692152291,synthetic_drift,1.110233741843637
2022-05-22,Leicester City,Southampton,0.7085718412783337,0.5405405405405405,0.16803130073779327,1.3108579063649175,0.3108579063649175,0.8500000000000001,7,1,6,0.5391420936350826,1.651752741658504,synthetic_drift,1.1200223576698523
2022-05-22,Burnley,Newcastle Utd,0.5169765344372366,0.4444444444444444,0.07253208999279215,1.1631972024837822,0.16319720248378222,-1.0,2,0,2,-1.1631972024837822,2.1391723965862224,synthetic_drift,1.0518086357091372
2022-05-22,Brentford,Leeds United,0.6677019137357353,0.4081632653061224,0.2595386484296129,1.6358696886525517,0.6358696886525517,-1.0,9,0,9,-1.6358696886525517,2.0668394817112206,synthetic_drift,1.1853847488782947
2022-05-22,Chelsea,Watford,0.8803775200303935,0.8474576271186441,0.03291989291174935,1.0388454736358643,0.038845473635864325,0.17999999999999994,0,0,0,0.1411545263641356,1.2,B365CH_historico,0.9833333333333333
2022-08-05,Crystal Palace,Arsenal,0.4325474682537868,0.23809523809523808,0.19445223015854873,1.8166993666659046,0.8166993666659046,-1.0,8,0,8,-1.8166993666659046,4.5,B365CH_historico,0.9333333333333333
2022-08-06,Bournemouth,Aston Villa,0.5661159006644694,0.26666666666666666,0.2994492339978027,2.12293462749176,1.1229346274917602,2.75,9,3,6,1.6270653725082398,4.0,B365CH_historico,0.9375
2022-08-06,Everton,Chelsea,0.27560512990175684,0.18181818181818182,0.09378694808357502,1.5158282144596626,0.5158282144596626,-1.0,3,0,3,-1.5158282144596626,6.5,B365CH_historico,0.8461538461538461
2022-08-06,Fulham,Liverpool,0.11028410023364164,0.09090909090909091,0.019375009324550732,1.213125102570058,0.213125102570058,-1.0,0,0,0,-1.213125102570058,11.0,B365CH_historico,1.0
2022-08-06,Leeds United,Wolves,0.4547208545392786,0.4444444444444444,0.010276410094834154,1.0231219227133768,0.023121922713376764,1.25,0,2,-2,1.2268780772866232,2.233604687316707,synthetic_drift,1.0073402929248816
2022-08-06,Tottenham Hotspur,Southampton,0.8156546960165337,0.7518796992481203,0.06377499676841347,1.0848207457019898,0.08482074570198983,0.33000000000000007,2,0,2,0.24517925429801024,1.2720534263194485,synthetic_drift,1.0455535691202953
2022-08-07,Leicester City,Brentford,0.6177048327723076,0.5,0.11770483277230759,1.2354096655446152,0.23540966554461518,-1.0,5,0,5,-1.2354096655446152,1.8448910088039943,synthetic_drift,1.0840748805516482
2022-08-07,West Ham United,Manchester City,0.24007269299896516,0.125,0.11507269299896516,1.9205815439917213,0.9205815439917213,-1.0,5,0,5,-1.9205815439917213,7.392384571218491,synthetic_drift,1.0821947807135466
2022-08-13,Wolverhampton Wanderers,Fulham,0.6217510070654011,0.4347826086956522,0.18696839836974888,1.4300273162504225,0.43002731625042245,-1.0,8,0,8,-1.4300273162504225,2.0290259108548234,synthetic_drift,1.133548855978392
2022-08-13,Southampton,Leeds United,0.4694891030650753,0.4444444444444444,0.025044658620630877,1.0563504818964193,0.056350481896419335,-1.0,0,0,0,-1.0563504818964193,2.210457041429871,synthetic_drift,1.0178890418718791
2022-08-13,Brentford,Manchester Utd,0.4928302667913411,0.26666666666666666,0.22616360012467446,1.8481135004675293,0.8481135004675293,2.75,8,3,5,1.9018864995324707,3.2284574563085124,synthetic_drift,1.1615454286604818
2022-08-13,Aston Villa,Everton,0.6379767723956116,0.5555555555555556,0.08242121684005599,1.148358190312101,0.14835819031210096,0.8,3,1,2,0.6516418096878991,1.75,B365CH_historico,1.0285714285714287
2022-08-13,Brighton And Hove Albion,Newcastle Utd,0.5601319790669734,0.4081632653061224,0.15196871376085103,1.372323348714085,0.3723233487140849,-1.0,6,0,6,-1.372323348714085,2.2100960989659115,synthetic_drift,1.1085490812577508
2022-08-14,Chelsea,Tottenham,0.6130258514365787,0.4444444444444444,0.1685814069921343,1.379308165732302,0.3793081657323021,-1.0,7,0,7,-1.379308165732302,2.1,B365CH_historico,1.0714285714285714
2022-08-14,Nottingham Forest,West Ham,0.5299568859397443,0.23809523809523808,0.29186164784450624,2.225818920946926,1.2258189209469261,3.2,9,3,6,1.974181079053074,3.475461487936284,synthetic_drift,1.2084726056032187
2022-08-20,Bournemouth,Arsenal,0.3933178033315225,0.125,0.2683178033315225,3.14654242665218,2.14654242665218,-1.0,9,0,9,-3.14654242665218,7.5,B365CH_historico,1.0666666666666667
2022-08-20,Crystal Palace,Aston Villa,0.5853631466271355,0.4,0.1853631466271355,1.4634078665678387,0.4634078665678387,1.5,8,2,6,1.0365921334321613,2.45,B365CH_historico,1.0204081632653061
2022-08-20,Leicester City,Southampton,0.7277902469486619,0.5464480874316939,0.18134215951696797,1.3318561519160512,0.3318561519160512,-1.0,7,0,7,-1.3318561519160512,1.6201427278600988,synthetic_drift,1.1295301139406915
2022-08-21,West Ham United,Brighton,0.5408083281214996,0.4347826086956522,0.10602571942584738,1.243859154679449,0.24385915467944907,-1.0,4,0,4,-1.243859154679449,2.1380776957963126,synthetic_drift,1.075732656732748
2022-08-21,Leeds United,Chelsea,0.29755430533318783,0.17391304347826086,0.12364126185492696,1.71093725566583,0.71093725566583,4.75,5,3,2,4.03906274433417,5.2833959026547275,synthetic_drift,1.0883151870392336
2022-08-21,Newcastle United,Manchester City,0.1994311540885667,0.13333333333333333,0.06609782075523338,1.4957336556642504,0.4957336556642504,-1.0,2,0,2,-1.4957336556642504,7.161868636153566,synthetic_drift,1.047212729110881
2022-08-22,Manchester United,Liverpool,0.28166587511826824,0.19047619047619047,0.09118968464207777,1.4787458443709083,0.4787458443709083,4.25,3,3,0,3.7712541556290917,4.928950404967549,synthetic_drift,1.0651354890300555
2022-08-27,Southampton,Manchester Utd,0.3994433607461468,0.23809523809523808,0.1613481226509087,1.6776621151338165,0.6776621151338165,-1.0,7,0,7,-1.6776621151338165,3.765976283377945,synthetic_drift,1.1152486590363633
2022-08-27,Brighton And Hove Albion,Leeds United,0.5441853058792222,0.5263157894736842,0.017869516405538022,1.033952081170522,0.033952081170522064,0.8999999999999999,0,1,-1,0.8660479188294778,1.8760541567628912,synthetic_drift,1.01276394028967
2022-08-27,Arsenal,Fulham,0.8240630534353048,0.7692307692307692,0.054832284204535675,1.0712819694658964,0.07128196946589638,0.30000000000000004,1,0,1,0.22871803053410367,1.4,B365CH_historico,0.9285714285714287
2022-08-27,Brentford,Everton,0.6798427805090466,0.5,0.17984278050904656,1.3596855610180931,0.3596855610180931,-1.0,7,0,7,-1.3596855610180931,2.05,B365CH_historico,0.9756097560975611
2022-08-28,Aston Villa,West Ham,0.5034372118438369,0.4347826086956522,0.06865460314818472,1.1579055872408248,0.15790558724082482,-1.0,2,0,2,-1.1579055872408248,2.1,B365CH_historico,1.0952380952380951
2022-08-28,Nottingham Forest,Tottenham,0.42922967072411844,0.14285714285714285,0.2863725278669756,3.004607695068829,2.004607695068829,-1.0,9,0,9,-3.004607695068829,5.811290114169272,synthetic_drift,1.2045518056192683
2022-08-28,Wolverhampton Wanderers,Newcastle Utd,0.5111813059454445,0.37037037037037035,0.14081093557507418,1.3801895260527004,0.3801895260527004,-1.0,6,0,6,-1.3801895260527004,2.453253616472548,synthetic_drift,1.1005792396964815
2022-08-30,Crystal Palace,Brentford,0.5792536263289498,0.48780487804878053,0.0914487482801693,1.187469933974347,0.18746993397434708,-1.0,3,0,3,-1.187469933974347,2.05,B365CH_historico,1.0
2022-08-30,Leeds United,Everton,0.6208650048532797,0.46511627906976744,0.15574872578351223,1.3348597604345511,0.3348597604345511,-1.0,7,0,7,-1.3348597604345511,1.934759739870005,synthetic_drift,1.111249089845366
2022-08-30,Southampton,Chelsea,0.2648503354871002,0.19047619047619047,0.07437414501090972,1.390464261307276,0.39046426130727596,4.25,2,3,-1,3.859535738692724,5.0,B365CH_historico,1.05
2022-08-31,Liverpool,Newcastle Utd,0.8672735524369015,0.7518796992481203,0.11539385318878126,1.1534738247410792,0.15347382474107918,0.33000000000000007,5,0,5,0.1765261752589209,1.2287234741528545,synthetic_drift,1.0824241808491295
2022-08-31,West Ham United,Tottenham,0.4298306176236733,0.2777777777777778,0.15205283984589552,1.547390223445224,0.5473902234452239,-1.0,6,0,6,-1.547390223445224,3.247312121474179,synthetic_drift,1.108609171318497
2022-08-31,Arsenal,Aston Villa,0.7791536317804627,0.6896551724137931,0.08949845936666956,1.129772766081671,0.129772766081671,0.44999999999999996,3,0,3,0.32022723391832897,1.5,B365CH_historico,0.9666666666666667
2022-08-31,Bournemouth,Wolves,0.5455632071363579,0.2857142857142857,0.25984892142207217,1.9094712249772525,0.9094712249772525,-1.0,9,0,9,-1.9094712249772525,3.2,B365CH_historico,1.09375
2022-09-01,Leicester City,Manchester Utd,0.5232541158270245,0.29411764705882354,0.22913646876820098,1.7790639938118833,0.7790639938118833,-1.0,9,0,9,-1.7790639938118833,2.9217932881946114,synthetic_drift,1.1636689062630008
2022-09-03,Wolverhampton Wanderers,Southampton,0.5922991517035591,0.45454545454545453,0.13775369715810454,1.30305813374783,0.30305813374782997,1.2000000000000002,6,2,4,0.8969418662521702,2.002921537884834,synthetic_drift,1.0983954979700747
2022-09-03,Aston Villa,Manchester City,0.1430369269039535,0.125,0.018036926903953504,1.144295415231628,0.14429541523162803,-1.0,0,0,0,-1.144295415231628,7.898242836632842,synthetic_drift,1.0128835192171097
2022-09-03,Brentford,Leeds United,0.6115109794384369,0.47619047619047616,0.13532050324796074,1.2841730568207175,0.2841730568207175,1.1,6,2,4,0.8158269431792826,1.914909619053773,synthetic_drift,1.096657502319972
2022-09-03,Chelsea,West Ham,0.6588344373604214,0.6451612903225806,0.013673147037840727,1.021193377908653,0.021193377908653055,0.55,0,1,-1,0.528806622091347,1.65,B365CH_historico,0.9393939393939394
2022-09-03,Everton,Liverpool,0.1526696460301998,0.14285714285714285,0.009812503173056958,1.0686875222113987,0.06868752221139873,-1.0,0,0,0,-1.0686875222113987,7.5,B365CH_historico,0.9333333333333333
2022-09-03,Newcastle United,Crystal Palace,0.5823351076453162,0.5,0.08233510764531615,1.1646702152906323,0.1646702152906323,-1.0,3,0,3,-1.1646702152906323,1.888911613547216,synthetic_drift,1.0588107911752258
2022-09-03,Nottingham Forest,Bournemouth,0.5786780430757643,0.5128205128205129,0.06585753025525143,1.1284221839977404,0.1284221839977404,-1.0,2,0,2,-1.1284221839977404,1.86239108757358,synthetic_drift,1.0470410930394654
2022-09-03,Tottenham Hotspur,Fulham,0.8054324918183126,0.6666666666666666,0.13876582515164593,1.208148737727469,0.2081487377274689,0.5,6,0,6,0.2918512622725311,1.364730075021678,synthetic_drift,1.09911844653689
2022-09-04,Manchester United,Arsenal,0.44923503171591833,0.4,0.04923503171591831,1.1230875792897959,0.12308757928979586,1.5,1,2,-1,1.3769124207102041,2.4150672067704173,synthetic_drift,1.0351678797970845
2022-09-16,Nottingham Forest,Fulham,0.6497303596381278,0.36363636363636365,0.2860939960017641,1.7867584890048513,0.7867584890048513,-1.0,9,0,9,-1.7867584890048513,2.283383968586276,synthetic_drift,1.2043528542869744
2022-09-16,Aston Villa,Southampton,0.6469924680917281,0.47619047619047616,0.1708019919012519,1.358684182992629,0.35868418299262905,1.1,7,2,5,0.741315817007371,2.1,B365CH_historico,1.0
2022-09-17,Tottenham Hotspur,Leicester City,0.7621754346081794,0.6896551724137931,0.07252026219438623,1.10515438018186,0.10515438018185996,0.44999999999999996,2,0,2,0.34484561981814,1.3785888399082833,synthetic_drift,1.0518001872817044
2022-09-17,Wolverhampton Wanderers,Manchester City,0.1418055783424808,0.10526315789473684,0.03654242044774397,1.3471529942535676,0.3471529942535676,-1.0,0,0,0,-1.3471529942535676,9.258341285776046,synthetic_drift,1.0261017288912457
2022-09-18,Brentford,Arsenal,0.3977796567731256,0.23809523809523808,0.15968441867788752,1.6706745584471276,0.6706745584471276,-1.0,7,0,7,-1.6706745584471276,4.5,B365CH_historico,0.9333333333333333
2022-09-18,Everton,West Ham,0.4410048671132547,0.3448275862068966,0.09617728090635813,1.2789141146284386,0.2789141146284386,1.9,4,3,1,1.6210858853715613,2.9,B365CH_historico,1.0
2022-10-01,West Ham United,Wolves,0.6085554712219357,0.5128205128205129,0.09573495840142277,1.1866831688827746,0.18668316888277459,0.95,4,1,3,0.7633168311172254,1.8251896732544828,synthetic_drift,1.0683821131438733
2022-10-01,Southampton,Everton,0.48338492265117683,0.46511627906976744,0.018268643581409394,1.03927758370003,0.039277583700030094,-1.0,0,0,0,-1.03927758370003,2.3,B365CH_historico,0.9347826086956522
2022-10-01,Fulham,Newcastle Utd,0.5037722543250339,0.3333333333333333,0.1704389209917006,1.5113167629751016,0.5113167629751016,-1.0,7,0,7,-1.5113167629751016,2.674411557087355,synthetic_drift,1.1217420864226433
2022-10-01,Liverpool,Brighton,0.7888460871254476,0.7518796992481203,0.03696638787732731,1.0491652958768454,0.04916529587684537,-1.0,0,0,0,-1.0491652958768454,1.45,B365CH_historico,0.9172413793103449
2022-10-01,Bournemouth,Brentford,0.5459365927682053,0.30303030303030304,0.24290628973790224,1.8015907561350772,0.8015907561350772,-1.0,9,0,9,-1.8015907561350772,3.2,B365CH_historico,1.0312499999999998
2022-10-01,Arsenal,Tottenham,0.6038666575835584,0.48780487804878053,0.11606177953477786,1.2379266480462947,0.2379266480462947,1.0499999999999998,5,2,3,0.8120733519537051,1.95,B365CH_historico,1.0512820512820513
2022-10-01,Crystal Palace,Chelsea,0.4330241784605621,0.23809523809523808,0.19492894036532404,1.818701549534361,0.818701549534361,-1.0,8,0,8,-1.818701549534361,4.75,B365CH_historico,0.8842105263157896
2022-10-02,Leeds United,Aston Villa,0.512163858440593,0.425531914893617,0.08663194354697595,1.2035850673353936,0.2035850673353936,-1.0,3,0,3,-1.2035850673353936,2.213056173238376,synthetic_drift,1.0618799596764115
2022-10-02,Manchester City,Manchester Utd,0.8555279698788835,0.7518796992481203,0.1036482706307632,1.137852199938915,0.13785219993891507,0.33000000000000007,4,0,4,0.192147800061085,1.238321511997558,synthetic_drift,1.0740344790219738
2022-10-08,Newcastle United,Brentford,0.5899583861367711,0.5464480874316939,0.043510298705077166,1.0796238466302912,0.0796238466302912,0.8300000000000001,1,1,0,0.7503761533697089,1.7748401256979471,synthetic_drift,1.0310787847893408
2022-10-08,Bournemouth,Leicester City,0.5752366740010778,0.2777777777777778,0.2974588962233,2.0708520264038803,1.0708520264038803,2.6,9,3,6,1.5291479735961198,2.969144060697768,synthetic_drift,1.2124706401595
2022-10-08,Brighton And Hove Albion,Tottenham,0.4101495699675175,0.35714285714285715,0.05300671282466035,1.1484187959090488,0.14841879590904883,-1.0,1,0,1,-1.1484187959090488,2.697854019118383,synthetic_drift,1.0378619377319003
2022-10-08,Chelsea,Wolves,0.7306997201880575,0.7142857142857143,0.01641400590234321,1.0229796082632805,0.022979608263280493,0.3999999999999999,0,0,0,0.3770203917367194,1.5,B365CH_historico,0.9333333333333332
2022-10-08,Manchester City,Southampton,0.934829402296505,0.9009009009009008,0.033928501395604216,1.0376606365491206,0.03766063654912055,0.1100000000000001,0,0,0,0.07233936345087955,1.0837360429669496,synthetic_drift,1.024234643854003
2022-10-09,Everton,Manchester Utd,0.45288097992362436,0.2777777777777778,0.17510320214584657,1.6303715277250477,0.6303715277250477,-1.0,7,0,7,-1.6303715277250477,3.1997903331881625,synthetic_drift,1.1250737158184618
2022-10-09,West Ham United,Fulham,0.7278880545223344,0.5813953488372093,0.14649270568512507,1.2519674537784151,0.2519674537784151,0.72,6,1,5,0.46803254622158486,1.557071683007526,synthetic_drift,1.1046376469179464
2022-10-09,Arsenal,Liverpool,0.4402435667051925,0.4,0.04024356670519247,1.1006089167629813,0.10060891676298134,1.5,1,2,-1,1.3993910832370187,2.5,B365CH_historico,1.0
2022-10-09,Crystal Palace,Leeds United,0.6415542319942605,0.48780487804878053,0.15374935394548,1.315186175588234,0.3151861755882339,1.0499999999999998,6,2,4,0.7348138244117659,1.847144774485104,synthetic_drift,1.1098209671039143
2022-10-10,Nottingham Forest,Aston Villa,0.5477762545163429,0.30303030303030304,0.2447459514860399,1.8076616399039316,0.8076616399039316,-1.0,9,0,9,-1.8076616399039316,2.808944442651338,synthetic_drift,1.1748185367757429
2022-10-14,Brentford,Brighton,0.43673267258715975,0.3225806451612903,0.11415202742586944,1.3538712850201953,0.35387128502019527,2.1,4,3,1,1.7461287149798048,3.1,B365CH_historico,1.0
2022-10-15,Leicester City,Crystal Palace,0.4913208529542524,0.4347826086956522,0.05653824425860016,1.1300379617947804,0.13003796179478044,-1.0,1,0,1,-1.1300379617947804,2.2107212170312964,synthetic_drift,1.0403844601847143
2022-10-15,Tottenham Hotspur,Everton,0.7966996445671023,0.6666666666666666,0.13003297790043566,1.1950494668506535,0.1950494668506535,0.5,5,0,5,0.3049505331493465,1.3725194360723472,synthetic_drift,1.0928806985003112
2022-10-16,Aston Villa,Chelsea,0.3511854753109457,0.23094688221709006,0.12023859309385562,1.5206331080963948,0.5206331080963948,-1.0,5,0,5,-1.5206331080963948,3.75,B365CH_historico,1.1546666666666667
2022-10-16,Leeds United,Arsenal,0.2463491513611836,0.16666666666666666,0.07968248469451694,1.4780949081671015,0.47809490816710154,-1.0,3,0,3,-1.4780949081671015,5.676893581486298,synthetic_drift,1.0569160604960834
2022-10-16,Liverpool,Manchester City,0.43476079988866434,0.2777777777777778,0.15698302211088655,1.5651388795991916,0.5651388795991916,2.6,7,3,4,2.0348611204008087,3.2370295169737933,synthetic_drift,1.1121307300792047
2022-10-16,Manchester United,Newcastle Utd,0.6961199740489794,0.5128205128205129,0.18329946122846652,1.3574339493955099,0.3574339493955099,-1.0,8,0,8,-1.3574339493955099,1.7242474129826457,synthetic_drift,1.1309281865917618
2022-10-16,Southampton,West Ham,0.38534428171671453,0.3448275862068966,0.04051669550981796,1.117498416978472,0.11749841697847208,-1.0,1,0,1,-1.117498416978472,2.9,B365CH_historico,1.0
2022-10-18,Crystal Palace,Wolves,0.624644369866436,0.4444444444444444,0.1801999254219916,1.405449832199481,0.40544983219948105,1.25,7,2,5,0.844550167800519,2.05,B365CH_historico,1.0975609756097562
2022-10-19,Manchester United,Tottenham,0.5256985054756176,0.4081632653061224,0.11753524016949518,1.2879613384152633,0.2879613384152633,1.4500000000000002,5,2,3,1.162038661584737,2.260244051806599,synthetic_drift,1.083953742978211
2022-10-19,Liverpool,West Ham,0.8341465028943498,0.7142857142857143,0.11986078860863547,1.1678051040520896,0.1678051040520896,0.3999999999999999,5,0,5,0.23219489594791032,1.4,B365CH_historico,1.0
2022-10-19,Newcastle United,Everton,0.7012820769192695,0.625,0.07628207691926947,1.122051323070831,0.12205132307083111,0.6000000000000001,2,1,1,0.477948676929169,1.5173252016135497,synthetic_drift,1.054487197799478
2022-10-19,Bournemouth,Southampton,0.7084173199415091,0.38167938931297707,0.32673793062853207,1.856053378246754,0.8560533782467541,-1.0,9,0,9,-1.856053378246754,2.55,B365CH_historico,1.027450980392157
2022-10-19,Brentford,Chelsea,0.3682078449891232,0.21052631578947367,0.1576815291996495,1.748987263698335,0.748987263698335,-1.0,7,0,7,-1.748987263698335,4.0,B365CH_historico,1.1875
2022-10-20,Fulham,Aston Villa,0.4634390224247489,0.3448275862068966,0.1186114362178523,1.3439731650317717,0.34397316503177167,1.9,5,3,2,1.5560268349682282,2.9,B365CH_historico,1.0
2022-10-20,Leicester City,Leeds United,0.6090599067927249,0.4444444444444444,0.1646154623482805,1.370384790283631,0.370384790283631,1.25,7,2,5,0.879615209716369,2.013274236260114,synthetic_drift,1.1175824731059147
2022-10-22,Chelsea,Manchester Utd,0.6833937313827299,0.48780487804878053,0.19558885333394932,1.400957149334596,0.40095714933459603,-1.0,8,0,8,-1.400957149334596,1.798708980702137,synthetic_drift,1.1397063238099638
2022-10-22,Everton,Crystal Palace,0.42476888222145764,0.3846153846153846,0.04015349760607306,1.10439909377579,0.10439909377578993,1.6,1,3,-2,1.4956009062242102,2.45,B365CH_historico,1.0612244897959184
2022-10-22,Nottingham Forest,Liverpool,0.20570550568657228,0.09090909090909091,0.11479641477748137,2.262760562552295,1.262760562552295,10.0,5,3,2,8.737239437447705,10.166382656947475,synthetic_drift,1.0819974391267724
2022-10-23,Leeds United,Fulham,0.5484738228810214,0.48780487804878053,0.06066894483224089,1.124371336906094,0.12437133690609392,-1.0,2,0,2,-1.124371336906094,1.9648531654991965,synthetic_drift,1.0433349605944577
2022-10-23,Southampton,Arsenal,0.20259180363986992,0.16666666666666666,0.035925136973203264,1.2155508218392195,0.21555082183921948,-1.0,0,0,0,-1.2155508218392195,6.5,B365CH_historico,0.9230769230769231
2022-10-23,Tottenham Hotspur,Newcastle Utd,0.756321072509695,0.48780487804878053,0.2685161944609145,1.5504581986448747,0.5504581986448747,-1.0,9,0,9,-1.5504581986448747,1.720091186125572,synthetic_drift,1.191797281757796
2022-10-23,Wolverhampton Wanderers,Leicester City,0.5046320618740422,0.4444444444444444,0.06018761742959777,1.1354221392165949,0.13542213921659485,-1.0,2,0,2,-1.1354221392165949,2.15725702806946,synthetic_drift,1.0429911553068556
2022-10-29,Leicester City,Manchester City,0.18493463986798997,0.1,0.08493463986798996,1.8493463986798997,0.8493463986798997,-1.0,3,0,3,-1.8493463986798997,9.428024388497391,synthetic_drift,1.0606675999057071
2022-10-29,Newcastle United,Aston Villa,0.6702602269833784,0.5555555555555556,0.11470467142782281,1.2064684085700812,0.2064684085700812,0.8,5,1,4,0.5935315914299188,1.6636906504187015,synthetic_drift,1.0819319081627305
2022-10-29,Liverpool,Leeds United,0.8860461002824425,0.7692307692307692,0.1168153310516733,1.1518599303671753,0.15185993036717527,-1.0,5,0,5,-1.1518599303671753,1.1998823869601292,synthetic_drift,1.0834395221797666
2022-10-29,Fulham,Everton,0.5264752188452684,0.42194092827004215,0.10453429057522623,1.247746268663286,0.24774626866328608,-1.0,4,0,4,-1.247746268663286,2.25,B365CH_historico,1.0533333333333335
2022-10-29,Brentford,Wolves,0.5871244582781991,0.45454545454545453,0.13257900373274462,1.2916738082120383,0.29167380821203825,-1.0,5,0,5,-1.2916738082120383,2.1,B365CH_historico,1.0476190476190477
2022-10-29,Brighton And Hove Albion,Chelsea,0.35713195572775436,0.3333333333333333,0.023798622394421043,1.071395867183263,0.07139586718326307,2.0,0,3,-3,1.928604132816737,2.949855361523531,synthetic_drift,1.016999015996015
2022-10-29,Bournemouth,Tottenham,0.38860981135692146,0.2,0.18860981135692145,1.9430490567846073,0.9430490567846073,-1.0,8,0,8,-1.9430490567846073,5.0,B365CH_historico,1.0
2022-10-29,Crystal Palace,Southampton,0.6779206697568836,0.5263157894736842,0.1516048802831994,1.2880492725380788,0.28804927253807877,0.8999999999999999,6,1,5,0.6119507274619211,2.05,B365CH_historico,0.926829268292683
2022-10-30,Manchester United,West Ham,0.6990673083420526,0.6024096385542169,0.09665766978783563,1.1604517318478071,0.16045173184780714,0.6599999999999999,4,1,3,0.4995482681521928,1.5527932986368533,synthetic_drift,1.069041192705597
2022-11-05,Everton,Leicester City,0.4862383479691914,0.4166666666666667,0.06957168130252472,1.1669720351260593,0.1669720351260593,-1.0,2,0,2,-1.1669720351260593,2.286380475855341,synthetic_drift,1.049694058073232
2022-11-05,Nottingham Forest,Brentford,0.5674741217881624,0.36363636363636365,0.20383775815179872,1.5605538349174466,0.5605538349174466,-1.0,8,0,8,-1.5605538349174466,2.4004921822245864,synthetic_drift,1.1455983986798564
2022-11-05,Wolverhampton Wanderers,Brighton,0.3878858039995633,0.30303030303030304,0.08485550096926026,1.2800231531985589,0.28002315319855886,-1.0,3,0,3,-1.2800231531985589,3.111413869554465,synthetic_drift,1.0606110721209001
2022-11-06,West Ham United,Crystal Palace,0.6323630422826353,0.5263157894736842,0.10604725280895111,1.201489780337007,0.20148978033700704,-1.0,4,0,4,-1.201489780337007,1.7662128429495119,synthetic_drift,1.0757480377206794
2022-11-06,Tottenham Hotspur,Liverpool,0.4506139376316825,0.30303030303030304,0.14758363460137947,1.4870259941845523,0.4870259941845523,-1.0,6,0,6,-1.4870259941845523,2.985299079613233,synthetic_drift,1.1054168818581283
2022-11-06,Southampton,Newcastle Utd,0.403341118107785,0.25,0.153341118107785,1.61336447243114,0.61336447243114,-1.0,6,0,6,-1.61336447243114,3.6051321469051727,synthetic_drift,1.1095293700769893
2022-11-06,Aston Villa,Manchester Utd,0.43020414594411,0.30303030303030304,0.12717384291380696,1.4196736816155628,0.41967368161556284,2.3,5,3,2,1.880326318384437,3.025195868458016,synthetic_drift,1.0908384592241478
2022-11-06,Chelsea,Arsenal,0.4420881696502921,0.3921568627450981,0.049931306905193984,1.1273248326082448,0.1273248326082448,-1.0,1,0,1,-1.1273248326082448,2.62,B365CH_historico,0.9732824427480915
2022-11-12,Wolverhampton Wanderers,Arsenal,0.20891058426134793,0.16666666666666666,0.04224391759468127,1.2534635055680876,0.2534635055680876,-1.0,1,0,1,-1.2534635055680876,5.824257531977805,synthetic_drift,1.0301742268533438
2022-11-12,Bournemouth,Everton,0.5753022298854685,0.35714285714285715,0.21815937274261138,1.6108462436793118,0.6108462436793118,1.7999999999999998,8,3,5,1.189153756320688,2.75,B365CH_historico,1.018181818181818
2022-11-12,Liverpool,Southampton,0.8942350180291502,0.8,0.09423501802915013,1.1177937725364377,0.11779377253643775,0.25,3,0,3,0.13220622746356225,1.28,B365CH_historico,0.9765625
2022-11-12,Newcastle United,Chelsea,0.5287796433098085,0.425531914893617,0.10324772841619151,1.24263216177805,0.24263216177805003,1.35,4,2,2,1.10736783822195,2.188594692550319,synthetic_drift,1.0737483774401368
2022-11-12,Nottingham Forest,Crystal Palace,0.5051631907289973,0.3225806451612903,0.18258254556770698,1.5660058912598918,0.5660058912598918,2.1,8,3,5,1.5339941087401083,2.7423530053171077,synthetic_drift,1.1304161039769336
2022-11-12,Tottenham Hotspur,Leeds United,0.7863794833479202,0.6060606060606061,0.1803188772873141,1.2975261475240683,0.29752614752406825,0.6499999999999999,7,1,6,0.35247385247593166,1.4617303084838262,synthetic_drift,1.1287991980623673
2022-11-12,West Ham United,Leicester City,0.5935278099674303,0.48780487804878053,0.10572293191864973,1.216732010433232,0.21673201043323198,-1.0,4,0,4,-1.216732010433232,1.9060611611612608,synthetic_drift,1.0755163799418928
2022-11-13,Fulham,Manchester Utd,0.4285206350067039,0.2631578947368421,0.1653627402698618,1.6283784130254748,0.6283784130254748,-1.0,7,0,7,-1.6283784130254748,3.398573291122833,synthetic_drift,1.1181162430499012
2022-11-13,Brighton And Hove Albion,Aston Villa,0.6094369075670645,0.5464480874316939,0.06298882013537055,1.115269540847728,0.115269540847728,-1.0,2,0,2,-1.115269540847728,1.7512095545357194,synthetic_drift,1.0449920143824076
2022-12-26,Arsenal,West Ham,0.8030734710096868,0.6666666666666666,0.13640680434302022,1.2046102065145303,0.20461020651453032,0.5,6,0,6,0.2953897934854697,1.53,B365CH_historico,0.9803921568627451
2022-12-26,Aston Villa,Liverpool,0.24353234109303662,0.21052631578947367,0.03300602530356295,1.156778620191924,0.1567786201919239,-1.0,0,0,0,-1.156778620191924,4.75,B365CH_historico,1.0
2022-12-26,Brentford,Tottenham,0.41145577182161197,0.25,0.16145577182161197,1.6458230872864479,0.6458230872864479,-1.0,7,0,7,-1.6458230872864479,3.3,B365CH_historico,1.2121212121212122
2022-12-26,Crystal Palace,Fulham,0.6696566809067771,0.48780487804878053,0.18185180285799657,1.372796195858893,0.372796195858893,-1.0,8,0,8,-1.372796195858893,2.2,B365CH_historico,0.9318181818181817
2022-12-26,Everton,Wolves,0.501958409924069,0.4347826086956522,0.06717580122841682,1.1545043428253587,0.15450434282535874,-1.0,2,0,2,-1.1545043428253587,2.4,B365CH_historico,0.9583333333333333
2022-12-26,Leicester City,Newcastle Utd,0.5774869352289108,0.3076923076923077,0.2697946275366031,1.8768325394939602,0.8768325394939602,-1.0,9,0,9,-1.8768325394939602,2.724885997934055,synthetic_drift,1.1927104482404307
2022-12-26,Southampton,Brighton,0.320320294569736,0.30303030303030304,0.017289991539432947,1.0570569720801286,0.05705697208012861,-1.0,0,0,0,-1.0570569720801286,3.5,B365CH_historico,0.9428571428571428
2022-12-28,Leeds United,Manchester City,0.1364347579464275,0.10526315789473684,0.031171600051690673,1.2961302004910613,0.2961302004910613,-1.0,0,0,0,-1.2961302004910613,9.293085468940015,synthetic_drift,1.0222654286083506
2022-12-30,Liverpool,Leicester City,0.8087938703019869,0.7751937984496123,0.03360007185237457,1.0433440926895632,0.043344092689563185,0.29000000000000004,0,0,0,0.24665590731043685,1.259765561860249,synthetic_drift,1.0240000513231247
2022-12-30,West Ham United,Brentford,0.5941483568548545,0.5,0.09414835685485445,1.188296713709709,0.1882967137097089,-1.0,3,0,3,-1.188296713709709,1.873977230677368,synthetic_drift,1.067248826324896
2022-12-31,Wolverhampton Wanderers,Manchester Utd,0.3828470516805113,0.25,0.1328470516805113,1.5313882067220452,0.5313882067220452,-1.0,5,0,5,-1.5313882067220452,3.653332531683793,synthetic_drift,1.0948907512003652
2022-12-31,Newcastle United,Leeds United,0.7493890957258005,0.6896551724137931,0.05973392331200733,1.0866141888024106,0.08661418880241056,-1.0,2,0,2,-1.0866141888024106,1.3906643995736627,synthetic_drift,1.0426670880800053
2022-12-31,Bournemouth,Crystal Palace,0.5294809507693836,0.35714285714285715,0.17233809362652647,1.482546662154274,0.482546662154274,-1.0,7,0,7,-1.482546662154274,2.88,B365CH_historico,0.9722222222222222
2022-12-31,Fulham,Southampton,0.6666717779167526,0.5128205128205129,0.1538512650962397,1.3000099669376675,0.30000996693766746,0.95,6,1,5,0.6499900330623325,1.8,B365CH_historico,1.0833333333333333
2022-12-31,Manchester City,Everton,0.919226906643244,0.8849557522123894,0.0342711544308546,1.0387264045068656,0.0387264045068656,-1.0,0,0,0,-1.0387264045068656,1.1029992446775287,synthetic_drift,1.024479396022039
2023-01-01,Nottingham Forest,Chelsea,0.4201844045659036,0.2,0.2201844045659036,2.100922022829518,1.100922022829518,-1.0,8,0,8,-2.100922022829518,4.320495852369047,synthetic_drift,1.1572745746899311
2023-01-01,Tottenham Hotspur,Aston Villa,0.7503098256610023,0.5988023952095809,0.15150743045142145,1.253017408853874,0.2530174088538739,-1.0,6,0,6,-1.253017408853874,1.5069215616452079,synthetic_drift,1.1082195931795868
2023-01-02,Brentford,Liverpool,0.2691909857846692,0.18181818181818182,0.08737280396648739,1.4805504218156806,0.48055042181568064,4.5,3,3,0,4.01944957818432,6.0,B365CH_historico,0.9166666666666666
2023-01-03,Leicester City,Fulham,0.6288710625070986,0.45454545454545453,0.17432560796164404,1.383516337515617,0.383516337515617,-1.0,7,0,7,-1.383516337515617,1.9563932546252778,synthetic_drift,1.1245182914011744
2023-01-03,Arsenal,Newcastle Utd,0.7580008509528876,0.5555555555555556,0.20244529539733203,1.3644015317151976,0.3644015317151976,-1.0,8,0,8,-1.3644015317151976,1.5725965855047532,synthetic_drift,1.1446037824266657
2023-01-03,Everton,Brighton,0.3634486611377043,0.2857142857142857,0.0777343754234186,1.2720703139819651,0.27207031398196513,-1.0,2,0,2,-1.2720703139819651,3.2,B365CH_historico,1.09375
2023-01-04,Leeds United,West Ham,0.4906390395596694,0.3846153846153846,0.10602365494428484,1.2756615028551406,0.27566150285514057,-1.0,4,0,4,-1.2756615028551406,2.4169607084522595,synthetic_drift,1.0757311821030606
2023-01-04,Crystal Palace,Tottenham,0.41518017234254495,0.29411764705882354,0.12106252528372141,1.4116125859646529,0.4116125859646529,-1.0,5,0,5,-1.4116125859646529,3.3,B365CH_historico,1.0303030303030303
2023-01-04,Aston Villa,Wolves,0.5991847375564751,0.5128205128205129,0.08636422473596217,1.1684102382351262,0.16841023823512624,-1.0,3,0,3,-1.1684102382351262,1.95,B365CH_historico,1.0
2023-01-05,Chelsea,Manchester City,0.2862068653056339,0.2,0.08620686530563387,1.4310343265281693,0.4310343265281693,-1.0,3,0,3,-1.4310343265281693,4.709976897166648,synthetic_drift,1.061576332361167
2023-01-12,Fulham,Chelsea,0.4013602867422122,0.30303030303030304,0.09832998371190915,1.3244889462493001,0.32448894624930014,2.3,4,3,1,1.9755110537506997,3.8,B365CH_historico,0.868421052631579
2023-01-13,Aston Villa,Leeds United,0.641780036537494,0.5235602094240838,0.11821982711341028,1.2257998697866135,0.22579986978661348,0.9099999999999999,5,1,4,0.6842001302133864,1.7612732703432503,synthetic_drift,1.0844427336524358
2023-01-14,Brentford,Bournemouth,0.7007271329822492,0.6060606060606061,0.09466652692164312,1.1561997694207111,0.15619976942071112,0.6499999999999999,4,1,3,0.4938002305792888,1.6,B365CH_historico,1.0312499999999998
2023-01-14,Everton,Southampton,0.6327145272031641,0.4444444444444444,0.1882700827587197,1.4236076862071192,0.4236076862071192,-1.0,8,0,8,-1.4236076862071192,2.38,B365CH_historico,0.9453781512605043
2023-01-14,Manchester United,Manchester City,0.32870242894727747,0.23809523809523808,0.09060719085203939,1.3805502015785653,0.38055020157856534,3.2,3,3,0,2.819449798421435,3.94470121711875,synthetic_drift,1.064719422037171
2023-01-14,Nottingham Forest,Leicester City,0.5516311972136926,0.37037037037037035,0.18126082684332223,1.48940423247697,0.48940423247697007,1.7000000000000002,7,3,4,1.21059576752303,2.390497466218796,synthetic_drift,1.1294720191738017
2023-01-14,Wolverhampton Wanderers,West Ham,0.4417358072531555,0.3802281368821293,0.06150767037102617,1.161765173075799,0.16176517307579896,1.63,2,3,-1,1.468234826924201,2.5193162339444086,synthetic_drift,1.0439340502650187
2023-01-15,Tottenham Hotspur,Arsenal,0.4175055590286617,0.3225806451612903,0.0949249138673714,1.2942672329888514,0.2942672329888514,-1.0,4,0,4,-1.2942672329888514,2.9031558439764167,synthetic_drift,1.0678035099052652
2023-01-15,Chelsea,Crystal Palace,0.6768553062195356,0.6172839506172839,0.059571355602251685,1.0965055960756478,0.09650559607564779,0.6200000000000001,2,1,1,0.5234944039243523,1.85,B365CH_historico,0.8756756756756757
2023-01-18,Crystal Palace,Manchester Utd,0.4582318362416569,0.2222222222222222,0.2360096140194347,2.0620432630874563,1.0620432630874563,-1.0,9,0,9,-2.0620432630874563,3.8508331161464437,synthetic_drift,1.1685782957281676
2023-01-19,Manchester City,Tottenham,0.7574226247239209,0.7352941176470588,0.02212850707686209,1.0300947696245324,0.03009476962453239,0.3600000000000001,0,0,0,0.3299052303754677,1.3388382206848586,synthetic_drift,1.0158060764834729
2023-01-21,Bournemouth,Nott'ham Forest,0.5363427162899308,0.36363636363636365,0.17270635265356715,1.4749424697973097,0.4749424697973097,-1.0,7,0,7,-1.4749424697973097,2.4480094414981175,synthetic_drift,1.1233616804668336
2023-01-21,Crystal Palace,Newcastle Utd,0.43440616810271726,0.22727272727272727,0.20713344082999,1.9113871396519562,0.9113871396519562,-1.0,8,0,8,-1.9113871396519562,3.832911346066399,synthetic_drift,1.1479524577357072
2023-01-21,Leicester City,Brighton,0.4241009715447813,0.2777777777777778,0.14632319376700353,1.5267634975612128,0.5267634975612128,-1.0,6,0,6,-1.5267634975612128,3.2593445020520178,synthetic_drift,1.1045165669764312
2023-01-21,Liverpool,Chelsea,0.6926585335618872,0.5405405405405405,0.15211799302134676,1.2814182870894915,0.28141828708949146,-1.0,6,0,6,-1.2814182870894915,2.0,B365CH_historico,0.925
2023-01-21,Southampton,Aston Villa,0.3588616930789262,0.3472222222222222,0.01163947085670397,1.0335216760673074,0.03352167606730738,-1.0,0,0,0,-1.0335216760673074,2.6,B365CH_historico,1.1076923076923075
2023-01-21,West Ham United,Everton,0.7042897661680504,0.5555555555555556,0.1487342106124948,1.2677215791024907,0.2677215791024907,0.8,6,1,5,0.5322784208975093,1.6271352325867383,synthetic_drift,1.1062387218660676
2023-01-22,Manchester City,Wolves,0.8815366262472676,0.8333333333333334,0.048203292913934215,1.057843951496721,0.05784395149672106,0.19999999999999996,1,0,1,0.1421560485032789,1.1600581273501092,synthetic_drift,1.034430923509953
2023-01-22,Arsenal,Manchester Utd,0.776040352986875,0.5555555555555556,0.22048479743131943,1.396872635376375,0.39687263537637496,0.8,8,1,7,0.4031273646236251,1.5550901828851031,synthetic_drift,1.157489141022371
2023-01-23,Fulham,Tottenham,0.3711739192926641,0.30303030303030304,0.06814361626236104,1.2248739336657914,0.22487393366579145,-1.0,2,0,2,-1.2248739336657914,3.25,B365CH_historico,1.0153846153846153
2023-02-03,Chelsea,Fulham,0.7016431489782236,0.6172839506172839,0.08435919836093964,1.1366619013447223,0.13666190134472234,-1.0,3,0,3,-1.1366619013447223,1.57,B365CH_historico,1.0318471337579618
2023-02-04,Aston Villa,Leicester City,0.5933433896184274,0.5128205128205129,0.08052287679791448,1.1570196097559333,0.15701960975593332,-1.0,3,0,3,-1.1570196097559333,1.8439431384569105,synthetic_drift,1.0575163405699388
2023-02-04,Brentford,Southampton,0.789748588408186,0.5405405405405405,0.2492080478676455,1.461034888555144,0.4610348885551441,0.8500000000000001,9,1,8,0.388965111444856,1.75,B365CH_historico,1.0571428571428572
2023-02-04,Everton,Arsenal,0.1551918323224123,0.11764705882352941,0.03754477349888288,1.3191305747405044,0.31913057474050444,7.5,0,3,-3,7.180869425259496,8.5,B365CH_historico,1.0
2023-02-04,Manchester United,Crystal Palace,0.765192913504988,0.7142857142857143,0.05090719921927367,1.0712700789069831,0.07127007890698311,0.3999999999999999,1,0,1,0.3287299210930168,1.3508789542533572,synthetic_drift,1.036362285156624
2023-02-04,Newcastle United,West Ham,0.7022077353152149,0.625,0.07720773531521485,1.123532376504344,0.1235323765043439,-1.0,2,0,2,-1.123532376504344,1.5163744045261287,synthetic_drift,1.0551483823680106
2023-02-05,Nottingham Forest,Leeds United,0.6634335377419222,0.3802281368821293,0.28320540085979284,1.7448302042612551,0.7448302042612551,1.63,9,3,6,0.8851697957387448,2.1874929810225234,synthetic_drift,1.2022895720427091
2023-02-05,Tottenham Hotspur,Manchester City,0.28562958476602474,0.23094688221709006,0.054682702548934675,1.236776102036887,0.23677610203688704,3.33,1,3,-2,3.093223897963113,4.167231788332946,synthetic_drift,1.039059073249239
2023-02-08,Manchester United,Leeds United,0.8165067054149867,0.6896551724137931,0.12685153300119356,1.1839347228517307,0.18393472285173074,-1.0,5,0,5,-1.1839347228517307,1.329533327978401,synthetic_drift,1.0906082378579953
2023-02-11,West Ham United,Chelsea,0.4751578919844982,0.30303030303030304,0.17212758895419517,1.568021043548844,0.568021043548844,-1.0,7,0,7,-1.568021043548844,2.938692783244965,synthetic_drift,1.122948277824425
2023-02-11,Southampton,Wolves,0.38782334642506466,0.3448275862068966,0.04299576021816809,1.1246877046326875,0.12468770463268752,-1.0,1,0,1,-1.1246877046326875,3.0,B365CH_historico,0.9666666666666667
2023-02-11,Leicester City,Tottenham,0.3990247684605265,0.29411764705882354,0.10490712140170294,1.35668421276579,0.3566842127657901,2.4,4,3,1,2.04331578723421,3.1629858961438315,synthetic_drift,1.0749336581440736
2023-02-11,Crystal Palace,Brighton,0.4064758290301285,0.2631578947368421,0.14331793429328643,1.5446081503144884,0.5446081503144884,-1.0,6,0,6,-1.5446081503144884,4.75,B365CH_historico,0.7999999999999999
2023-02-11,Bournemouth,Newcastle Utd,0.36191287491557644,0.15384615384615385,0.2080667210694226,2.352433686951247,1.352433686951247,-1.0,8,0,8,-2.352433686951247,5.658969171346429,synthetic_drift,1.148619086478159
2023-02-11,Arsenal,Brentford,0.7388473003765749,0.6944444444444444,0.04440285593213045,1.0639401125422678,0.06394011254226784,-1.0,1,0,1,-1.0639401125422678,1.5,B365CH_historico,0.96
2023-02-11,Fulham,Nott'ham Forest,0.606546289682858,0.5235602094240838,0.08298608025877419,1.1585034132942587,0.15850341329425865,0.9099999999999999,3,1,2,0.7514965867057413,1.8031187450750712,synthetic_drift,1.0592757716134102
2023-02-12,Leeds United,Manchester Utd,0.4151350613215712,0.26666666666666666,0.14846839465490452,1.556756479955892,0.556756479955892,-1.0,6,0,6,-1.556756479955892,3.3904469849835253,synthetic_drift,1.1060488533249317
2023-02-12,Manchester City,Aston Villa,0.8618127183740942,0.8,0.06181271837409419,1.0772658979676177,0.07726589796761774,0.25,2,0,2,0.17273410203238226,1.1971437777244427,synthetic_drift,1.0441519416957816
2023-02-13,Liverpool,Everton,0.8279433775781614,0.6666666666666666,0.16127671091149476,1.241915066367242,0.24191506636724203,0.5,7,0,7,0.258084933632758,1.62,B365CH_historico,0.9259259259259258
2023-02-15,Arsenal,Manchester City,0.43553067956112806,0.3448275862068966,0.09070309335423149,1.2630389707272713,0.26303897072727134,-1.0,3,0,3,-1.2630389707272713,2.723547041728204,synthetic_drift,1.064787923824451
2023-02-18,Nottingham Forest,Manchester City,0.2049678988863122,0.11764705882352941,0.08732084006278279,1.7422271405336538,0.7422271405336538,-1.0,3,0,3,-1.7422271405336538,8.000963665309548,synthetic_drift,1.0623720286162734
2023-02-18,Newcastle United,Liverpool,0.4528462165634053,0.4,0.05284621656340527,1.1321155414085133,0.13211554140851334,-1.0,1,0,1,-1.1321155414085133,2.4090643318595535,synthetic_drift,1.0377472975452895
2023-02-18,Everton,Leeds United,0.5232810221371855,0.4166666666666667,0.10661435547051884,1.2558744531292452,0.25587445312924517,1.4,4,2,2,1.1441255468707547,2.230165926535769,synthetic_drift,1.0761531110503706
2023-02-18,Brentford,Crystal Palace,0.6826966449503984,0.5464480874316939,0.13624855751870446,1.2493348602592291,0.24933486025922913,-1.0,6,0,6,-1.2493348602592291,1.8,B365CH_historico,1.0166666666666666
2023-02-18,Aston Villa,Arsenal,0.294004622528777,0.2222222222222222,0.0717824003065548,1.3230208013794966,0.3230208013794966,-1.0,2,0,2,-1.3230208013794966,4.2,B365CH_historico,1.0714285714285714
2023-02-18,Chelsea,Southampton,0.8251224002283534,0.7142857142857143,0.11083668594263907,1.1551713603196947,0.1551713603196947,-1.0,4,0,4,-1.1551713603196947,1.4,B365CH_historico,1.0
2023-02-19,Manchester United,Leicester City,0.6954864834314785,0.6172839506172839,0.07820253281419454,1.1266881031589953,0.12668810315899526,0.6200000000000001,3,1,2,0.49331189684100485,1.5342958421821895,synthetic_drift,1.055858952010139
2023-02-19,Tottenham Hotspur,West Ham,0.7261586576915688,0.5714285714285714,0.15473008626299745,1.2707776509602455,0.27077765096024553,0.75,7,1,6,0.47922234903975447,1.5758362314122987,synthetic_drift,1.1105214901878553
2023-02-24,Fulham,Wolves,0.5912257583252479,0.4,0.1912257583252479,1.4780643958131199,0.4780643958131199,-1.0,8,0,8,-1.4780643958131199,2.63,B365CH_historico,0.9505703422053232
2023-02-25,West Ham United,Nott'ham Forest,0.6802049613355038,0.5714285714285714,0.10877638990693239,1.1903586823371317,0.1903586823371317,0.75,4,1,3,0.5596413176628683,1.6238324090895444,synthetic_drift,1.0776974213620947
2023-02-25,Leeds United,Southampton,0.6262278157494433,0.5128205128205129,0.11340730292893042,1.2211442407114144,0.22114424071141436,0.95,4,1,3,0.7288557592885856,1.8038765867698476,synthetic_drift,1.0810052163778074
2023-02-25,Leicester City,Arsenal,0.31777479783851115,0.21052631578947367,0.10724848204903747,1.509430289732928,0.5094302897329279,-1.0,4,0,4,-1.509430289732928,4.412013068316128,synthetic_drift,1.0766060586064554
2023-02-25,Crystal Palace,Liverpool,0.30479320290957135,0.21052631578947367,0.09426688712009768,1.4477677138204639,0.4477677138204639,-1.0,4,0,4,-1.4477677138204639,4.75,B365CH_historico,1.0
2023-02-25,Bournemouth,Manchester City,0.14303826608865552,0.1,0.04303826608865552,1.4303826608865553,0.4303826608865553,-1.0,1,0,1,-1.4303826608865553,9.70175242680632,synthetic_drift,1.030741618634754
2023-02-25,Everton,Aston Villa,0.4531429614835761,0.4,0.05314296148357606,1.1328574037089403,0.13285740370894028,-1.0,1,0,1,-1.1328574037089403,2.5,B365CH_historico,1.0
2023-02-26,Tottenham Hotspur,Chelsea,0.6360975381667011,0.3921568627450981,0.24394067542160303,1.6220487223250877,0.6220487223250877,1.5499999999999998,9,2,7,0.9279512776749121,2.171611210413321,synthetic_drift,1.1742433395868592
2023-03-01,Arsenal,Everton,0.877154166075819,0.7352941176470588,0.1418600484287602,1.1929296658631139,0.19292966586311389,0.3600000000000001,6,0,6,0.1670703341368862,1.3,B365CH_historico,1.0461538461538462
2023-03-01,Liverpool,Wolves,0.772935323228353,0.6666666666666666,0.10626865656168638,1.1594029848425296,0.15940298484252957,0.5,4,0,4,0.34059701515747043,1.5,B365CH_historico,1.0
2023-03-04,Manchester City,Newcastle Utd,0.831755734598352,0.6896551724137931,0.1421005621845588,1.2060458151676103,0.20604581516761034,0.44999999999999996,6,0,6,0.24395418483238962,1.316386265448394,synthetic_drift,1.101500401560399
2023-03-04,Arsenal,Bournemouth,0.8582373028708314,0.819672131147541,0.03856517172329044,1.0470495095024144,0.04704950950241438,0.21999999999999997,1,0,1,0.1729504904975856,1.2,B365CH_historico,1.0166666666666666
2023-03-04,Aston Villa,Crystal Palace,0.57091181673081,0.48780487804878053,0.08310693868202951,1.1703692242981605,0.17036922429816048,1.0499999999999998,3,2,1,0.8796307757018393,2.15,B365CH_historico,0.9534883720930232
2023-03-04,Brighton And Hove Albion,West Ham,0.6219897326110063,0.5555555555555556,0.06643417705545074,1.1195815186998115,0.11958151869981148,0.8,2,1,1,0.6804184813001886,1.718454220059214,synthetic_drift,1.0474529836110362
2023-03-04,Chelsea,Leeds United,0.719840156997861,0.6172839506172839,0.10255620638057705,1.166141054336535,0.16614105433653492,0.6200000000000001,4,1,3,0.4538589456634652,1.5094277274746728,synthetic_drift,1.0732544331289837
2023-03-04,Wolverhampton Wanderers,Tottenham,0.33507502368376363,0.30303030303030304,0.03204472065346059,1.1057475781564199,0.10574757815641989,2.3,0,3,-3,2.19425242184358,3.2261562319728627,synthetic_drift,1.0228890861810433
2023-03-05,Nottingham Forest,Everton,0.7363466273227353,0.37037037037037035,0.3659762569523649,1.9881358937713853,0.9881358937713853,-1.0,9,0,9,-1.9881358937713853,2.16,synthetic_drift,1.25
2023-03-05,Liverpool,Manchester Utd,0.7071255969316862,0.42016806722689076,0.28695752970479543,1.6829589206974132,0.6829589206974132,1.38,9,2,7,0.6970410793025867,1.9751534590103605,synthetic_drift,1.204969664074854
2023-03-06,Brentford,Fulham,0.6406310166678102,0.5128205128205129,0.1278105038472973,1.2492304825022298,0.2492304825022298,0.95,5,1,4,0.7007695174977702,1.95,B365CH_historico,1.0
2023-03-11,Tottenham Hotspur,Nott'ham Forest,0.8120710526626101,0.6944444444444444,0.11762660821816573,1.1693823158341585,0.16938231583415853,0.43999999999999995,5,0,5,0.2706176841658414,1.3283899933508483,synthetic_drift,1.0840190058701185
2023-03-11,Leicester City,Chelsea,0.4805629812181382,0.26666666666666666,0.2138963145514715,1.8021111795680183,0.8021111795680183,-1.0,8,0,8,-1.8021111795680183,3.2529970808310957,synthetic_drift,1.1527830818224796
2023-03-11,Leeds United,Brighton,0.33456103322813185,0.26666666666666666,0.06789436656146519,1.2546038746054944,0.2546038746054944,-1.0,2,0,2,-1.2546038746054944,3.576551637225843,synthetic_drift,1.0484959761153323
2023-03-11,Crystal Palace,Manchester City,0.16467876853120825,0.1111111111111111,0.05356765742009714,1.4821089167808743,0.4821089167808743,-1.0,1,0,1,-1.4821089167808743,8.668327157446143,synthetic_drift,1.0382626124429266
2023-03-11,Bournemouth,Liverpool,0.22405715806608803,0.13333333333333333,0.0907238247327547,1.6804286854956603,0.6804286854956603,6.5,3,3,0,5.81957131450434,7.5,B365CH_historico,1.0
2023-03-12,Fulham,Arsenal,0.2673524398257616,0.16666666666666666,0.10068577315909497,1.6041146389545697,0.6041146389545697,-1.0,4,0,4,-1.6041146389545697,7.5,B365CH_historico,0.8
2023-03-12,Manchester United,Southampton,0.864353268009048,0.7352941176470588,0.12905915036198923,1.1755204444923053,0.1755204444923053,-1.0,5,0,5,-1.1755204444923053,1.2452101670162645,synthetic_drift,1.0921851074014208
2023-03-12,Newcastle United,Wolves,0.6722931939595546,0.6060606060606061,0.06623258789894848,1.109283770033265,0.10928377003326495,0.6499999999999999,2,1,1,0.540716229966735,1.5754662794053267,synthetic_drift,1.0473089913563918
2023-03-12,West Ham United,Aston Villa,0.5987832678260647,0.45454545454545453,0.1442378132806102,1.3173231892173425,0.3173231892173425,-1.0,6,0,6,-1.3173231892173425,1.99451144992803,synthetic_drift,1.10302700948615
2023-03-17,Nottingham Forest,Newcastle Utd,0.5200276847423826,0.18181818181818182,0.33820950292420077,2.8601522660831042,1.8601522660831042,-1.0,9,0,9,-2.8601522660831042,4.429845762001785,synthetic_drift,1.2415782163744291
2023-03-18,Wolverhampton Wanderers,Leeds United,0.5962636079738723,0.4444444444444444,0.15181916352942793,1.3415931179412128,0.34159311794121283,-1.0,6,0,6,-1.3415931179412128,2.0298756930129027,synthetic_drift,1.108442259663877
2023-03-18,Chelsea,Everton,0.7548969308652393,0.6666666666666666,0.08823026419857272,1.132345396297859,0.1323453962978589,-1.0,3,0,3,-1.132345396297859,1.45,B365CH_historico,1.0344827586206897
2023-03-18,Southampton,Tottenham,0.271229260469517,0.21052631578947367,0.060702944680043336,1.2883389872302058,0.2883389872302058,-1.0,2,0,2,-1.2883389872302058,4.5,B365CH_historico,1.0555555555555556
2023-03-18,Aston Villa,Bournemouth,0.6450203095768523,0.5882352941176471,0.056785015459205224,1.096534526280649,0.09653452628064896,0.7,1,1,0,0.603465473719351,1.73,B365CH_historico,0.9826589595375722
2023-03-18,Brentford,Leicester City,0.6676054796216686,0.5235602094240838,0.14404527019758484,1.2751264660773869,0.2751264660773869,-1.0,6,0,6,-1.2751264660773869,1.7318145080408296,synthetic_drift,1.1028894787125605
2023-03-19,Arsenal,Crystal Palace,0.8426398864130354,0.8,0.0426398864130354,1.0532998580162942,0.05329985801629422,0.25,1,0,1,0.19670014198370578,1.25,B365CH_historico,1.0
2023-04-01,Arsenal,Leeds United,0.8659480759121706,0.7751937984496123,0.09075427746255826,1.1170730179267,0.11707301792670011,0.29000000000000004,3,0,3,0.17292698207329993,1.2114672601000533,synthetic_drift,1.0648244839018273
2023-04-01,Bournemouth,Fulham,0.47758585332207204,0.3921568627450981,0.08542899057697395,1.2178439259712837,0.21784392597128366,1.5499999999999998,3,2,1,1.3321560740287162,2.5,B365CH_historico,1.02
2023-04-01,Crystal Palace,Leicester City,0.5120769029068778,0.4,0.11207690290687777,1.2801922572671944,0.28019225726719443,1.5,4,2,2,1.2198077427328056,2.3146970853608426,synthetic_drift,1.0800549306477698
2023-04-01,Manchester City,Liverpool,0.7312730441138904,0.6172839506172839,0.11398909349660646,1.1846623314645024,0.1846623314645024,0.6200000000000001,4,1,3,0.4353376685354977,1.498029285509568,synthetic_drift,1.0814207810690046
2023-04-01,Nottingham Forest,Wolves,0.6173556493293896,0.3333333333333333,0.28402231599605626,1.8520669479881686,0.8520669479881686,-1.0,9,0,9,-1.8520669479881686,2.4940287074021383,synthetic_drift,1.202873082854326
2023-04-02,Newcastle United,Manchester Utd,0.6067537131452823,0.4166666666666667,0.19008704647861557,1.4562089115486774,0.4562089115486774,1.4,8,2,6,0.9437910884513225,2.1130918633926417,synthetic_drift,1.1357764617704398
2023-04-02,West Ham United,Southampton,0.7563141235712505,0.5780346820809249,0.1782794414903256,1.3084234337782634,0.3084234337782634,0.73,7,1,6,0.42157656622173656,1.5345824930171885,synthetic_drift,1.1273424582073754
2023-04-03,Everton,Tottenham,0.34070041149355546,0.29411764705882354,0.046582764434731916,1.1583813990780885,0.15838139907808846,-1.0,1,0,1,-1.1583813990780885,3.75,B365CH_historico,0.9066666666666666
2023-04-04,Leicester City,Aston Villa,0.46231632230485564,0.3921568627450981,0.07015945955975755,1.1789066218773818,0.17890662187738182,-1.0,2,0,2,-1.1789066218773818,2.428308015695824,synthetic_drift,1.050113899685541
2023-04-04,Bournemouth,Brighton,0.37355085619843403,0.16666666666666666,0.20688418953176738,2.2413051371906043,1.2413051371906043,-1.0,8,0,8,-2.2413051371906043,5.75,B365CH_historico,1.0434782608695652
2023-04-05,Manchester United,Brentford,0.6611737890037336,0.6060606060606061,0.0551131829431275,1.0909367518561603,0.09093675185616035,0.6499999999999999,1,1,0,0.5590632481438396,1.5875053755803168,synthetic_drift,1.0393665592450911
2023-04-05,West Ham United,Newcastle Utd,0.5281511327952875,0.2777777777777778,0.2503733550175097,1.9013440780630348,0.9013440780630348,-1.0,9,0,9,-1.9013440780630348,3.0538544412858193,synthetic_drift,1.1788381107267927
2023-04-08,Aston Villa,Nott'ham Forest,0.75283854393523,0.625,0.12783854393522998,1.204541670296368,0.20454167029636805,0.6000000000000001,5,1,4,0.39545832970363204,1.4661235042745202,synthetic_drift,1.0913132456680215
2023-04-08,Brentford,Newcastle Utd,0.5149971610200935,0.2777777777777778,0.23721938324231573,1.8539897796723368,0.8539897796723368,-1.0,9,0,9,-1.8539897796723368,3.078390136097025,synthetic_drift,1.1694424166016542
2023-04-08,Fulham,West Ham,0.5867592510120383,0.35714285714285715,0.22961639386918115,1.642925902833707,0.6429259028337071,-1.0,9,0,9,-1.642925902833707,2.9,B365CH_historico,0.9655172413793103
2023-04-08,Leicester City,Bournemouth,0.6140044063939255,0.5464480874316939,0.06755631896223158,1.1236280637008838,0.12362806370088375,-1.0,2,0,2,-1.1236280637008838,1.745759237241194,synthetic_drift,1.0482545135444512
2023-04-08,Manchester United,Everton,0.8189315461689229,0.6666666666666666,0.1522648795022563,1.2283973192533844,0.22839731925338436,0.5,6,0,6,0.27160268074661564,1.3528618908606491,synthetic_drift,1.1087606282158973
2023-04-08,Tottenham Hotspur,Brighton,0.6312019951116697,0.3921568627450981,0.23904513236657166,1.6095650875347578,0.6095650875347578,1.5499999999999998,9,2,7,0.940434912465242,2.1780974358194616,synthetic_drift,1.1707465231189798
2023-04-08,Wolverhampton Wanderers,Chelsea,0.3929435271128564,0.23809523809523808,0.15484828901761832,1.650362813873997,0.650362813873997,3.2,7,3,4,2.549637186126003,3.7817194394670444,synthetic_drift,1.1106059207268701
2023-04-09,Liverpool,Arsenal,0.4404434137243485,0.3472222222222222,0.09322119150212627,1.2684770315261236,0.26847703152612357,-1.0,3,0,3,-1.2684770315261236,2.7,B365CH_historico,1.0666666666666667
2023-04-09,Leeds United,Crystal Palace,0.5169197110974518,0.47619047619047616,0.040729234906975664,1.0855313933046489,0.08553139330464887,-1.0,1,0,1,-1.0855313933046489,2.0406332631889907,synthetic_drift,1.0290923106478398
2023-04-15,Aston Villa,Newcastle Utd,0.5083305204674534,0.2777777777777778,0.23055274268967563,1.8299898736828324,0.8299898736828324,2.6,9,3,6,1.7700101263171677,3.0909763714151777,synthetic_drift,1.1646805304926255
2023-04-15,Chelsea,Brighton,0.4952240468627922,0.3802281368821293,0.11499590998066289,1.3024392432491434,0.3024392432491434,-1.0,5,0,5,-1.3024392432491434,3.0,B365CH_historico,0.8766666666666666
2023-04-15,Manchester City,Leicester City,0.9080010360850083,0.8771929824561404,0.03080805362886785,1.0351211811369094,0.03512118113690943,0.1399999999999999,0,0,0,0.10487881886309047,1.1154536039632752,synthetic_drift,1.0220057525920485
2023-04-15,Southampton,Crystal Palace,0.37438214551353083,0.35714285714285715,0.017239288370673678,1.0482700074378863,0.04827000743788634,-1.0,0,0,0,-1.0482700074378863,2.88,B365CH_historico,0.9722222222222222
2023-04-15,Tottenham Hotspur,Bournemouth,0.80044177351741,0.6896551724137931,0.11078660110361682,1.1606405716002444,0.16064057160024436,-1.0,4,0,4,-1.1606405716002444,1.3436709052867573,synthetic_drift,1.0791332865025836
2023-04-16,Nottingham Forest,Manchester Utd,0.5421959713951573,0.18181818181818182,0.36037778957697547,2.982077842673365,1.9820778426733652,-1.0,9,0,9,-2.982077842673365,4.4,synthetic_drift,1.25
2023-04-16,West Ham United,Arsenal,0.2648808301305113,0.16666666666666666,0.09821416346384462,1.5892849807830678,0.5892849807830678,-1.0,4,0,4,-1.5892849807830678,5.606675070124386,synthetic_drift,1.0701529739027462
2023-04-17,Leeds United,Liverpool,0.2437805052651184,0.23809523809523808,0.005685267169880326,1.0238781221134974,0.02387812211349738,-1.0,0,0,0,-1.0238781221134974,4.1830131803532575,synthetic_drift,1.0040609051213432
2023-04-21,Arsenal,Southampton,0.9119810229022464,0.8333333333333334,0.07864768956891299,1.0943772274826955,0.0943772274826955,-1.0,3,0,3,-1.0943772274826955,1.2,B365CH_historico,1.0
2023-04-22,Fulham,Leeds United,0.6533779323996304,0.4347826086956522,0.21859532370397816,1.5027692445191498,0.5027692445191498,1.2999999999999998,8,2,6,0.79723075548085,1.9893792801967216,synthetic_drift,1.156139516931413
2023-04-22,Leicester City,Wolves,0.5308282644567143,0.42016806722689076,0.11066019722982351,1.2633712694069799,0.26337126940697986,1.38,4,2,2,1.11662873059302,2.2056581659529138,synthetic_drift,1.0790429980213025
2023-04-22,Brentford,Aston Villa,0.4732413306151675,0.4,0.07324133061516747,1.1831033265379187,0.18310332653791872,-1.0,2,0,2,-1.1831033265379187,2.63,B365CH_historico,0.9505703422053232
2023-04-22,Crystal Palace,Everton,0.6963255238419717,0.48780487804878053,0.20852064579319113,1.4274673238760418,0.4274673238760418,-1.0,8,0,8,-1.4274673238760418,1.91,B365CH_historico,1.0732984293193717
2023-04-23,Bournemouth,West Ham,0.5482332730642471,0.3472222222222222,0.20101105084202486,1.5789118264250315,0.5789118264250315,-1.0,8,0,8,-1.5789118264250315,3.0,B365CH_historico,0.96
2023-04-23,Newcastle United,Tottenham,0.5733595680290455,0.5464480874316939,0.0269114805973516,1.0492480094931533,0.04924800949315333,0.8300000000000001,0,1,-1,0.7807519905068467,1.7954862896803268,synthetic_drift,1.0192224861409653
2023-04-25,Aston Villa,Fulham,0.6871405154143232,0.5714285714285714,0.1157119439857518,1.2024959019750656,0.20249590197506562,0.75,5,1,4,0.5475040980249344,1.73,B365CH_historico,1.0115606936416186
2023-04-25,Leeds United,Leicester City,0.4601996573770796,0.4347826086956522,0.025417048681427357,1.0584592119672829,0.058459211967282876,-1.0,0,0,0,-1.0584592119672829,2.2589879944109263,synthetic_drift,1.0181550347724482
2023-04-25,Wolverhampton Wanderers,Crystal Palace,0.49893969361994234,0.4081632653061224,0.09077642831381993,1.2224022493688589,0.22240224936885888,1.4500000000000002,3,2,1,1.2275977506311413,2.300814484892002,synthetic_drift,1.0648403059384428
2023-04-26,Manchester City,Arsenal,0.700592190163726,0.6451612903225806,0.055430899841145354,1.0859178947537753,0.08591789475377531,0.55,1,1,0,0.46408210524622473,1.4909673830869243,synthetic_drift,1.0395934998865324
2023-04-26,Nottingham Forest,Brighton,0.42232732320449984,0.16666666666666666,0.2556606565378332,2.5339639392269993,1.5339639392269993,5.0,9,3,6,3.4660360607730007,5.073503418004337,synthetic_drift,1.1826147546698809
2023-04-26,West Ham United,Liverpool,0.346935858653804,0.25641025641025644,0.09052560224354755,1.3530498487498355,0.35304984874983547,-1.0,3,0,3,-1.3530498487498355,3.6631373468403208,synthetic_drift,1.0646611444596767
2023-04-27,Southampton,Bournemouth,0.46425534998005646,0.4444444444444444,0.019810905535612044,1.044574537455127,0.04457453745512696,-1.0,0,0,0,-1.044574537455127,2.5,B365CH_historico,0.9
2023-04-27,Tottenham Hotspur,Manchester Utd,0.6782058565447245,0.35714285714285715,0.3210629994018674,1.8989763983252286,0.8989763983252286,-1.0,9,0,9,-1.8989763983252286,2.2776621200748277,synthetic_drift,1.2293307138584768
2023-04-27,Everton,Newcastle Utd,0.3235463596374438,0.21052631578947367,0.11302004384797015,1.536845208277858,0.5368452082778581,-1.0,4,0,4,-1.536845208277858,4.395183016272188,synthetic_drift,1.08072860274855
2023-04-29,Brentford,Nott'ham Forest,0.7547369176064557,0.6060606060606061,0.1486763115458496,1.2453159140506518,0.24531591405065178,0.6499999999999999,6,1,5,0.4046840859493481,1.4915963928538534,synthetic_drift,1.1061973653898927
2023-04-29,Crystal Palace,West Ham,0.5495085757980226,0.3802281368821293,0.16928043891589328,1.4452075543487994,0.44520755434879944,1.63,7,3,4,1.1847924456512005,2.4,B365CH_historico,1.0958333333333334
2023-04-30,Bournemouth,Leeds United,0.6132821253084633,0.3921568627450981,0.22112526256336518,1.5638694195365812,0.5638694195365812,1.5499999999999998,8,2,6,0.9861305804634186,2.2021740592426666,synthetic_drift,1.1579466161166894
2023-04-30,Fulham,Manchester City,0.1394324665355699,0.08333333333333333,0.05609913320223657,1.6731895984268388,0.6731895984268388,-1.0,1,0,1,-1.6731895984268388,11.537675984363531,synthetic_drift,1.040070809430169
2023-04-30,Liverpool,Tottenham,0.7273146871401711,0.6535947712418301,0.07371991589834104,1.1127914713244618,0.11279147132446177,0.53,2,1,1,0.41720852867553826,1.53,B365CH_historico,1.0
2023-04-30,Manchester United,Aston Villa,0.6451731796911396,0.5780346820809249,0.06713849761021473,1.1161496008656715,0.1161496008656715,0.73,2,1,1,0.6138503991343285,1.650832558715578,synthetic_drift,1.047956069721582
2023-04-30,Newcastle United,Southampton,0.8372495416966375,0.7692307692307692,0.0680187724658683,1.0884244042056288,0.0884244042056288,0.30000000000000004,2,0,2,0.21157559579437124,1.239766162487759,synthetic_drift,1.0485848374756201
2023-05-01,Leicester City,Everton,0.6492465336826073,0.5,0.14924653368260732,1.2984930673652146,0.29849306736521464,-1.0,6,0,6,-1.2984930673652146,1.8073301692948203,synthetic_drift,1.106604666916148
2023-05-02,Arsenal,Chelsea,0.7929870515179936,0.625,0.16798705151799365,1.26877928242879,0.26877928242879,0.6000000000000001,7,1,6,0.3312207175712101,1.57,B365CH_historico,1.019108280254777
2023-05-03,Manchester City,West Ham,0.9061172944009538,0.8333333333333334,0.07278396106762042,1.0873407532811445,0.08734075328114455,0.19999999999999996,2,0,2,0.11265924671885541,1.1406968329436238,synthetic_drift,1.051988543619729
2023-05-04,Brighton And Hove Albion,Manchester Utd,0.5835750494766768,0.5128205128205129,0.07075453665616394,1.1379713464795198,0.1379713464795198,0.95,2,1,1,0.8120286535204801,1.8561900928803492,synthetic_drift,1.0505389547544028
2023-05-06,Wolverhampton Wanderers,Aston Villa,0.4093721079961508,0.3472222222222222,0.062149885773928604,1.1789916710289143,0.17899167102891433,1.88,2,3,-1,1.7010083289710856,2.7575832267468443,synthetic_drift,1.0443927755528062
2023-05-06,Tottenham Hotspur,Crystal Palace,0.7216188234715557,0.5555555555555556,0.16606326791600012,1.2989138822488002,0.2989138822488002,0.8,7,1,6,0.5010861177511998,1.6091303918732656,synthetic_drift,1.11861661994
2023-05-06,Bournemouth,Chelsea,0.4988119473238474,0.30303030303030304,0.1957816442935444,1.6460794261686964,0.6460794261686964,-1.0,8,0,8,-1.6460794261686964,3.5,B365CH_historico,0.9428571428571428
2023-05-06,Liverpool,Brentford,0.7326553929507468,0.6944444444444444,0.038210948506302356,1.0550237658490753,0.05502376584907531,0.43999999999999995,1,0,1,0.38497623415092463,1.4,B365CH_historico,1.0285714285714287
2023-05-06,Manchester City,Leeds United,0.9451624502702493,0.8547008547008548,0.09046159556939448,1.1058400668161916,0.10584006681619162,0.16999999999999993,3,0,3,0.0641599331838083,1.0989883971980117,synthetic_drift,1.0646154254067104
2023-05-07,Newcastle United,Arsenal,0.4188132500943129,0.4081632653061224,0.010649984788190514,1.0260924627310668,0.0260924627310668,-1.0,0,0,0,-1.0260924627310668,2.43150323396134,synthetic_drift,1.0076071319915647
2023-05-07,West Ham United,Manchester Utd,0.5285836109144477,0.29411764705882354,0.23446596385562418,1.7971842771091222,0.7971842771091222,2.4,9,3,6,1.6028157228908777,2.9122662112653575,synthetic_drift,1.167475688468303
2023-05-08,Brighton And Hove Albion,Everton,0.7698032706221131,0.7518796992481203,0.017923571373992808,1.0238383499274104,0.023838349927410407,-1.0,0,0,0,-1.0238383499274104,1.3131878456577808,synthetic_drift,1.0128025509814234
2023-05-08,Fulham,Leicester City,0.5722952323010945,0.3802281368821293,0.19206709541896516,1.5051364609518785,0.5051364609518785,1.63,8,3,5,1.1248635390481214,2.31271660006958,synthetic_drift,1.137190782442118
2023-05-08,Nottingham Forest,Southampton,0.7555157703659398,0.47619047619047616,0.2793252941754636,1.5865831177684735,0.5865831177684735,1.1,9,2,7,0.5134168822315266,1.750703100940023,synthetic_drift,1.1995180672681882
2023-05-13,Manchester United,Wolves,0.8155767439505605,0.7352941176470588,0.08028262630350169,1.1091843717727623,0.1091843717727623,0.3600000000000001,3,0,3,0.2508156282272378,1.286240861148649,synthetic_drift,1.0573447330739298
2023-05-13,Crystal Palace,Bournemouth,0.6225217324991745,0.5464480874316939,0.0760736450674806,1.1392147704734894,0.1392147704734894,0.8300000000000001,2,1,1,0.6907852295265107,1.75,B365CH_historico,1.0457142857142858
2023-05-13,Leeds United,Newcastle Utd,0.275618897164921,0.23094688221709006,0.044672014947830935,1.193429824724108,0.19342982472410797,-1.0,1,0,1,-1.193429824724108,4.196108138925157,synthetic_drift,1.0319085821055936
2023-05-13,Aston Villa,Tottenham,0.5969571458539673,0.4444444444444444,0.1525127014095229,1.3431535781714263,0.34315357817142633,1.25,6,2,4,0.9068464218285737,2.2,B365CH_historico,1.0227272727272727
2023-05-13,Chelsea,Nott'ham Forest,0.724843580780873,0.6666666666666666,0.058176914114206335,1.0872653711713094,0.08726537117130939,-1.0,1,0,1,-1.0872653711713094,1.4401544693743007,synthetic_drift,1.0415549386530045
2023-05-14,Arsenal,Brighton,0.751815963966532,0.5780346820809249,0.17378128188560715,1.3006416176621005,0.3006416176621005,-1.0,7,0,7,-1.3006416176621005,1.75,B365CH_historico,0.9885714285714285
2023-05-14,Brentford,West Ham,0.649465850159385,0.5,0.14946585015938496,1.29893170031877,0.2989317003187699,1.0,6,2,4,0.7010682996812301,1.8,B365CH_historico,1.1111111111111112
2023-05-15,Leicester City,Liverpool,0.23035575885816992,0.19047619047619047,0.03987956838197945,1.209367734005392,0.2093677340053921,-1.0,1,0,1,-1.209367734005392,5.104593579488968,synthetic_drift,1.0284854059871282
2023-05-18,Newcastle United,Brighton,0.5543018109084733,0.5,0.0543018109084733,1.1086036218169466,0.1086036218169466,1.0,1,2,-1,0.8913963781830534,1.925322501146372,synthetic_drift,1.0387870077917667
2023-05-20,Tottenham Hotspur,Brentford,0.6530003343270179,0.5464480874316939,0.10655224689532394,1.1949906118184428,0.1949906118184428,-1.0,4,0,4,-1.1949906118184428,1.7005716232408958,synthetic_drift,1.0761087477823743
2023-05-20,Bournemouth,Manchester Utd,0.41953439664071324,0.16666666666666666,0.2528677299740466,2.5172063798442794,1.5172063798442794,-1.0,9,0,9,-2.5172063798442794,5.082076349891529,synthetic_drift,1.180619807124319
2023-05-20,Fulham,Crystal Palace,0.5485926302571742,0.4081632653061224,0.1404293649510518,1.344051944130077,0.3440519441300769,-1.0,6,0,6,-1.344051944130077,2.38,B365CH_historico,1.0294117647058825
2023-05-20,Liverpool,Aston Villa,0.7187191453155166,0.6896551724137931,0.029063972901723467,1.0421427607074991,0.042142760707499116,-1.0,0,0,0,-1.0421427607074991,1.5,B365CH_historico,0.9666666666666667
2023-05-20,Nottingham Forest,Arsenal,0.31673143119279384,0.19047619047619047,0.12625524071660338,1.6628400137621677,0.6628400137621677,4.25,5,3,2,3.5871599862378325,4.815708279926396,synthetic_drift,1.0901823147975738
2023-05-20,Wolverhampton Wanderers,Everton,0.6377332137848248,0.36363636363636365,0.2740968501484612,1.7537663379082682,0.7537663379082682,-1.0,9,0,9,-1.7537663379082682,2.2997474725901172,synthetic_drift,1.195783464391758
2023-05-21,West Ham United,Leeds United,0.7311540216087608,0.4166666666666667,0.31448735494209407,1.7547696518610258,0.7547696518610258,1.4,9,2,7,0.6452303481389741,1.9597694846302802,synthetic_drift,1.2246338249586386
2023-05-21,Manchester City,Chelsea,0.897654641556971,0.8,0.0976546415569709,1.1220683019462137,0.12206830194621365,0.25,4,0,4,0.12793169805378635,1.1684936910292545,synthetic_drift,1.0697533153978362
2023-05-22,Newcastle United,Leicester City,0.7781859743233898,0.7352941176470588,0.042891856676331,1.0583329250798101,0.05833292507981014,-1.0,1,0,1,-1.0583329250798101,1.3195722126991702,synthetic_drift,1.0306370404830936
2023-05-25,Manchester United,Chelsea,0.7622043246918823,0.625,0.13720432469188226,1.2195269195070118,0.21952691950701175,0.6000000000000001,6,1,5,0.38047308049298834,1.4571908002203846,synthetic_drift,1.0980030890656303
2023-05-28,Arsenal,Wolves,0.830201104859217,0.7352941176470588,0.09490698721215829,1.1290735026085352,0.12907350260853523,0.3600000000000001,4,0,4,0.23092649739146487,1.29,B365CH_historico,1.054263565891473
2023-05-28,Aston Villa,Brighton,0.5645334725538935,0.5,0.06453347255389352,1.129066945107787,0.12906694510778705,1.0,2,2,0,0.870933054892213,1.85,B365CH_historico,1.081081081081081
2023-05-28,Chelsea,Newcastle Utd,0.42997655430197723,0.3448275862068966,0.08514896809508066,1.246932007475734,0.24693200747573396,-1.0,3,0,3,-1.246932007475734,2.733732499041857,synthetic_drift,1.0608206914964862
2023-05-28,Crystal Palace,Nott'ham Forest,0.7051544735684501,0.5988023952095809,0.10635207835886917,1.1776079708593115,0.17760797085931146,-1.0,4,0,4,-1.1776079708593115,1.5520939849249513,synthetic_drift,1.0759657702563352
2023-05-28,Manchester United,Fulham,0.7810402677206695,0.6666666666666666,0.11437360105400285,1.1715604015810042,0.17156040158100416,0.5,5,0,5,0.32843959841899584,1.3867119702419546,synthetic_drift,1.0816954293242877
2023-08-12,Arsenal,Nott'ham Forest,0.8662922407533747,0.8474576271186441,0.0188346136347306,1.022224844088982,0.022224844088982065,0.17999999999999994,0,0,0,0.15777515591101787,1.1643358458587028,synthetic_drift,1.013453295453379
2023-08-12,Bournemouth,West Ham,0.4921120971969274,0.37037037037037035,0.12174172682655704,1.328702662431704,0.328702662431704,-1.0,5,0,5,-1.328702662431704,2.63,B365CH_historico,1.0266159695817492
2023-08-12,Everton,Fulham,0.4893775069739306,0.45454545454545453,0.03483205242847609,1.0766305153426474,0.07663051534264742,-1.0,0,0,0,-1.0766305153426474,2.3,B365CH_historico,0.9565217391304349
2023-08-12,Sheffield United,Crystal Palace,0.41207229947085117,0.3333333333333333,0.07873896613751785,1.2362168984125534,0.23621689841255344,-1.0,3,0,3,-1.2362168984125534,3.6,B365CH_historico,0.8333333333333333
2023-08-13,Brentford,Tottenham,0.6231501408627491,0.36363636363636365,0.25951377722638547,1.7136628873725601,0.7136628873725601,-1.0,9,0,9,-1.7136628873725601,2.5,B365CH_historico,1.1
2023-08-14,Manchester United,Wolves,0.8446988411558244,0.7518796992481203,0.09281914190770413,1.1234494587372466,0.12344945873724655,0.33000000000000007,3,0,3,0.20655054126275352,1.2473044776345192,synthetic_drift,1.0662993870769315
2023-08-18,Nottingham Forest,Sheffield Utd,0.7448504729389958,0.5128205128205129,0.23202996011848287,1.4524584222310417,0.4524584222310417,0.95,9,1,8,0.49754157776895824,1.6727634091973447,synthetic_drift,1.1657356857989163
2023-08-19,Fulham,Brentford,0.42715379800889436,0.37037037037037035,0.05678342763852401,1.1533152546240149,0.15331525462401485,-1.0,1,0,1,-1.1533152546240149,2.8,B365CH_historico,0.9642857142857144
2023-08-19,Liverpool,Bournemouth,0.8534243657071278,0.8333333333333334,0.020091032373794393,1.0241092388485533,0.024109238848553316,0.19999999999999996,0,0,0,0.17589076115144664,1.2,B365CH_historico,1.0
2023-08-19,Manchester City,Newcastle Utd,0.8372929009275969,0.5988023952095809,0.238490505718016,1.3982791445490867,0.39827914454908675,0.6699999999999999,9,1,8,0.2717208554509132,1.4269231294541105,synthetic_drift,1.1703503612271544
2023-08-19,Tottenham Hotspur,Manchester Utd,0.6567569560129718,0.35714285714285715,0.29961409887011464,1.8389194768363208,0.8389194768363208,1.7999999999999998,9,3,6,0.961080523163679,2.306405908615358,synthetic_drift,1.2140100706215105
2023-08-19,Wolverhampton Wanderers,Brighton,0.43922700531108166,0.25,0.18922700531108166,1.7569080212443267,0.7569080212443267,-1.0,8,0,8,-1.7569080212443267,3.523725673730188,synthetic_drift,1.1351621466507726
2023-08-20,Aston Villa,Everton,0.7340490451819384,0.5882352941176471,0.14581375106429129,1.2478833768092952,0.24788337680929518,0.7,6,1,5,0.4521166231907048,1.8,B365CH_historico,0.9444444444444444
2023-08-20,West Ham United,Chelsea,0.5982070403246479,0.26666666666666666,0.3315403736579812,2.2432764012174298,1.2432764012174298,2.75,9,3,6,1.5067235987825702,3.031982435909978,synthetic_drift,1.2368145526128438
2023-08-21,Crystal Palace,Arsenal,0.30729329540335876,0.18181818181818182,0.12547511358517693,1.690113124718473,0.6901131247184731,-1.0,5,0,5,-1.690113124718473,4.2,B365CH_historico,1.3095238095238095
2023-08-26,Manchester United,Nott'ham Forest,0.8703659118804848,0.7692307692307692,0.10113514264971568,1.1314756854446304,0.1314756854446304,0.30000000000000004,4,0,4,0.16852431455536965,1.2124158233931175,synthetic_drift,1.0722393876069398
2023-08-26,Everton,Wolves,0.5528035135291668,0.4347826086956522,0.11802090483351457,1.2714480811170836,0.27144808111708363,-1.0,5,0,5,-1.2714480811170836,2.4,B365CH_historico,0.9583333333333333
2023-08-26,Bournemouth,Tottenham,0.3536264680150994,0.2631578947368421,0.0904685732782573,1.3437805784573775,0.34378057845737753,-1.0,3,0,3,-1.3437805784573775,3.5,B365CH_historico,1.0857142857142856
2023-08-26,Brentford,Crystal Palace,0.7009129976474658,0.46511627906976744,0.2357967185776984,1.5069629449420514,0.5069629449420514,-1.0,9,0,9,-1.5069629449420514,2.15,B365CH_historico,1.0
2023-08-26,Brighton And Hove Albion,West Ham,0.7031518629185367,0.6535947712418301,0.04955709167670663,1.0758223502653612,0.07582235026536122,-1.0,1,0,1,-1.0758223502653612,1.4776927464942706,synthetic_drift,1.035397922626219
2023-08-27,Burnley,Aston Villa,0.3196139374489221,0.29411764705882354,0.02549629039009854,1.086687387326335,0.08668738732633496,-1.0,0,0,0,-1.086687387326335,3.2,B365CH_historico,1.0625
2023-08-27,Newcastle United,Liverpool,0.4742035966580291,0.45454545454545453,0.01965814211257455,1.0432479126476641,0.043247912647664144,-1.0,0,0,0,-1.0432479126476641,2.169536389525927,synthetic_drift,1.0140415300804104
2023-08-27,Sheffield United,Manchester City,0.08970997953688367,0.07692307692307693,0.012786902613806744,1.1662297339794878,0.16622973397948781,-1.0,0,0,0,-1.1662297339794878,12.882339131491136,synthetic_drift,1.009133501867005
2023-09-01,Luton Town,West Ham,0.5437154080434585,0.21052631578947367,0.33318909225398485,2.582648188206428,1.582648188206428,-1.0,9,0,9,-2.582648188206428,3.836857749521018,synthetic_drift,1.2379922087528463
2023-09-02,Manchester City,Fulham,0.897484928393546,0.8547008547008548,0.042784073692691216,1.0500573662204487,0.05005736622044865,0.16999999999999993,1,0,1,0.11994263377955128,1.1353050188637506,synthetic_drift,1.0305600526376366
2023-09-02,Burnley,Tottenham,0.33750397594407233,0.2777777777777778,0.05972619816629454,1.2150143133986604,0.2150143133986604,-1.0,2,0,2,-1.2150143133986604,3.5,B365CH_historico,1.0285714285714287
2023-09-02,Sheffield United,Everton,0.5205717101397742,0.3448275862068966,0.17574412393287764,1.5096579594053452,0.5096579594053452,-1.0,7,0,7,-1.5096579594053452,3.1,B365CH_historico,0.9354838709677419
2023-09-02,Brentford,Bournemouth,0.8053930864000719,0.5780346820809249,0.227358404319147,1.3933300394721244,0.3933300394721244,-1.0,9,0,9,-1.3933300394721244,1.73,B365CH_historico,1.0
2023-09-02,Brighton And Hove Albion,Newcastle Utd,0.5066760133558798,0.4,0.10667601335587973,1.2666900333896993,0.2666900333896993,1.5,4,2,2,1.2333099666103007,2.3229944387342503,synthetic_drift,1.076197152397057
2023-09-03,Arsenal,Manchester Utd,0.7602182019077441,0.5714285714285714,0.18878963047917274,1.3303818533385523,0.3303818533385523,0.75,8,1,7,0.4196181466614477,1.5420543746002986,synthetic_drift,1.134849736056552
2023-09-03,Crystal Palace,Wolves,0.6512515518049445,0.5235602094240838,0.12769134238086077,1.243890463947444,0.24389046394744396,0.9099999999999999,5,1,4,0.666109536052556,1.85,B365CH_historico,1.0324324324324323
2023-09-03,Liverpool,Aston Villa,0.6855583996254768,0.6060606060606061,0.07949779356487074,1.1311713593820367,0.13117135938203672,0.6499999999999999,3,1,2,0.5188286406179632,1.6,B365CH_historico,1.0312499999999998
2023-09-16,Aston Villa,Crystal Palace,0.6520723551226799,0.5235602094240838,0.12851214569859615,1.2454581982843185,0.24545819828431847,0.9099999999999999,5,1,4,0.6645418017156814,1.95,B365CH_historico,0.9794871794871794
2023-09-16,Manchester United,Brighton,0.6912143630831208,0.46511627906976744,0.22609808401335335,1.4861108806287096,0.48611088062870955,-1.0,8,0,8,-1.4861108806287096,1.851056851731265,synthetic_drift,1.1614986314381095
2023-09-16,Tottenham Hotspur,Sheffield Utd,0.8329714959208432,0.7751937984496123,0.05777769747123085,1.0745332297378878,0.07453322973788779,0.29000000000000004,1,0,1,0.21546677026211225,1.2388720194669058,synthetic_drift,1.041269783908022
2023-09-16,West Ham United,Manchester City,0.19078435552488865,0.14285714285714285,0.0479272126677458,1.3354904886742205,0.3354904886742205,-1.0,1,0,1,-1.3354904886742205,6.768296026389273,synthetic_drift,1.0342337233341041
2023-09-16,Wolverhampton Wanderers,Liverpool,0.24183924796972475,0.16666666666666666,0.0751725813030581,1.4510354878183485,0.45103548781834846,-1.0,2,0,2,-1.4510354878183485,5.694249002770959,synthetic_drift,1.0536947009307558
2023-09-17,Bournemouth,Chelsea,0.4272786722203297,0.23094688221709006,0.19633179000323966,1.8501166507140276,0.8501166507140276,-1.0,8,0,8,-1.8501166507140276,4.2,B365CH_historico,1.0309523809523808
2023-09-17,Everton,Arsenal,0.1999259250774501,0.16666666666666666,0.03325925841078345,1.1995555504647006,0.19955555046470064,-1.0,0,0,0,-1.1995555504647006,5.5,B365CH_historico,1.0909090909090908
2023-09-18,Nottingham Forest,Burnley,0.7407970910572519,0.45454545454545453,0.28625163651179736,1.6297536003259543,0.6297536003259543,-1.0,9,0,9,-1.6297536003259543,1.8265364037667173,synthetic_drift,1.2044654546512839
2023-09-23,Brentford,Everton,0.7765022068474292,0.5555555555555556,0.22094665129187363,1.3977039723253726,0.3977039723253726,-1.0,8,0,8,-1.3977039723253726,1.91,B365CH_historico,0.9424083769633509
2023-09-23,Burnley,Manchester Utd,0.3929287131021678,0.23809523809523808,0.15483347500692973,1.650300595029105,0.650300595029105,-1.0,7,0,7,-1.650300595029105,3.781755470613208,synthetic_drift,1.110595339290664
2023-09-23,Crystal Palace,Fulham,0.5621310187775955,0.5235602094240838,0.03857080935351176,1.0736702458652074,0.07367024586520743,-1.0,1,0,1,-1.0736702458652074,2.05,B365CH_historico,0.9317073170731708
2023-09-23,Luton Town,Wolves,0.5860784575908753,0.3076923076923077,0.2783861498985676,1.9047549871703446,0.9047549871703446,-1.0,9,0,9,-1.9047549871703446,2.7109375278597105,synthetic_drift,1.1988472499275482
2023-09-23,Manchester City,Nott'ham Forest,0.9390562287918097,0.8771929824561404,0.06186324633566931,1.070524100822663,0.07052410082266292,0.1399999999999999,2,0,2,0.06947589917733699,1.0917573883881135,synthetic_drift,1.0441880330969067
2023-09-24,Arsenal,Tottenham,0.7128620547018081,0.5988023952095809,0.11405965949222718,1.1904796313520194,0.1904796313520194,-1.0,4,0,4,-1.1904796313520194,1.62,B365CH_historico,1.0308641975308641
2023-09-24,Brighton And Hove Albion,Bournemouth,0.7507213187831804,0.7352941176470588,0.015427201136121615,1.0209809935451253,0.02098099354512528,0.3600000000000001,0,0,0,0.3390190064548748,1.3451769179451374,synthetic_drift,1.011019429382944
2023-09-24,Liverpool,West Ham,0.8203357223220904,0.7142857142857143,0.1060500080363761,1.1484700112509265,0.14847001125092651,0.3999999999999999,4,0,4,0.2515299887490734,1.36,B365CH_historico,1.0294117647058822
2023-09-24,Sheffield United,Newcastle Utd,0.31399071463112943,0.14285714285714285,0.17113357177398658,2.197935002417906,1.197935002417906,-1.0,7,0,7,-2.197935002417906,6.237534590349754,synthetic_drift,1.1222382655528476
2023-09-30,West Ham United,Sheffield Utd,0.7652450302834264,0.6896551724137931,0.07558985786963324,1.1096052939109682,0.10960529391096818,0.44999999999999996,2,0,2,0.3403947060890318,1.3757210305923289,synthetic_drift,1.0539927556211666
2023-09-30,Tottenham Hotspur,Liverpool,0.4133131505446692,0.3448275862068966,0.06848556433777264,1.1986081365795407,0.19860813657954068,1.9,2,3,-1,1.7013918634204592,2.7647530888946092,synthetic_drift,1.048918260241266
2023-09-30,Newcastle United,Burnley,0.8286189039850598,0.7692307692307692,0.05938813475429061,1.0772045751805777,0.07720457518057766,0.30000000000000004,2,0,2,0.22279542481942238,1.247097983502808,synthetic_drift,1.0424200962530648
2023-09-30,Aston Villa,Brighton,0.5454642264103774,0.3921568627450981,0.1533073636652793,1.3909337773464623,0.3909337773464623,1.5499999999999998,6,2,4,1.1590662226535375,2.45,B365CH_historico,1.040816326530612
2023-09-30,Bournemouth,Arsenal,0.18967576727464758,0.18181818181818182,0.007857585456465754,1.0432167200105618,0.04321672001056176,-1.0,0,0,0,-1.0432167200105618,5.5,B365CH_historico,1.0
2023-09-30,Manchester United,Crystal Palace,0.7650068593673331,0.6451612903225806,0.11984556904475252,1.1857606320193663,0.18576063201936632,-1.0,5,0,5,-1.1857606320193663,1.427776640072636,synthetic_drift,1.085603977889109
2023-10-01,Nottingham Forest,Brentford,0.5106986407435021,0.36363636363636365,0.14706227710713848,1.4044212620446308,0.4044212620446308,-1.0,6,0,6,-1.4044212620446308,2.488587600493459,synthetic_drift,1.105044483647956
2023-10-02,Fulham,Chelsea,0.5774401526107229,0.2777777777777778,0.2996623748329451,2.0787845493986024,1.0787845493986024,-1.0,9,0,9,-2.0787845493986024,3.4,B365CH_historico,1.0588235294117647
2023-10-03,Luton Town,Burnley,0.6562227593213945,0.3448275862068966,0.31139517311449794,1.903046002032044,0.9030460020320441,-1.0,9,0,9,-1.903046002032044,2.3723334410318406,synthetic_drift,1.2224251236532129
2023-10-07,Manchester United,Brentford,0.6773782084346369,0.5988023952095809,0.07857581322505602,1.1312216080858437,0.1312216080858437,0.6699999999999999,3,1,2,0.5387783919141562,1.5812513494998783,synthetic_drift,1.05612558087504
2023-10-07,Fulham,Sheffield Utd,0.7054104839960479,0.6172839506172839,0.08812653337876397,1.1427649840735976,0.1427649840735976,0.6200000000000001,3,1,2,0.4772350159264025,1.5240639482790135,synthetic_drift,1.0629475238419743
2023-10-07,Luton Town,Tottenham,0.36207777153212756,0.16666666666666666,0.1954111048654609,2.1724666291927655,1.1724666291927655,-1.0,8,0,8,-2.1724666291927655,5.265100621640942,synthetic_drift,1.1395793606181863
2023-10-07,Crystal Palace,Nott'ham Forest,0.7032845136619695,0.45454545454545453,0.248739059116515,1.5472259300563331,0.5472259300563331,-1.0,9,0,9,-1.5472259300563331,1.8680942766349171,synthetic_drift,1.1776707565117965
2023-10-07,Burnley,Chelsea,0.40820902494140004,0.2222222222222222,0.18598680271917784,1.8369406122363001,0.8369406122363001,-1.0,8,0,8,-1.8369406122363001,5.25,B365CH_historico,0.8571428571428571
2023-10-07,Everton,Bournemouth,0.6017346988191205,0.5235602094240838,0.07817448939503668,1.14931327474452,0.14931327474452005,0.9099999999999999,3,1,2,0.7606867252554799,1.85,B365CH_historico,1.0324324324324323
2023-10-08,Arsenal,Manchester City,0.3732344039667546,0.3448275862068966,0.02840681775985804,1.0823797715035883,0.08237977150358833,1.9,0,3,-3,1.8176202284964116,2.8423275144872364,synthetic_drift,1.0202905841141843
2023-10-08,Brighton And Hove Albion,Liverpool,0.3565113071478044,0.3333333333333333,0.023177973814471065,1.0695339214434132,0.0695339214434132,-1.0,0,0,0,-1.0695339214434132,2.9511417948262335,synthetic_drift,1.016555695581765
2023-10-08,West Ham United,Newcastle Utd,0.5082726343225406,0.3125,0.19577263432254055,1.6264724298321298,0.6264724298321298,-1.0,8,0,8,-1.6264724298321298,2.807417487706143,synthetic_drift,1.1398375959446718
2023-10-08,Wolverhampton Wanderers,Aston Villa,0.3473960041863567,0.2857142857142857,0.06168171847207099,1.2158860146522483,0.21588601465224833,-1.0,2,0,2,-1.2158860146522483,3.3523029932412927,synthetic_drift,1.0440583703371935
2023-10-21,Sheffield United,Manchester Utd,0.33704233849213816,0.15384615384615385,0.1831961846459843,2.190775200198898,1.1907752001988978,-1.0,8,0,8,-2.190775200198898,5.747866302516915,synthetic_drift,1.1308544176042745
2023-10-21,Nottingham Forest,Luton Town,0.6775067578511077,0.5988023952095809,0.0787043626415268,1.1314362856113498,0.1314362856113498,-1.0,3,0,3,-1.1314362856113498,1.5811138852822786,synthetic_drift,1.056217401886805
2023-10-21,Manchester City,Brighton,0.822097444131646,0.7142857142857143,0.10781172984593168,1.1509364217843043,0.15093642178430433,0.3999999999999999,4,0,4,0.24906357821569558,1.2998970370128855,synthetic_drift,1.0770083784613798
2023-10-21,Newcastle United,Crystal Palace,0.716138241401556,0.6896551724137931,0.02648306898776287,1.0384004500322561,0.03840045003225612,0.44999999999999996,0,0,0,0.41159954996774384,1.423080332415368,synthetic_drift,1.0189164778484021
2023-10-21,Brentford,Burnley,0.7698627643756266,0.5464480874316939,0.2234146769439327,1.4088488588073969,0.40884885880739685,0.8300000000000001,8,1,7,0.4211511411926032,1.7,B365CH_historico,1.0764705882352943
2023-10-21,Bournemouth,Wolves,0.47058078348577725,0.42016806722689076,0.05041271625888649,1.11998226469615,0.11998226469614992,-1.0,1,0,1,-1.11998226469615,2.25,B365CH_historico,1.0577777777777777
2023-10-21,Liverpool,Everton,0.8520528794809745,0.7518796992481203,0.10017318023285426,1.1332303297096962,0.13323032970969617,0.33000000000000007,4,0,4,0.1967696702903039,1.4,B365CH_historico,0.9500000000000001
2023-10-22,Aston Villa,West Ham,0.7364940789299035,0.5405405405405405,0.19595353838936302,1.3625140460203216,0.36251404602032156,0.8500000000000001,8,1,7,0.48748595397967853,1.73,B365CH_historico,1.069364161849711
2023-10-23,Tottenham Hotspur,Fulham,0.7416749459126581,0.6666666666666666,0.07500827924599152,1.1125124188689872,0.11251241886898722,0.5,2,0,2,0.3874875811310128,1.423720822145824,synthetic_drift,1.0535773423185653
2023-10-27,Crystal Palace,Tottenham,0.42083857698890614,0.2222222222222222,0.19861635476668393,1.8937735964500777,0.8937735964500777,-1.0,8,0,8,-1.8937735964500777,4.5,B365CH_historico,1.0
2023-10-28,Arsenal,Sheffield Utd,0.9026723709343615,0.8849557522123894,0.017716618721972055,1.0200197791558283,0.02001977915582831,0.1299999999999999,0,0,0,0.10998022084417158,1.1158788569651699,synthetic_drift,1.0126547276585516
2023-10-28,Bournemouth,Burnley,0.5410404637563293,0.46511627906976744,0.07592418468656187,1.163236997076108,0.16323699707610806,1.15,2,2,0,0.9867630029238919,2.15,B365CH_historico,1.0
2023-10-28,Wolverhampton Wanderers,Newcastle Utd,0.4171890539092133,0.23809523809523808,0.1790938158139752,1.752194026418696,0.7521940264186959,-1.0,7,0,7,-1.752194026418696,3.7236546309751946,synthetic_drift,1.1279241541528395
2023-10-29,Manchester United,Manchester City,0.3317309018734585,0.2,0.13173090187345848,1.6586545093672924,0.6586545093672924,-1.0,5,0,5,-1.6586545093672924,4.569993326790174,synthetic_drift,1.0940935013381847
2023-10-29,Brighton And Hove Albion,Fulham,0.6786020373200565,0.6451612903225806,0.0334407469974759,1.0518331578460876,0.05183315784608755,-1.0,0,0,0,-1.0518331578460876,1.5138400415541007,synthetic_drift,1.0238862478553399
2023-10-29,Liverpool,Nott'ham Forest,0.8745507378485288,0.7751937984496123,0.09935693939891643,1.128170451824602,0.12817045182460207,0.29000000000000004,4,0,4,0.16182954817539796,1.2045163846869011,synthetic_drift,1.0709692424277975
2023-10-29,West Ham United,Everton,0.7069776237929931,0.46511627906976744,0.24186134472322568,1.5200018911549351,0.5200018911549351,-1.0,9,0,9,-1.5200018911549351,1.8332851368197636,synthetic_drift,1.1727581033737327
2023-11-04,Newcastle United,Arsenal,0.46265780232546283,0.35714285714285715,0.10551494518260568,1.2954418465112958,0.2954418465112958,1.7999999999999998,4,3,1,1.504558153488704,2.603760269895254,synthetic_drift,1.0753678179875754
2023-11-04,Sheffield United,Wolves,0.4368127961978565,0.2631578947368421,0.17365490146101442,1.6598886255518546,0.6598886255518546,2.8,7,3,4,2.1401113744481455,4.2,B365CH_historico,0.9047619047619047
2023-11-04,Manchester City,Bournemouth,0.9460627975427722,0.9090909090909091,0.036971888451863166,1.0406690772970495,0.040669077297049494,0.10000000000000009,0,0,0,0.059330922702950595,1.0716980703492645,synthetic_drift,1.0264084917513308
2023-11-04,Fulham,Manchester Utd,0.49429312300932976,0.3125,0.18179312300932976,1.5817379936298552,0.5817379936298552,-1.0,7,0,7,-1.5817379936298552,2.8322287755790025,synthetic_drift,1.1298522307209498
2023-11-04,Everton,Brighton,0.36628545973406523,0.3225806451612903,0.04370481457277492,1.1354849251756023,0.1354849251756023,-1.0,1,0,1,-1.1354849251756023,2.8,B365CH_historico,1.1071428571428572
2023-11-04,Burnley,Crystal Palace,0.37888295834743796,0.36363636363636365,0.015246594711074313,1.0419281354554544,0.041928135455454374,-1.0,0,0,0,-1.0419281354554544,3.25,B365CH_historico,0.8461538461538461
2023-11-04,Brentford,West Ham,0.6975801574790287,0.48780487804878053,0.20977527943024815,1.4300393228320087,0.43003932283200874,1.0499999999999998,8,2,6,0.6199606771679911,2.15,B365CH_historico,0.9534883720930232
2023-11-05,Luton Town,Liverpool,0.20084720637630116,0.08333333333333333,0.11751387304296783,2.410166476515614,1.4101664765156139,-1.0,5,0,5,-2.410166476515614,11.070738988574844,synthetic_drift,1.083938480744977
2023-11-05,Nottingham Forest,Aston Villa,0.38623823471278873,0.23809523809523808,0.14814299661755065,1.6222005857937127,0.6222005857937127,3.2,6,3,3,2.5777994142062877,3.798098762741476,synthetic_drift,1.1058164261553933
2023-11-06,Tottenham Hotspur,Chelsea,0.7294382790655526,0.5,0.22943827906555259,1.4588765581311052,0.45887655813110517,-1.0,9,0,9,-1.4588765581311052,1.7183835902061533,synthetic_drift,1.1638844850468233
2023-11-11,Arsenal,Burnley,0.9028720559090896,0.8474576271186441,0.05541442879044545,1.0653890259727257,0.06538902597272567,0.17999999999999994,1,0,1,0.11461097402727427,1.2,B365CH_historico,0.9833333333333333
2023-11-11,Bournemouth,Newcastle Utd,0.2713980002750365,0.21052631578947367,0.06087168448556285,1.2891405013064234,0.28914050130642344,3.75,2,3,-1,3.4608594986935763,4.552076729683318,synthetic_drift,1.0434797746325448
2023-11-11,Crystal Palace,Everton,0.6204984459966943,0.4081632653061224,0.21233518069057195,1.5202211926919014,0.5202211926919014,-1.0,8,0,8,-1.5202211926919014,2.6,B365CH_historico,0.9423076923076923
2023-11-11,Manchester United,Luton Town,0.7959538620606706,0.7518796992481203,0.04407416281255039,1.058618636540692,0.05861863654069199,0.33000000000000007,1,0,1,0.2713813634593081,1.2894074611607735,synthetic_drift,1.0314815448661074
2023-11-11,Wolverhampton Wanderers,Tottenham,0.3970331966800019,0.3225806451612903,0.07445255151871161,1.230802909708006,0.230802909708006,2.1,2,3,-1,1.869197090291994,2.94346535297438,synthetic_drift,1.0531803939419369
2023-11-12,West Ham United,Nott'ham Forest,0.7231892784936625,0.5405405405405405,0.1826487379531221,1.3379001652132758,0.3379001652132758,0.8500000000000001,8,1,7,0.5120998347867243,1.636497055783654,synthetic_drift,1.13046338425223
2023-11-12,Aston Villa,Fulham,0.7428212720109703,0.6369426751592356,0.10587859685173462,1.1662293970572233,0.16622939705722328,0.5700000000000001,4,1,3,0.4037706029427768,1.62,B365CH_historico,0.9691358024691358
2023-11-25,Brentford,Arsenal,0.3734572029151818,0.2222222222222222,0.1512349806929596,1.680557413118318,0.6805574131183181,-1.0,6,0,6,-1.680557413118318,5.5,B365CH_historico,0.8181818181818182
2023-11-25,Burnley,West Ham,0.3854392323930818,0.29411764705882354,0.09132158533425827,1.3104933901364781,0.31049339013647814,-1.0,3,0,3,-1.3104933901364781,3.4,B365CH_historico,1.0
2023-11-25,Luton Town,Crystal Palace,0.48964882071918675,0.2777777777777778,0.21187104294140896,1.7627357545890723,0.7627357545890723,2.6,8,3,5,1.8372642454109278,3.126801006861442,synthetic_drift,1.1513364592438635
2023-11-25,Manchester City,Liverpool,0.69794266765636,0.5780346820809249,0.11990798557543514,1.207440815045503,0.20744081504550294,-1.0,5,0,5,-1.207440815045503,1.5935175174982938,synthetic_drift,1.0856485611253108
2023-11-25,Newcastle United,Chelsea,0.6994062395960925,0.3921568627450981,0.3072493768509944,1.7834859109700358,0.7834859109700358,1.5499999999999998,9,2,7,0.766514089029964,2.091082912904518,synthetic_drift,1.2194638406078528
2023-11-25,Nottingham Forest,Brighton,0.504895994539951,0.3125,0.19239599453995104,1.6156671825278435,0.6156671825278435,-1.0,8,0,8,-1.6156671825278435,2.8133705531545803,synthetic_drift,1.1374257103856793
2023-11-25,Sheffield United,Bournemouth,0.5222078071971875,0.3125,0.2097078071971875,1.671064983031,0.671064983031,-1.0,8,0,8,-1.671064983031,3.4,B365CH_historico,0.9411764705882354
2023-11-26,Everton,Manchester Utd,0.4502364588837183,0.37037037037037035,0.07986608851334798,1.2156384389860395,0.21563843898603952,-1.0,3,0,3,-1.2156384389860395,2.5542851676514418,synthetic_drift,1.0570472060809628
2023-11-26,Tottenham Hotspur,Aston Villa,0.5294380850353062,0.4347826086956522,0.09465547633965399,1.2177075955812042,0.21770759558120423,-1.0,4,0,4,-1.2177075955812042,2.154342623415557,synthetic_drift,1.0676110545283244
2023-11-27,Fulham,Wolves,0.6082501078515147,0.42016806722689076,0.18808204062462391,1.4476352566866049,0.44763525668660487,1.38,8,2,6,0.932364743313395,2.38,B365CH_historico,1.0
2023-12-02,Nottingham Forest,Everton,0.6716755164946309,0.36363636363636365,0.3080391528582672,1.847107670360235,0.8471076703602349,-1.0,9,0,9,-1.847107670360235,2.254046690649528,synthetic_drift,1.2200279663273335
2023-12-02,Newcastle United,Manchester Utd,0.7037608237069769,0.5235602094240838,0.18020061428289313,1.3441831732803258,0.34418317328032577,0.9099999999999999,7,1,6,0.5658168267196741,1.6921902040985353,synthetic_drift,1.1287147244877809
2023-12-02,Arsenal,Wolves,0.8681586452145287,0.8,0.06815864521452863,1.0851983065181607,0.08519830651816074,0.25,2,0,2,0.16480169348183926,1.22,B365CH_historico,1.0245901639344261
2023-12-02,Brentford,Luton Town,0.7067896944572221,0.6896551724137931,0.017134522043428912,1.024845056962972,0.0248450569629719,0.44999999999999996,0,0,0,0.42515494303702805,1.432468102656093,synthetic_drift,1.012238944316735
2023-12-03,Liverpool,Fulham,0.8388884798994177,0.8,0.03888847989941768,1.048610599874272,0.048610599874272076,0.25,1,0,1,0.20138940012572792,1.25,B365CH_historico,1.0
2023-12-03,Manchester City,Tottenham,0.8264045599724859,0.7751937984496123,0.051210761522873516,1.0660618823645067,0.06606188236450672,-1.0,1,0,1,-1.0660618823645067,1.2444780922826242,synthetic_drift,1.0365791153734811
2023-12-03,West Ham United,Crystal Palace,0.6425984222369899,0.5,0.14259842223698993,1.2851968444739799,0.28519684447397986,-1.0,6,0,6,-1.2851968444739799,1.8151191908647208,synthetic_drift,1.1018560158835642
2023-12-05,Luton Town,Arsenal,0.20791874568444613,0.058823529411764705,0.1490952162726814,3.534618676635584,2.534618676635584,-1.0,6,0,6,-3.534618676635584,15.363807046842352,synthetic_drift,1.1064965830519153
2023-12-05,Wolverhampton Wanderers,Burnley,0.7314567176263788,0.5405405405405405,0.1909161770858383,1.3531949276088007,0.35319492760880067,0.8500000000000001,8,1,7,0.4968050723911994,1.627992748646402,synthetic_drift,1.136368697918456
2023-12-06,Sheffield United,Liverpool,0.12658159727227364,0.08333333333333333,0.04324826393894031,1.5189791672672837,0.5189791672672837,-1.0,1,0,1,-1.5189791672672837,15.0,B365CH_historico,0.8
2023-12-06,Fulham,Nott'ham Forest,0.6545919159330472,0.5,0.15459191593304722,1.3091838318660944,0.30918383186609444,1.0,7,2,5,0.6908161681339056,1.8011157598999052,synthetic_drift,1.1104227970950338
2023-12-06,Manchester United,Chelsea,0.6898816525744885,0.3472222222222222,0.3426594303522663,1.9868591594145268,0.9868591594145268,1.88,9,3,6,0.893140840585473,2.3137050933612198,synthetic_drift,1.2447567359659044
2023-12-06,Aston Villa,Manchester City,0.3128037967492077,0.21052631578947367,0.10227748095973405,1.4858180345587366,0.4858180345587366,3.75,4,3,1,3.2641819654412636,4.426612316488715,synthetic_drift,1.0730553435426673
2023-12-06,Crystal Palace,Bournemouth,0.6408657406256932,0.4444444444444444,0.19642129618124882,1.4419479164078097,0.4419479164078097,-1.0,8,0,8,-1.4419479164078097,2.3,B365CH_historico,0.9782608695652175
2023-12-07,Everton,Newcastle Utd,0.4207024247879473,0.3076923076923077,0.11301011709563957,1.3672828805608286,0.3672828805608286,2.25,4,3,1,1.8827171194391714,3.007250215044258,synthetic_drift,1.080721512211171
2023-12-07,Tottenham Hotspur,West Ham,0.7209818073777496,0.5714285714285714,0.14955323594917824,1.2617181629110619,0.26171816291106187,-1.0,6,0,6,-1.2617181629110619,1.5811008897020913,synthetic_drift,1.1068237399636986
2023-12-09,Sheffield United,Brentford,0.2633609611056169,0.23809523809523808,0.025265723010378827,1.1061160366435911,0.10611603664359115,3.2,0,3,-3,3.093883963356409,4.5,B365CH_historico,0.9333333333333333
2023-12-09,Aston Villa,Arsenal,0.4559180716299222,0.30303030303030304,0.15288776859961917,1.5045296363787433,0.5045296363787433,2.3,6,3,3,1.7954703636212566,3.6,B365CH_historico,0.9166666666666666
2023-12-09,Brighton And Hove Albion,Burnley,0.805259728298674,0.6666666666666666,0.13859306163200735,1.2078895924480109,0.20788959244801086,-1.0,6,0,6,-1.2078895924480109,1.3648833160423202,synthetic_drift,1.0989950440228624
2023-12-09,Crystal Palace,Liverpool,0.20673073048240467,0.16666666666666666,0.040064063815738016,1.240384382894428,0.2403843828944281,-1.0,1,0,1,-1.240384382894428,6.5,B365CH_historico,0.9230769230769231
2023-12-09,Manchester United,Bournemouth,0.8110156057576201,0.6451612903225806,0.16585431543503948,1.257074188924311,0.2570741889243111,-1.0,7,0,7,-1.257074188924311,1.3858249637975493,synthetic_drift,1.1184673681678854
2023-12-09,Wolverhampton Wanderers,Nott'ham Forest,0.7193453835628199,0.5405405405405405,0.1788048430222794,1.3307889595912168,0.3307889595912168,-1.0,7,0,7,-1.3307889595912168,1.640481413169475,synthetic_drift,1.127717745015914
2023-12-10,Tottenham Hotspur,Newcastle Utd,0.6315678241169408,0.46511627906976744,0.16645154504717335,1.3578708218514226,0.3578708218514226,1.15,7,2,5,0.7921291781485773,1.9215404456761247,synthetic_drift,1.118893960747981
2023-12-10,Luton Town,Manchester City,0.13796322601283997,0.058823529411764705,0.07913969660107527,2.3453748422182796,1.3453748422182796,-1.0,3,0,3,-2.3453748422182796,16.090434226523822,synthetic_drift,1.0565283547150537
2023-12-10,Fulham,West Ham,0.5567452494497984,0.42016806722689076,0.13657718222290766,1.3250536936905202,0.3250536936905202,1.38,6,2,4,1.0549463063094797,2.2,B365CH_historico,1.0818181818181818
2023-12-10,Everton,Chelsea,0.47564618943425196,0.3225806451612903,0.15306554427296165,1.4745031872461811,0.4745031872461811,2.1,6,3,3,1.625496812753819,2.4,B365CH_historico,1.2916666666666667
2023-12-15,Nottingham Forest,Tottenham,0.4444809283448648,0.23809523809523808,0.20638569024962672,1.8668198990484322,0.8668198990484322,-1.0,8,0,8,-1.8668198990484322,3.660391172363014,synthetic_drift,1.1474183501783048
2023-12-16,Burnley,Everton,0.36545356926745376,0.2777777777777778,0.08767579148967597,1.3156328493628335,0.31563284936283353,-1.0,3,0,3,-1.3156328493628335,3.2,B365CH_historico,1.125
2023-12-16,Manchester City,Crystal Palace,0.8996630482058365,0.8474576271186441,0.052205421087192394,1.0616023968828872,0.061602396882887156,-1.0,1,0,1,-1.0616023968828872,1.1375801081662615,synthetic_drift,1.0372895864908518
2023-12-16,Newcastle United,Fulham,0.7592643327876726,0.5555555555555556,0.203708777232117,1.3666757990178107,0.36667579901781067,0.8,8,1,7,0.4333242009821894,1.5713576154077888,synthetic_drift,1.1455062694515121
2023-12-17,Arsenal,Brighton,0.7224466028558133,0.6944444444444444,0.028002158411368883,1.0403231081123712,0.040323108112371164,0.43999999999999995,0,0,0,0.3996768918876288,1.45,B365CH_historico,0.993103448275862
2023-12-17,Brentford,Aston Villa,0.4001094603313701,0.3125,0.08760946033137013,1.2803502730603844,0.2803502730603844,-1.0,3,0,3,-1.2803502730603844,3.0,B365CH_historico,1.0666666666666667
2023-12-17,West Ham United,Wolves,0.709667708079662,0.46511627906976744,0.24455142900989452,1.5257855723712732,0.5257855723712732,1.15,9,2,7,0.6242144276287267,1.8302863303047787,synthetic_drift,1.1746795921499247
2023-12-21,Crystal Palace,Brighton,0.4095119537608939,0.30303030303030304,0.10648165073059085,1.3513894474109498,0.3513894474109498,-1.0,4,0,4,-1.3513894474109498,3.4,B365CH_historico,0.9705882352941176
2023-12-22,Aston Villa,Sheffield Utd,0.898233438871587,0.819672131147541,0.07856130772404601,1.0958447954233361,0.09584479542333613,-1.0,3,0,3,-1.0958447954233361,1.1551769893323731,synthetic_drift,1.05611521980289
2023-12-23,West Ham United,Manchester Utd,0.5368826056658138,0.3846153846153846,0.15226722105042922,1.395894774731116,0.3958947747311159,1.6,6,3,3,1.2041052252688842,2.3449570735229393,synthetic_drift,1.1087623007503067
2023-12-23,Tottenham Hotspur,Everton,0.6726447080004918,0.5714285714285714,0.10121613657192041,1.1771282390008606,0.1771282390008606,0.75,4,1,3,0.5728717609991394,1.6320101684988952,synthetic_drift,1.0722972404085145
2023-12-23,Nottingham Forest,Bournemouth,0.598073413460456,0.36363636363636365,0.2344370498240923,1.6447018870162537,0.6447018870162537,-1.0,9,0,9,-1.6447018870162537,2.3555511057549507,synthetic_drift,1.1674550355886373
2023-12-23,Fulham,Burnley,0.7458566256316248,0.5988023952095809,0.1470542304220439,1.2455805648048133,0.24558056480481327,-1.0,6,0,6,-1.2455805648048133,1.67,B365CH_historico,1.0
2023-12-23,Liverpool,Arsenal,0.5721306544860735,0.42016806722689076,0.1519625872591827,1.3616709576768549,0.36167095767685487,-1.0,6,0,6,-1.3616709576768549,2.45,B365CH_historico,0.9714285714285713
2023-12-23,Luton Town,Newcastle Utd,0.43965798542966167,0.21052631578947367,0.229131669640188,2.088375430790893,1.0883754307908928,3.75,9,3,6,2.661624569209107,4.0819291183927,synthetic_drift,1.16366547831442
2023-12-24,Wolverhampton Wanderers,Chelsea,0.5106614353269175,0.26666666666666666,0.24399476866025088,1.9149803824759408,0.9149803824759408,2.75,9,3,6,1.8350196175240592,3.193440818718912,synthetic_drift,1.1742819776144648
2023-12-26,Newcastle United,Nott'ham Forest,0.8742820516935691,0.6666666666666666,0.20761538502690247,1.3114230775403537,0.3114230775403537,-1.0,8,0,8,-1.3114230775403537,1.3062825969190746,synthetic_drift,1.1482967035906446
2023-12-26,Bournemouth,Fulham,0.5636634675131122,0.46511627906976744,0.09854718844334481,1.2118764551531913,0.2118764551531913,1.15,4,2,2,0.9381235448468086,1.91,B365CH_historico,1.12565445026178
2023-12-26,Manchester United,Aston Villa,0.5041317000877285,0.3846153846153846,0.11951631547234387,1.310742420228094,0.31074242022809395,1.6,5,3,2,1.2892575797719061,2.395499122277276,synthetic_drift,1.08536879676596
2023-12-27,Chelsea,Crystal Palace,0.6253814753833347,0.5988023952095809,0.026579080173753766,1.0443870638901689,0.04438706389016889,0.6699999999999999,0,1,-1,0.625612936109831,1.75,B365CH_historico,0.9542857142857143
2023-12-27,Everton,Manchester City,0.20179546183366093,0.17391304347826086,0.027882418355400063,1.1603239055435504,0.16032390554355036,-1.0,0,0,0,-1.1603239055435504,5.637719112244405,synthetic_drift,1.019916013111
2023-12-27,Brentford,Wolves,0.7318312301125443,0.5128205128205129,0.21901071729203136,1.4270708987194614,0.42707089871946136,-1.0,8,0,8,-1.4270708987194614,2.2,B365CH_historico,0.8863636363636362
2023-12-28,Arsenal,West Ham,0.8414671857127979,0.7518796992481203,0.08958748646467762,1.1191513569980212,0.11915135699802115,-1.0,3,0,3,-1.1191513569980212,1.29,B365CH_historico,1.0310077519379846
2023-12-28,Brighton And Hove Albion,Tottenham,0.47948998683438404,0.4,0.07948998683438402,1.19872496708596,0.1987249670859601,1.5,3,2,1,1.30127503291404,2.365680086479554,synthetic_drift,1.05677856202456
2023-12-30,Aston Villa,Burnley,0.8546993252881658,0.7352941176470588,0.11940520764110707,1.1623910823919057,0.1623910823919057,0.3600000000000001,5,0,5,0.1976089176080944,1.36,B365CH_historico,1.0
2023-12-30,Crystal Palace,Brentford,0.4837376002108058,0.45454545454545453,0.029192145665351277,1.0642227204637729,0.06422272046377286,1.2000000000000002,0,2,-2,1.1357772795362273,2.05,B365CH_historico,1.0731707317073174
2023-12-30,Luton Town,Chelsea,0.4514907369141102,0.15384615384615385,0.2976445830679563,2.934689789941716,1.9346897899417161,-1.0,9,0,9,-2.934689789941716,5.360368177627985,synthetic_drift,1.2126032736199688
2023-12-30,Nottingham Forest,Manchester Utd,0.47870195290971745,0.3125,0.16620195290971745,1.531846249311096,0.531846249311096,2.2,7,3,4,1.6681537506889041,2.8604229433356134,synthetic_drift,1.1187156806497982
2023-12-30,Wolverhampton Wanderers,Everton,0.5669318582604006,0.3802281368821293,0.1867037213782713,1.4910307872248536,0.4910307872248536,1.63,8,3,5,1.1389692127751463,2.320534041983386,synthetic_drift,1.1333598009844794
2023-12-31,Tottenham Hotspur,Bournemouth,0.6942841615912543,0.5714285714285714,0.12285559016268288,1.214997282784695,0.2149972827846951,0.75,5,1,4,0.5350027172153049,1.6088196515982667,synthetic_drift,1.0877539929733449
2023-12-31,Fulham,Arsenal,0.25190488656641546,0.19047619047619047,0.061428696090225,1.3225006544736813,0.32250065447368126,4.25,2,3,-1,3.9274993455263187,6.0,B365CH_historico,0.875
2024-01-01,Liverpool,Newcastle Utd,0.8209365163858177,0.6896551724137931,0.1312813439720245,1.1903579487594356,0.19035794875943557,0.44999999999999996,5,0,5,0.2596420512405644,1.3256871495177613,synthetic_drift,1.093772388551446
2024-01-02,West Ham United,Brighton,0.5501884171892598,0.4081632653061224,0.1420251518831374,1.3479616221136868,0.34796162211368675,-1.0,6,0,6,-1.3479616221136868,2.2243476351934004,synthetic_drift,1.1014465370593838
2024-01-13,Chelsea,Fulham,0.6381044939587563,0.625,0.013104493958756347,1.0209671903340103,0.02096719033401029,0.6000000000000001,0,1,-1,0.5790328096659898,1.62,B365CH_historico,0.9876543209876543
2024-01-13,Newcastle United,Manchester City,0.36202885623841286,0.18181818181818182,0.18021067442023103,1.9911587093112706,0.9911587093112706,-1.0,7,0,7,-1.9911587093112706,4.872767995207398,synthetic_drift,1.128721910300165
2024-01-14,Manchester United,Tottenham,0.6070205388612631,0.45454545454545453,0.15247508431580853,1.3354451854947789,0.33544518549477886,-1.0,6,0,6,-1.3354451854947789,1.983928779995453,synthetic_drift,1.1089107745112918
2024-01-20,Arsenal,Crystal Palace,0.7929453358646432,0.7692307692307692,0.023714566633874057,1.0308289366240362,0.030828936624036185,0.30000000000000004,0,0,0,0.26917106337596386,1.25,B365CH_historico,1.04
2024-01-20,Brentford,Nott'ham Forest,0.6615277891266262,0.5235602094240838,0.13796757970254248,1.2635180772318562,0.26351807723185616,0.9099999999999999,6,1,5,0.6464819227681438,1.7386582365521497,synthetic_drift,1.0985482712161017
2024-01-21,Sheffield United,West Ham,0.35980746613890774,0.29411764705882354,0.0656898190800842,1.2233453848722864,0.2233453848722864,-1.0,2,0,2,-1.2233453848722864,2.75,B365CH_historico,1.2363636363636363
2024-01-22,Brighton And Hove Albion,Wolves,0.734570400366339,0.6060606060606061,0.12850979430573295,1.2120411606044594,0.21204116060445943,-1.0,5,0,5,-1.2120411606044594,1.5112758901549788,synthetic_drift,1.0917927102183806
2024-01-30,Fulham,Everton,0.5286350973206011,0.4081632653061224,0.1204718320144787,1.2951559884354729,0.29515598843547286,-1.0,5,0,5,-1.2951559884354729,2.25,B365CH_historico,1.088888888888889
2024-01-30,Luton Town,Brighton,0.38071762736101367,0.23809523809523808,0.14262238926577558,1.5990140349162574,0.5990140349162574,3.2,6,3,3,2.600985965083743,3.8116910793694867,synthetic_drift,1.1018731351898396
2024-01-30,Aston Villa,Newcastle Utd,0.7424020481148198,0.5405405405405405,0.20186150757427934,1.3734437890124167,0.3734437890124167,-1.0,8,0,8,-1.3734437890124167,1.6168688664740265,synthetic_drift,1.1441867911244852
2024-01-30,Crystal Palace,Sheffield Utd,0.7246054372541164,0.6172839506172839,0.1073214866368325,1.1738608083516686,0.17386080835166862,0.6200000000000001,4,1,3,0.4461391916483315,1.5046557885009717,synthetic_drift,1.0766582047405946
2024-01-30,Nottingham Forest,Arsenal,0.30392845735578156,0.13333333333333333,0.17059512402244822,2.2794634301683616,1.2794634301683616,-1.0,7,0,7,-2.2794634301683616,6.685363935874491,synthetic_drift,1.1218536600160345
2024-01-31,Tottenham Hotspur,Brentford,0.7097728161501023,0.5988023952095809,0.11097042094052145,1.1853206029706709,0.18532060297067088,0.6699999999999999,4,1,3,0.48467939702932905,1.547349946496427,synthetic_drift,1.0792645863860868
2024-01-31,Liverpool,Chelsea,0.799864845573878,0.6369426751592356,0.1629221704146424,1.2557878075509885,0.2557878075509885,0.5700000000000001,7,1,6,0.31421219244901155,1.62,B365CH_historico,0.9691358024691358
2024-02-01,West Ham United,Bournemouth,0.6624125133873059,0.4166666666666667,0.2457458467206392,1.5897900321295342,0.5897900321295342,-1.0,9,0,9,-1.5897900321295342,2.0416275129572607,synthetic_drift,1.1755327476575994
2024-02-01,Wolverhampton Wanderers,Manchester Utd,0.5462782790959935,0.3802281368821293,0.16605014221386416,1.4367118740224627,0.4367118740224627,-1.0,7,0,7,-1.4367118740224627,2.3511380004697036,synthetic_drift,1.1186072444384745
2024-02-03,Brighton And Hove Albion,Crystal Palace,0.6828276425943774,0.5882352941176471,0.09459234847673037,1.1608069924104416,0.1608069924104416,0.7,4,1,3,0.5391930075895583,1.5924074564048623,synthetic_drift,1.0675659631976646
2024-02-03,Burnley,Fulham,0.41719348155724084,0.3448275862068966,0.07236589535034427,1.2098610965159984,0.20986109651599838,-1.0,2,0,2,-1.2098610965159984,2.9,B365CH_historico,1.0
2024-02-03,Everton,Tottenham,0.4020421179845302,0.3333333333333333,0.0687087846511969,1.2061263539535907,0.2061263539535907,-1.0,2,0,2,-1.2061263539535907,3.0,B365CH_historico,1.0
2024-02-03,Newcastle United,Luton Town,0.7731843014289771,0.6944444444444444,0.07873985698453267,1.113385394057727,0.11338539405772696,-1.0,3,0,3,-1.113385394057727,1.3633229607478463,synthetic_drift,1.056242754988952
2024-02-03,Sheffield United,Aston Villa,0.2191471442921727,0.19047619047619047,0.028670953815982225,1.1505225075339067,0.15052250753390672,-1.0,0,0,0,-1.1505225075339067,5.0,B365CH_historico,1.05
2024-02-04,Chelsea,Wolves,0.6802262752971405,0.6172839506172839,0.06294232467985661,1.1019665659813678,0.10196656598136777,-1.0,2,0,2,-1.1019665659813678,1.55,B365CH_historico,1.0451612903225806
2024-02-04,Bournemouth,Nott'ham Forest,0.66170462219204,0.5882352941176471,0.07346932807439288,1.1248978577264679,0.12489785772646789,-1.0,2,0,2,-1.1248978577264679,1.6152355224864499,synthetic_drift,1.0524780914817091
2024-02-04,Manchester United,West Ham,0.7340310484247824,0.6172839506172839,0.11674709780749848,1.1891302984481475,0.18913029844814755,0.6200000000000001,5,1,4,0.43086970155185256,1.4953053170686528,synthetic_drift,1.083390784148213
2024-02-05,Brentford,Manchester City,0.17479058963349986,0.14285714285714285,0.03193344677635701,1.223534127434499,0.22353412743449907,-1.0,0,0,0,-1.223534127434499,6.843893493836791,synthetic_drift,1.022809604840255
2024-02-10,Nottingham Forest,Newcastle Utd,0.5175042999109808,0.30303030303030304,0.21447399688067775,1.7077641897062366,0.7077641897062366,-1.0,8,0,8,-1.7077641897062366,2.8616131377317275,synthetic_drift,1.153195712057627
2024-02-10,Manchester City,Everton,0.8856640452845169,0.8474576271186441,0.03820641816587278,1.04508357343573,0.045083573435729996,0.17999999999999994,1,0,1,0.13491642656426994,1.1486529187561099,synthetic_drift,1.027290298689909
2024-02-10,Fulham,Bournemouth,0.5320945339143718,0.42016806722689076,0.11192646668748102,1.2663849907162048,0.2663849907162048,1.38,4,2,2,1.113615009283795,2.55,B365CH_historico,0.9333333333333333
2024-02-10,Liverpool,Burnley,0.9097297501301647,0.8547008547008548,0.05502889542930989,1.0643838076522927,0.06438380765229268,0.16999999999999993,1,0,1,0.10561619234770725,1.18,B365CH_historico,0.9915254237288136
2024-02-10,Tottenham Hotspur,Brighton,0.6729034675279927,0.5555555555555556,0.1173479119724371,1.211226241550387,0.21122624155038694,0.8,5,1,4,0.5887737584496131,1.6607924788483026,synthetic_drift,1.0838199371231694
2024-02-10,Luton Town,Sheffield Utd,0.7482045228701373,0.5714285714285714,0.17677595144156588,1.3093579150227401,0.3093579150227401,-1.0,7,0,7,-1.3093579150227401,1.5538035050319547,synthetic_drift,1.1262685367439755
2024-02-10,Wolverhampton Wanderers,Brentford,0.5925595164903236,0.47619047619047616,0.1163690402998474,1.2443749846296794,0.24437498462967944,-1.0,5,0,5,-1.2443749846296794,1.9388420113210985,synthetic_drift,1.0831207430713197
2024-02-11,West Ham United,Arsenal,0.34126115307502564,0.16666666666666666,0.17459448640835898,2.047566918450154,1.047566918450154,-1.0,7,0,7,-2.047566918450154,5.3347068546901575,synthetic_drift,1.1247103474345421
2024-02-11,Aston Villa,Manchester Utd,0.6706525103705402,0.46511627906976744,0.20553623130077275,1.4419028972966614,0.44190289729666143,-1.0,8,0,8,-1.4419028972966614,1.8747630488297105,synthetic_drift,1.1468115937862662
2024-02-12,Crystal Palace,Chelsea,0.4778633582264095,0.23809523809523808,0.23976812013117144,2.00702610455092,1.0070261045509201,-1.0,9,0,9,-2.00702610455092,4.75,B365CH_historico,0.8842105263157896
2024-02-17,Tottenham Hotspur,Wolves,0.76313969590458,0.6535947712418301,0.1095449246627499,1.1676037347340074,0.16760373473400736,-1.0,4,0,4,-1.1676037347340074,1.4189706877909234,synthetic_drift,1.0782463747591071
2024-02-17,Nottingham Forest,West Ham,0.5650064438208106,0.42016806722689076,0.1448383765939198,1.3447153362935291,0.34471533629352913,1.38,6,2,4,1.0352846637064708,2.156859934659597,synthetic_drift,1.1034559832813713
2024-02-17,Newcastle United,Bournemouth,0.7726476361604132,0.5464480874316939,0.22619954872871928,1.4139451741735563,0.41394517417355625,-1.0,9,0,9,-1.4139451741735563,1.5754524111157466,synthetic_drift,1.1615711062347995
2024-02-17,Brentford,Liverpool,0.2477453868760143,0.18181818181818182,0.06592720505783248,1.3625996278180788,0.36259962781807875,-1.0,2,0,2,-1.3625996278180788,4.75,B365CH_historico,1.1578947368421053
2024-02-17,Fulham,Aston Villa,0.36541499229732366,0.3448275862068966,0.020587406090427085,1.0597034776622385,0.05970347766223849,-1.0,0,0,0,-1.0597034776622385,2.9,B365CH_historico,1.0
2024-02-17,Burnley,Arsenal,0.1376946966655285,0.1,0.03769469666552849,1.376946966655285,0.37694696665528493,-1.0,0,0,0,-1.376946966655285,10.0,B365CH_historico,1.0
2024-02-17,Manchester City,Chelsea,0.8643636285176919,0.7518796992481203,0.11248392926957163,1.1496036259285303,0.14960362592853027,-1.0,4,0,4,-1.1496036259285303,1.23108746080973,synthetic_drift,1.0803456637639797
2024-02-18,Luton Town,Manchester Utd,0.4108292393934385,0.25,0.16082923939343852,1.643316957573754,0.6433169575737541,-1.0,7,0,7,-1.643316957573754,3.587836426088637,synthetic_drift,1.1148780281381703
2024-02-18,Sheffield United,Brighton,0.30283062544452805,0.2,0.10283062544452803,1.5141531272226403,0.5141531272226403,-1.0,4,0,4,-1.5141531272226403,4.5,B365CH_historico,1.1111111111111112
2024-02-19,Everton,Crystal Palace,0.6166539474897021,0.5882352941176471,0.02841865337205507,1.0483117107324935,0.04831171073249352,-1.0,0,0,0,-1.0483117107324935,1.8,B365CH_historico,0.9444444444444444
2024-02-20,Manchester City,Brentford,0.8772877503303503,0.8474576271186441,0.029830123211706194,1.0351995453898133,0.03519954538981329,0.17999999999999994,0,0,0,0.14480045461018665,1.1553820088006346,synthetic_drift,1.0213072308655045
2024-02-21,Liverpool,Luton Town,0.8761993642583435,0.8333333333333334,0.04286603092501018,1.0514392371100123,0.051439237110012304,0.19999999999999996,1,0,1,0.14856076288998765,1.1643492631973358,synthetic_drift,1.0306185935178644
2024-02-24,Arsenal,Newcastle Utd,0.8009083229389733,0.7352941176470588,0.06561420529191453,1.0892353191970037,0.08923531919700367,0.3600000000000001,2,0,2,0.2707646808029964,1.2991140459236816,synthetic_drift,1.0468672894942246
2024-02-24,Aston Villa,Nott'ham Forest,0.8066733247930807,0.6535947712418301,0.15307855355125066,1.2342101869334134,0.23421018693341344,0.53,6,1,5,0.2957898130665866,1.3791961746571857,synthetic_drift,1.109341823965179
2024-02-24,Bournemouth,Manchester City,0.15781802699411027,0.14285714285714285,0.014960884136967417,1.1047261889587718,0.10472618895877184,-1.0,0,0,0,-1.1047261889587718,6.925986513031668,synthetic_drift,1.0106863458121196
2024-02-24,Brighton And Hove Albion,Everton,0.6851024806536768,0.5464480874316939,0.13865439322198292,1.2537375395962287,0.2537375395962287,-1.0,6,0,6,-1.2537375395962287,1.6650912714941168,synthetic_drift,1.0990388523014163
2024-02-24,Crystal Palace,Burnley,0.6685611873398623,0.5128205128205129,0.15574067451934936,1.3036943153127314,0.3036943153127314,0.95,7,1,6,0.6463056846872686,1.95,B365CH_historico,1.0
2024-02-24,Manchester United,Fulham,0.7624480585997111,0.6369426751592356,0.12550538344047546,1.1970434520015465,0.1970434520015465,-1.0,5,0,5,-1.1970434520015465,1.4408339845008256,synthetic_drift,1.0896467024574825
2024-02-25,Wolverhampton Wanderers,Sheffield Utd,0.7357578625963345,0.6944444444444444,0.04131341815189005,1.0594913221387217,0.05949132213872166,0.43999999999999995,1,0,1,0.3805086778612783,1.3987242293109265,synthetic_drift,1.0295095843942073
2024-02-26,West Ham United,Brentford,0.6109076567619309,0.4,0.2109076567619309,1.5272691419048274,0.5272691419048274,1.5,8,2,6,0.9727308580951726,2.1726881645316123,synthetic_drift,1.150648326258522
2024-03-02,Nottingham Forest,Liverpool,0.2217109383989887,0.16666666666666666,0.05504427173232204,1.3302656303939322,0.3302656303939322,-1.0,1,0,1,-1.3302656303939322,5.773020218827616,synthetic_drift,1.0393173369516586
2024-03-02,Tottenham Hotspur,Crystal Palace,0.7513498465284673,0.6666666666666666,0.08468317986180063,1.127024769792701,0.12702476979270094,0.5,3,0,3,0.37297523020729906,1.4144431812014435,synthetic_drift,1.0604879856155718
2024-03-02,Newcastle United,Wolves,0.7478472010459724,0.5235602094240838,0.2242869916218886,1.4283881539978072,0.42838815399780716,0.9099999999999999,8,1,7,0.48161184600219276,1.6462607986104403,synthetic_drift,1.1602049940156347
2024-03-02,Luton Town,Aston Villa,0.2996896124900978,0.23094688221709006,0.06874273027300773,1.2976560220821234,0.2976560220821234,-1.0,2,0,2,-1.2976560220821234,4.127339577621742,synthetic_drift,1.0491019501950056
2024-03-02,Fulham,Brighton,0.47354267111731957,0.3921568627450981,0.08138580837222148,1.2075338113491647,0.2075338113491647,1.5499999999999998,3,2,1,1.3424661886508351,2.55,B365CH_historico,1.0
2024-03-02,Everton,West Ham,0.5926209136438607,0.48780487804878053,0.10481603559508018,1.2148728729699143,0.2148728729699143,-1.0,4,0,4,-1.2148728729699143,2.15,B365CH_historico,0.9534883720930232
2024-03-02,Brentford,Chelsea,0.4727492284590954,0.3225806451612903,0.15016858329780508,1.4655226082231958,0.4655226082231958,-1.0,6,0,6,-1.4655226082231958,3.25,B365CH_historico,0.9538461538461539
2024-03-03,Burnley,Bournemouth,0.3828344594248258,0.26666666666666666,0.11616779275815914,1.4356292228430967,0.4356292228430967,-1.0,5,0,5,-1.4356292228430967,3.6,B365CH_historico,1.0416666666666667
2024-03-03,Manchester City,Manchester Utd,0.8324990873132978,0.8,0.03249908731329776,1.0406238591416224,0.040623859141622365,0.25,0,0,0,0.20937614085837764,1.2216412669987708,synthetic_drift,1.0232136337952127
2024-03-04,Sheffield United,Arsenal,0.10336002322499278,0.058823529411764705,0.04453649381322808,1.7571203948248773,0.7571203948248773,-1.0,1,0,1,-1.7571203948248773,13.0,B365CH_historico,1.3076923076923077
2024-03-09,Arsenal,Brentford,0.8527730388012259,0.819672131147541,0.0331009076536849,1.0403831073374956,0.040383107337495616,0.21999999999999997,0,0,0,0.17961689266250436,1.2,B365CH_historico,1.0166666666666666
2024-03-09,Manchester United,Everton,0.7492146133555658,0.5464480874316939,0.2027665259238719,1.3710627424406856,0.3710627424406856,0.8300000000000001,8,1,7,0.45893725755931447,1.5984860917426533,synthetic_drift,1.1448332328027657
2024-03-09,Wolverhampton Wanderers,Fulham,0.5406125557031277,0.4,0.1406125557031277,1.3515313892578193,0.35153138925781935,1.5,6,2,4,1.1484686107421807,2.271823624339228,synthetic_drift,1.1004375397879484
2024-03-10,West Ham United,Burnley,0.8081066108712022,0.5988023952095809,0.20930421566162127,1.3495380401549075,0.3495380401549075,-1.0,8,0,8,-1.3495380401549075,1.452801761933368,synthetic_drift,1.1495030111868723
2024-03-10,Liverpool,Manchester City,0.4796409536701942,0.3333333333333333,0.1463076203368609,1.4389228610105826,0.43892286101058264,-1.0,6,0,6,-1.4389228610105826,2.7161477734197774,synthetic_drift,1.1045054430977579
2024-03-10,Aston Villa,Tottenham,0.615070378489676,0.42016806722689076,0.1949023112627853,1.463867500805429,0.46386750080542893,-1.0,8,0,8,-1.463867500805429,2.4,B365CH_historico,0.9916666666666667
2024-03-10,Brighton And Hove Albion,Nott'ham Forest,0.7664450406881513,0.5555555555555556,0.21088948513259576,1.3796010732386725,0.37960107323867254,0.8,8,1,7,0.4203989267613275,1.564353124939898,synthetic_drift,1.1506353465232828
2024-03-11,Chelsea,Newcastle Utd,0.5766706051974853,0.5235602094240838,0.053110395773401486,1.1014408559271969,0.10144085592719687,0.9099999999999999,1,1,0,0.808559144072803,1.8401905373313316,synthetic_drift,1.0379359969810011
2024-03-16,Burnley,Brentford,0.36587705828725225,0.3076923076923077,0.058184750594944545,1.1891004394335698,0.1891004394335698,2.25,1,3,-2,2.06089956056643,3.1,B365CH_historico,1.0483870967741935
2024-03-16,Fulham,Tottenham,0.38353626656140205,0.2857142857142857,0.09782198084711635,1.3423769329649071,0.3423769329649071,2.5,4,3,1,2.157623067035093,3.25,B365CH_historico,1.0769230769230769
2024-03-16,Luton Town,Nott'ham Forest,0.5963050289001205,0.35714285714285715,0.23916217175726334,1.6696540809203373,0.6696540809203373,-1.0,9,0,9,-1.6696540809203373,2.3914656325905597,synthetic_drift,1.1708301226837596
2024-03-17,West Ham United,Aston Villa,0.4591505225027328,0.3802281368821293,0.0789223856206035,1.2075658741821873,0.2075658741821873,-1.0,3,0,3,-1.2075658741821873,2.4896505968127016,synthetic_drift,1.0563731325861454
2024-03-30,Sheffield United,Fulham,0.27890473615528727,0.2222222222222222,0.05668251393306506,1.2550713126987927,0.2550713126987927,-1.0,1,0,1,-1.2550713126987927,4.75,B365CH_historico,0.9473684210526315
2024-03-30,Newcastle United,West Ham,0.7580714847665283,0.5464480874316939,0.21162339733483437,1.3872708171227468,0.3872708171227468,0.8300000000000001,8,1,7,0.44272918287725327,1.5897014179843862,synthetic_drift,1.1511595695248817
2024-03-30,Nottingham Forest,Crystal Palace,0.6163402219270221,0.45454545454545453,0.16179476738156756,1.3559484882394488,0.3559484882394488,-1.0,7,0,7,-1.3559484882394488,1.9720901006498985,synthetic_drift,1.115567690986834
2024-03-30,Bournemouth,Everton,0.5883048243214749,0.45454545454545453,0.13375936977602038,1.2942706135072448,0.2942706135072448,1.2000000000000002,6,2,4,0.9057293864927554,2.2,B365CH_historico,1.0
2024-03-30,Brentford,Manchester Utd,0.4201299021113012,0.3333333333333333,0.08679656877796788,1.2603897063339036,0.26038970633390357,-1.0,3,0,3,-1.2603897063339036,2.824865276257717,synthetic_drift,1.0619975491271199
2024-03-30,Aston Villa,Wolves,0.7292044877950159,0.625,0.1042044877950159,1.1667271804720254,0.1667271804720254,0.6000000000000001,4,1,3,0.4332728195279747,1.53,B365CH_historico,1.0457516339869282
2024-03-31,Liverpool,Brighton,0.8295453158562662,0.7352941176470588,0.09425119820920747,1.1281816295645222,0.12818162956452217,0.3600000000000001,4,0,4,0.23181837043547793,1.3,B365CH_historico,1.0461538461538462
2024-03-31,Manchester City,Arsenal,0.6366542962762676,0.5235602094240838,0.1130940868521838,1.216009705887671,0.2160097058876711,-1.0,4,0,4,-1.216009705887671,1.7672397395742558,synthetic_drift,1.0807814906087028
2024-04-02,Bournemouth,Crystal Palace,0.6110443051597281,0.5128205128205129,0.09822379233921519,1.1915363950614697,0.1915363950614697,0.95,4,1,3,0.7584636049385303,1.85,B365CH_historico,1.054054054054054
2024-04-02,Burnley,Wolves,0.42096982435579733,0.4081632653061224,0.012806559049674926,1.0313760696717036,0.03137606967170359,-1.0,0,0,0,-1.0313760696717036,2.3,B365CH_historico,1.065217391304348
2024-04-02,Newcastle United,Everton,0.7927838669593144,0.5,0.29278386695931435,1.5855677339186287,0.5855677339186287,-1.0,9,0,9,-1.5855677339186287,1.6540800362361305,synthetic_drift,1.2091313335423675
2024-04-02,Nottingham Forest,Fulham,0.5117558540736056,0.37037037037037035,0.14138548370323523,1.381740805998735,0.38174080599873506,1.7000000000000002,6,3,3,1.3182591940012651,2.4523391714565856,synthetic_drift,1.1009896312165965
2024-04-02,West Ham United,Tottenham,0.4737489688369314,0.30303030303030304,0.17071866580662837,1.5633715971618736,0.5633715971618736,-1.0,7,0,7,-1.5633715971618736,2.941328769164044,synthetic_drift,1.1219419041475918
2024-04-03,Brentford,Brighton,0.4816812033587363,0.42016806722689076,0.06151313613184556,1.1464012639937924,0.14640126399379239,-1.0,2,0,2,-1.1464012639937924,2.45,B365CH_historico,0.9714285714285713
2024-04-03,Manchester City,Aston Villa,0.7924939392307725,0.7692307692307692,0.02326317000000333,1.0302421210000043,0.03024212100000434,0.30000000000000004,0,0,0,0.2697578789999957,1.278751560753164,synthetic_drift,1.0166165500000024
2024-04-04,Chelsea,Manchester Utd,0.5269969068319503,0.5,0.02699690683195033,1.0539938136639007,0.05399381366390066,1.0,0,2,-2,0.9460061863360993,1.9621626273992625,synthetic_drift,1.0192835048799644
2024-04-06,Aston Villa,Brentford,0.7307470902995264,0.5882352941176471,0.14251179618187937,1.2422700535091948,0.24227005350919484,-1.0,6,0,6,-1.2422700535091948,1.62,B365CH_historico,1.0493827160493827
2024-04-06,Brighton And Hove Albion,Arsenal,0.30581823067197716,0.2,0.10581823067197715,1.5290911533598859,0.5290911533598859,-1.0,4,0,4,-1.5290911533598859,4.64863544444951,synthetic_drift,1.0755844504799836
2024-04-06,Crystal Palace,Manchester City,0.1285322706636784,0.10526315789473684,0.023269112768941558,1.2210565713049448,0.22105657130494483,-1.0,0,0,0,-1.2210565713049448,9.344683925673843,synthetic_drift,1.0166207948349582
2024-04-06,Everton,Burnley,0.6784782176745152,0.6060606060606061,0.07241761161390914,1.11948905916295,0.11948905916295005,0.6499999999999999,2,1,1,0.5305109408370499,1.73,B365CH_historico,0.9537572254335259
2024-04-06,Fulham,Newcastle Utd,0.5403561040379223,0.42016806722689076,0.12018803681103157,1.2860475276102552,0.2860475276102552,-1.0,5,0,5,-1.2860475276102552,2.1918341148044354,synthetic_drift,1.0858485977221655
2024-04-06,Luton Town,Bournemouth,0.43879069644271196,0.26666666666666666,0.1721240297760453,1.6454651116601697,0.6454651116601697,2.75,7,3,4,2.1045348883398303,3.339431177543849,synthetic_drift,1.122945735554318
2024-04-06,Wolverhampton Wanderers,West Ham,0.6018153842235979,0.4,0.2018153842235979,1.5045384605589949,0.5045384605589949,-1.0,8,0,8,-1.5045384605589949,2.185020842271692,synthetic_drift,1.1441538458739986
2024-04-07,Manchester United,Liverpool,0.36230606206353766,0.21052631578947367,0.151779746274064,1.7209537948018039,0.7209537948018039,-1.0,6,0,6,-1.7209537948018039,4.285401981800016,synthetic_drift,1.1084141044814744
2024-04-07,Sheffield United,Chelsea,0.2618681617475179,0.14285714285714285,0.11901101889037508,1.8330771322326256,0.8330771322326256,-1.0,5,0,5,-1.8330771322326256,6.5,B365CH_historico,1.0769230769230769
2024-04-07,Tottenham Hotspur,Nott'ham Forest,0.8174972687116259,0.7142857142857143,0.10321155442591157,1.1444961761962762,0.1444961761962762,0.3999999999999999,4,0,4,0.2555038238037237,1.303875022932843,synthetic_drift,1.073722538875651
2024-04-13,Newcastle United,Tottenham,0.6146552268216824,0.37037037037037035,0.24428485645131204,1.6595691124185425,0.6595691124185425,1.7000000000000002,9,3,6,1.0404308875814576,2.298871746686264,synthetic_drift,1.1744891831795086
2024-04-13,Burnley,Brighton,0.3367342731156532,0.2857142857142857,0.051019987401367484,1.1785699559047862,0.1785699559047862,-1.0,1,0,1,-1.1785699559047862,3.75,B365CH_historico,0.9333333333333333
2024-04-13,Nottingham Forest,Wolves,0.6207431529660321,0.47619047619047616,0.14455267677555594,1.3035606212286674,0.30356062122866745,-1.0,6,0,6,-1.3035606212286674,1.903463730442404,synthetic_drift,1.10325191198254
2024-04-13,Bournemouth,Manchester Utd,0.4704419802352191,0.4166666666666667,0.05377531356855242,1.1290607525645258,0.12906075256452576,-1.0,1,0,1,-1.1290607525645258,2.3112237280685943,synthetic_drift,1.0384109382632518
2024-04-13,Brentford,Sheffield Utd,0.715472547740325,0.6944444444444444,0.021028103295880562,1.030280468746068,0.030280468746068046,0.43999999999999995,0,0,0,0.4097195312539319,1.4186911541891136,synthetic_drift,1.015020073782772
2024-04-14,West Ham United,Fulham,0.621353176172125,0.42016806722689076,0.20118510894523428,1.4788205592896575,0.4788205592896575,-1.0,8,0,8,-1.4788205592896575,2.0809586483070177,synthetic_drift,1.143703649246596
2024-04-14,Liverpool,Crystal Palace,0.88792692417266,0.819672131147541,0.06825479302511894,1.0832708474906452,0.08327084749064517,-1.0,2,0,2,-1.0832708474906452,1.2,B365CH_historico,1.0166666666666666
2024-04-15,Chelsea,Everton,0.6558416329691309,0.5882352941176471,0.06760633885148382,1.1149307760475224,0.11493077604752244,0.7,2,1,1,0.5850692239524775,1.65,B365CH_historico,1.0303030303030303
2024-04-20,Luton Town,Brentford,0.47217958218101375,0.3225806451612903,0.14959893701972343,1.4637567047611426,0.4637567047611426,-1.0,6,0,6,-1.4637567047611426,2.8007246883809396,synthetic_drift,1.1068563835855167
2024-04-20,Sheffield United,Burnley,0.5110069446644221,0.36363636363636365,0.14737058102805844,1.4052690978271607,0.4052690978271607,-1.0,6,0,6,-1.4052690978271607,2.6,B365CH_historico,1.0576923076923077
2024-04-20,Wolverhampton Wanderers,Arsenal,0.22874155580022282,0.11764705882352941,0.11109449697669341,1.944303224301894,0.9443032243018941,-1.0,4,0,4,-1.944303224301894,7.875086583803198,synthetic_drift,1.0793532121262095
2024-04-21,Aston Villa,Bournemouth,0.7281059660922938,0.5405405405405405,0.18756542555175337,1.3469960372707437,0.3469960372707437,0.8500000000000001,8,1,7,0.5030039627292564,1.83,B365CH_historico,1.010928961748634
2024-04-21,Crystal Palace,West Ham,0.5119257847734595,0.47619047619047616,0.03573530858298335,1.075044148024265,0.07504414802426496,1.1,0,2,-2,1.0249558519757351,2.2,B365CH_historico,0.9545454545454545
2024-04-21,Everton,Nott'ham Forest,0.6238178471998768,0.48780487804878053,0.13601296915109623,1.2788265867597473,0.27882658675974725,1.0499999999999998,6,2,4,0.7711734132402526,1.8684738069536964,synthetic_drift,1.0971521208222117
2024-04-21,Fulham,Liverpool,0.24948637098652865,0.19047619047619047,0.059010180510338184,1.3098034476792755,0.3098034476792755,-1.0,1,0,1,-1.3098034476792755,4.33,B365CH_historico,1.2124711316397228
2024-04-23,Arsenal,Chelsea,0.7913936235023538,0.6944444444444444,0.09694917905790934,1.1396068178433894,0.13960681784338935,0.43999999999999995,4,0,4,0.3003931821566106,1.4,B365CH_historico,1.0285714285714287
2024-04-24,Wolverhampton Wanderers,Bournemouth,0.5673849557734495,0.37037037037037035,0.19701458540307915,1.5319393805883137,0.5319393805883137,-1.0,8,0,8,-1.5319393805883137,2.36691639171595,synthetic_drift,1.1407247038593422
2024-04-24,Manchester United,Sheffield Utd,0.8676797287510762,0.7692307692307692,0.09844895952030708,1.1279836473763991,0.1279836473763991,0.30000000000000004,4,0,4,0.17201635262360093,1.2145892513967442,synthetic_drift,1.0703206853716478
2024-04-24,Everton,Liverpool,0.18919087364605533,0.14285714285714285,0.04633373078891248,1.3243361155223874,0.3243361155223874,6.0,1,3,-2,5.675663884477613,7.0,B365CH_historico,1.0
2024-04-24,Crystal Palace,Newcastle Utd,0.48911991258817533,0.36363636363636365,0.12548354895181169,1.3450797596174822,0.34507975961748216,1.75,5,3,2,1.4049202403825178,2.5237899173972784,synthetic_drift,1.0896311063941513
2024-04-25,Brighton And Hove Albion,Manchester City,0.22068203920207505,0.15384615384615385,0.06683588535592119,1.4344332548134877,0.4344332548134877,-1.0,2,0,2,-1.4344332548134877,6.203829679140912,synthetic_drift,1.0477399181113722
2024-04-27,Aston Villa,Chelsea,0.6663276148450873,0.46511627906976744,0.20121133577531986,1.4326043719169377,0.4326043719169377,-1.0,8,0,8,-1.4326043719169377,2.05,B365CH_historico,1.048780487804878
2024-04-27,Everton,Brentford,0.5242452464377751,0.4347826086956522,0.08946263774212293,1.2057640668068828,0.20576406680688275,1.2999999999999998,3,2,1,1.094235933193117,2.8,B365CH_historico,0.8214285714285714
2024-04-27,Fulham,Crystal Palace,0.5671311420354089,0.47619047619047616,0.09094066584493277,1.1909753982743587,0.19097539827435872,-1.0,3,0,3,-1.1909753982743587,2.05,B365CH_historico,1.024390243902439
2024-04-27,Manchester United,Burnley,0.8389660559771244,0.6666666666666666,0.17229938931045774,1.2584490839656866,0.25844908396568655,-1.0,7,0,7,-1.2584490839656866,1.3356234914782794,synthetic_drift,1.1230709923646127
2024-04-27,Newcastle United,Sheffield Utd,0.885018642732698,0.819672131147541,0.06534651158515703,1.0797227441338917,0.07972274413389169,0.21999999999999997,2,0,2,0.14027725586610829,1.1655946129440398,synthetic_drift,1.0466760797036836
2024-04-27,West Ham United,Liverpool,0.2773359416283699,0.18181818181818182,0.09551775981018806,1.5253476789560343,0.5253476789560343,-1.0,4,0,4,-1.5253476789560343,5.14871852874371,synthetic_drift,1.0682269712929915
2024-04-27,Wolverhampton Wanderers,Luton Town,0.6553484102040021,0.5128205128205129,0.14252789738348925,1.277929399897804,0.2779293998978041,0.95,6,1,5,0.6720706001021959,1.7698221242097198,synthetic_drift,1.1018056409882067
2024-04-28,Tottenham Hotspur,Arsenal,0.3663778452322162,0.23809523809523808,0.12828260713697814,1.5387869499753082,0.5387869499753082,-1.0,5,0,5,-1.5387869499753082,3.847455943384287,synthetic_drift,1.0916304336692702
2024-04-28,Nottingham Forest,Manchester City,0.1556186035417737,0.125,0.030618603541773703,1.2449488283341896,0.24494882833418963,-1.0,0,0,0,-1.2449488283341896,7.82878118058316,synthetic_drift,1.021870431101267
2024-04-28,Bournemouth,Brighton,0.5247184293408835,0.4444444444444444,0.08027398489643911,1.180616466016988,0.180616466016988,1.25,3,2,1,1.069383533983012,1.91,B365CH_historico,1.1780104712041886
2024-05-02,Chelsea,Tottenham,0.5246171832053755,0.46511627906976744,0.0595009041356081,1.1279269438915573,0.12792694389155734,1.15,2,2,0,1.0220730561084426,2.4,B365CH_historico,0.8958333333333334
2024-05-03,Luton Town,Everton,0.41342303606315695,0.3846153846153846,0.028807651447772364,1.074899893764208,0.07489989376420803,-1.0,0,0,0,-1.074899893764208,2.547578742535208,synthetic_drift,1.020576893891266
2024-05-04,Arsenal,Bournemouth,0.8483570486174946,0.819672131147541,0.028684917469953608,1.0349955993133435,0.034995599313343506,0.21999999999999997,0,0,0,0.18500440068665647,1.2,B365CH_historico,1.0166666666666666
2024-05-04,Brentford,Fulham,0.5489867449496952,0.47619047619047616,0.07279626875921907,1.15287216439436,0.15287216439436002,-1.0,2,0,2,-1.15287216439436,2.05,B365CH_historico,1.024390243902439
2024-05-04,Burnley,Newcastle Utd,0.39980928908794416,0.29411764705882354,0.10569164202912062,1.3593515828990101,0.35935158289901015,-1.0,4,0,4,-1.3593515828990101,3.1613378643619647,synthetic_drift,1.0754940300208005
2024-05-04,Sheffield United,Nott'ham Forest,0.4548831934623858,0.21052631578947367,0.24435687767291214,2.1606951689463325,1.1606951689463325,-1.0,9,0,9,-2.1606951689463325,4.044134269326654,synthetic_drift,1.174540626909223
2024-05-05,Brighton And Hove Albion,Aston Villa,0.4528661068841672,0.36363636363636365,0.08922974324780353,1.2453817939314598,0.24538179393145976,1.75,3,3,0,1.5046182060685402,2.5852290537816445,synthetic_drift,1.0637355308912881
2024-05-05,Chelsea,West Ham,0.691946760360091,0.6060606060606061,0.08588615429948487,1.14171215459415,0.14171215459414999,0.6499999999999999,3,1,2,0.5082878454058499,1.5,B365CH_historico,1.0999999999999999
2024-05-05,Liverpool,Tottenham,0.7548263628655035,0.6666666666666666,0.0881596961988369,1.1322395442982554,0.13223954429825535,0.5,3,0,3,0.36776045570174465,1.44,B365CH_historico,1.0416666666666667
2024-05-06,Crystal Palace,Manchester Utd,0.4849368637869326,0.42016806722689076,0.06476879656004186,1.1541497358128996,0.1541497358128996,1.38,2,2,0,1.2258502641871003,2.274761728830574,synthetic_drift,1.0462634261143156
2024-05-11,Wolverhampton Wanderers,Crystal Palace,0.5001420040117712,0.3472222222222222,0.15291978178954901,1.440408971553901,0.440408971553901,-1.0,6,0,6,-1.440408971553901,2.5963994066413503,synthetic_drift,1.1092284155639636
2024-05-11,West Ham United,Luton Town,0.7205679855531691,0.5555555555555556,0.16501242999761356,1.2970223739957045,0.2970223739957045,0.8,7,1,6,0.5029776260042955,1.61021085308814,synthetic_drift,1.1178660214268668
2024-05-11,Tottenham Hotspur,Burnley,0.8338342524579211,0.7352941176470588,0.09854013481086232,1.1340145833427728,0.13401458334277283,0.3600000000000001,4,0,4,0.22598541665722727,1.2705699071852437,synthetic_drift,1.0703858105791875
2024-05-11,Nottingham Forest,Chelsea,0.4257293182403999,0.29411764705882354,0.13161167118157635,1.4474796820173597,0.44747968201735966,-1.0,5,0,5,-1.4474796820173597,3.107837377817742,synthetic_drift,1.094008336558269
2024-05-11,Bournemouth,Brentford,0.568662734876414,0.5128205128205129,0.05584222205590117,1.1088923330090075,0.10889233300900747,-1.0,1,0,1,-1.1088923330090075,2.15,B365CH_historico,0.9069767441860466
2024-05-11,Fulham,Manchester City,0.15027217527135767,0.07692307692307693,0.07334909834828074,1.9535382785276496,0.9535382785276496,-1.0,2,0,2,-1.9535382785276496,12.352808998494227,synthetic_drift,1.052392213105915
2024-05-11,Everton,Sheffield Utd,0.7573102480460554,0.7142857142857143,0.0430245337603411,1.0602343472644775,0.06023434726447752,0.3999999999999999,1,0,1,0.3397656527355224,1.358258265292611,synthetic_drift,1.0307318098288152
2024-05-11,Newcastle United,Brighton,0.7662634680750126,0.6369426751592356,0.12932079291577692,1.2030336448777696,0.20303364487776965,-1.0,5,0,5,-1.2030336448777696,1.437239335384521,synthetic_drift,1.0923719949398407
2024-05-12,Manchester United,Arsenal,0.34151034174991096,0.14285714285714285,0.1986531988927681,2.3905723922493767,1.3905723922493767,-1.0,8,0,8,-2.3905723922493767,6.130160066478151,synthetic_drift,1.1418951420662629
2024-05-13,Aston Villa,Liverpool,0.3979260950192864,0.23809523809523808,0.1598308569240483,1.6712895990810028,0.6712895990810028,-1.0,7,0,7,-1.6712895990810028,3.7,B365CH_historico,1.135135135135135
2024-05-14,Tottenham Hotspur,Manchester City,0.25682101985645267,0.15384615384615385,0.10297486601029882,1.6693366290669425,0.6693366290669425,-1.0,4,0,4,-1.6693366290669425,6.054658800886191,synthetic_drift,1.073553475721642
2024-05-15,Manchester United,Newcastle Utd,0.682971161690591,0.36363636363636365,0.3193347980542274,1.8781706946491252,0.8781706946491252,1.75,9,3,6,0.8718293053508748,2.2392381078758183,synthetic_drift,1.228096284324448
2024-05-15,Brighton And Hove Albion,Chelsea,0.5127703539679618,0.30303030303030304,0.20974005093765874,1.6921421680942739,0.6921421680942739,-1.0,8,0,8,-1.6921421680942739,2.870028609469518,synthetic_drift,1.1498143220983277
2024-05-19,Arsenal,Everton,0.8673811554400349,0.8474576271186441,0.01992352832139077,1.0235097634192412,0.02350976341924116,0.17999999999999994,0,0,0,0.15649023658075878,1.22,B365CH_historico,0.9672131147540983
2024-05-19,Brentford,Newcastle Utd,0.5412379338814293,0.3448275862068966,0.1964103476745327,1.569590008256145,0.5695900082561449,-1.0,8,0,8,-1.569590008256145,2.5432057653059825,synthetic_drift,1.140293105481809
2024-05-19,Brighton And Hove Albion,Manchester Utd,0.6025022840909166,0.46511627906976744,0.13738600502114912,1.2953799107954704,0.29537991079547044,-1.0,6,0,6,-1.2953799107954704,1.957868739645898,synthetic_drift,1.0981328607293923
2024-05-19,Burnley,Nott'ham Forest,0.5246090479064673,0.3333333333333333,0.19127571457313403,1.573827143719402,0.573827143719402,-1.0,8,0,8,-1.573827143719402,2.639391754386616,synthetic_drift,1.1366255104093814
2024-05-19,Chelsea,Bournemouth,0.7046656778260133,0.6896551724137931,0.015010505412220154,1.0217652328477194,0.021765232847719362,0.44999999999999996,0,0,0,0.4282347671522806,1.38,B365CH_historico,1.0507246376811594
2024-05-19,Luton Town,Fulham,0.4038354621885532,0.3448275862068966,0.05900787598165663,1.1711228403468044,0.17112284034680436,-1.0,1,0,1,-1.1711228403468044,2.7827128741634324,synthetic_drift,1.0421484828440404
2024-05-19,Sheffield United,Tottenham,0.22631210825413273,0.14285714285714285,0.08345496539698988,1.584184757778929,0.584184757778929,-1.0,3,0,3,-1.584184757778929,7.5,B365CH_historico,0.9333333333333333
2024-08-16,Manchester United,Fulham,0.7091972564243535,0.625,0.0841972564243535,1.1347156102789657,0.13471561027896573,0.6000000000000001,3,1,2,0.46528438972103436,1.5092333517692151,synthetic_drift,1.0601408974459667
2024-08-17,West Ham United,Aston Villa,0.4794172063160181,0.4081632653061224,0.07125394100989568,1.1745721554742443,0.17457215547424432,-1.0,2,0,2,-1.1745721554742443,2.3313446471691934,synthetic_drift,1.0508956721499254
2024-08-17,Nottingham Forest,Bournemouth,0.5547780007946426,0.4081632653061224,0.14661473548852016,1.3592061019468744,0.3592061019468744,-1.0,6,0,6,-1.3592061019468744,2.2177468772897644,synthetic_drift,1.1047248110632286
2024-08-17,Newcastle United,Southampton,0.8843935577126236,0.7352941176470588,0.14909944006556486,1.2027752384891681,0.20277523848916812,0.3600000000000001,6,0,6,0.15722476151083198,1.229101212456325,synthetic_drift,1.1064996000468321
2024-08-17,Everton,Brighton,0.5466517685287489,0.3802281368821293,0.16642363164661955,1.4376941512306094,0.4376941512306094,-1.0,7,0,7,-1.4376941512306094,3.1,B365CH_historico,0.8483870967741934
2024-08-17,Arsenal,Wolves,0.8963784037396821,0.8474576271186441,0.048920776621038,1.057726516412825,0.05772651641282489,0.17999999999999994,1,0,1,0.12227348358717505,1.14,B365CH_historico,1.0350877192982457
2024-08-17,Ipswich Town,Liverpool,0.2553599067934084,0.11764705882352941,0.137712847969879,2.1705592077439717,1.1705592077439717,-1.0,6,0,6,-2.1705592077439717,7.738766061368761,synthetic_drift,1.098366319978485
2024-08-18,Brentford,Crystal Palace,0.44163738900993216,0.4166666666666667,0.024970722343265472,1.0599297336238371,0.059929733623837134,1.4,0,2,-2,1.3400702663761628,2.88,B365CH_historico,0.8333333333333334
2024-08-19,Leicester City,Tottenham,0.39882955215776705,0.2,0.19882955215776704,1.9941477607888354,0.9941477607888354,-1.0,8,0,8,-1.9941477607888354,4.378202786252517,synthetic_drift,1.1420211086841192
2024-08-24,Tottenham Hotspur,Everton,0.7429506763019238,0.6944444444444444,0.048506231857479376,1.0698489738747703,0.06984897387477029,0.43999999999999995,1,0,1,0.37015102612522965,1.3917786169375328,synthetic_drift,1.0346473084696282
2024-08-24,Aston Villa,Arsenal,0.2889667473957023,0.23094688221709006,0.05801986517861221,1.2512260162233908,0.2512260162233908,-1.0,1,0,1,-1.2512260162233908,4.5,B365CH_historico,0.9622222222222222
2024-08-24,Brighton And Hove Albion,Manchester Utd,0.5463283798504744,0.4,0.14632837985047442,1.3658209496261862,0.36582094962618616,1.5,6,2,4,1.1341790503738138,2.263426090865926,synthetic_drift,1.1045202713217674
2024-08-24,Crystal Palace,West Ham,0.7000124946625512,0.46511627906976744,0.23489621559278379,1.505026863524485,0.505026863524485,-1.0,9,0,9,-1.505026863524485,1.95,B365CH_historico,1.1025641025641026
2024-08-24,Fulham,Leicester City,0.6232426517504764,0.5555555555555556,0.06768709619492086,1.1218367731508576,0.12183677315085761,0.8,2,1,1,0.6781632268491424,1.7169872287719041,synthetic_drift,1.0483479258535149
2024-08-24,Southampton,Nott'ham Forest,0.44776031768170294,0.3921568627450981,0.055603454936604846,1.1417888100883424,0.14178881008834243,-1.0,1,0,1,-1.1417888100883424,2.4525910459284272,synthetic_drift,1.0397167535261462
2024-08-25,Wolverhampton Wanderers,Chelsea,0.36154166947232425,0.23094688221709006,0.13059478725523418,1.565475428815164,0.565475428815164,-1.0,5,0,5,-1.565475428815164,3.960551839374017,synthetic_drift,1.0932819908965958
2024-08-25,Bournemouth,Newcastle Utd,0.48844497493326977,0.3448275862068966,0.1436173887263732,1.4164904273064822,0.4164904273064822,-1.0,6,0,6,-1.4164904273064822,2.6301854524649237,synthetic_drift,1.1025838490902666
2024-08-25,Liverpool,Brentford,0.8271078815103943,0.7874015748031495,0.03970630670724473,1.0504270095182007,0.05042700951820067,0.27,1,0,1,0.21957299048179935,1.2,B365CH_historico,1.0583333333333333
2024-08-31,Arsenal,Brighton,0.8604206567659608,0.7518796992481203,0.10854095751784054,1.144359473498728,0.1443594734987279,-1.0,4,0,4,-1.144359473498728,1.36,B365CH_historico,0.9779411764705882
2024-08-31,Brentford,Southampton,0.7680836477900482,0.5714285714285714,0.19665507636147683,1.3441463836325844,0.34414638363258443,0.75,8,1,7,0.40585361636741557,1.8,B365CH_historico,0.9722222222222222
2024-08-31,Everton,Bournemouth,0.5131288866418728,0.36363636363636365,0.1494925230055092,1.4111044382651503,0.4111044382651503,-1.0,6,0,6,-1.4111044382651503,3.0,B365CH_historico,0.9166666666666666
2024-08-31,Ipswich Town,Fulham,0.5251112407176266,0.3333333333333333,0.1917779073842933,1.5753337221528798,0.5753337221528798,-1.0,8,0,8,-1.5753337221528798,2.6385590480406256,synthetic_drift,1.1369842195602096
2024-08-31,Leicester City,Aston Villa,0.35632204294913833,0.2222222222222222,0.13409982072691612,1.6034491932711226,0.6034491932711226,-1.0,6,0,6,-1.6034491932711226,4.106642810905757,synthetic_drift,1.0957855862335115
2024-08-31,Nottingham Forest,Wolves,0.6063162974547581,0.5,0.10631629745475812,1.2126325949095162,0.21263259490951625,-1.0,4,0,4,-1.2126325949095162,1.8588393451834755,synthetic_drift,1.0759402124676845
2024-09-01,Manchester United,Liverpool,0.3999854483505478,0.27027027027027023,0.12971517808027755,1.4799461588970269,0.47994615889702685,-1.0,5,0,5,-1.4799461588970269,3.3862512931986877,synthetic_drift,1.0926536986287696
2024-09-01,Chelsea,Crystal Palace,0.6744548886366862,0.625,0.049454888636686234,1.079127821818698,0.07912782181869793,-1.0,1,0,1,-1.079127821818698,1.65,B365CH_historico,0.9696969696969698
2024-09-01,Newcastle United,Tottenham,0.6863081696771719,0.4,0.2863081696771719,1.7157704241929297,0.7157704241929297,1.5,9,2,7,0.7842295758070703,2.07553996531372,synthetic_drift,1.2045058354836942
2024-09-14,Manchester City,Brentford,0.9145466323983392,0.8474576271186441,0.06708900527969508,1.0791650262300403,0.07916502623004029,0.17999999999999994,2,0,2,0.10083497376995965,1.1260393841511016,synthetic_drift,1.047920718056925
2024-09-14,Liverpool,Nott'ham Forest,0.8970097774772353,0.819672131147541,0.07733764632969431,1.094351928522227,0.09435192852222696,-1.0,2,0,2,-1.094351928522227,1.156133808844149,synthetic_drift,1.0552411759497817
2024-09-14,Fulham,West Ham,0.6110005441912091,0.42016806722689076,0.19083247696431832,1.4541812951750777,0.45418129517507766,-1.0,8,0,8,-1.4541812951750777,2.25,B365CH_historico,1.0577777777777777
2024-09-14,Aston Villa,Everton,0.742863155171896,0.6666666666666666,0.07619648850522942,1.114294732757844,0.11429473275784408,0.5,2,0,2,0.3857052672421559,1.67,B365CH_historico,0.8982035928143713
2024-09-14,Bournemouth,Chelsea,0.3890729306143065,0.29411764705882354,0.09495528355548294,1.322847964088642,0.3228479640886419,-1.0,4,0,4,-1.322847964088642,3.1,B365CH_historico,1.096774193548387
2024-09-14,Southampton,Manchester Utd,0.26783048118411523,0.2222222222222222,0.04560825896189302,1.2052371653285185,0.20523716532851854,-1.0,1,0,1,-1.2052371653285185,4.358027121762641,synthetic_drift,1.0325773278299235
2024-09-14,Crystal Palace,Leicester City,0.6900279143700828,0.6172839506172839,0.0727439637527989,1.1178452212795342,0.11784522127953423,-1.0,2,0,2,-1.1178452212795342,1.5399825467427177,synthetic_drift,1.051959974109142
2024-09-15,Wolverhampton Wanderers,Newcastle Utd,0.43295800036310733,0.29411764705882354,0.1388403533042838,1.472057201234565,0.47205720123456496,-1.0,6,0,6,-1.472057201234565,3.0932383530098253,synthetic_drift,1.0991716809316312
2024-09-21,Liverpool,Bournemouth,0.837777768430757,0.7692307692307692,0.06854699919998786,1.0891110989599841,0.08911109895998415,0.30000000000000004,2,0,2,0.2108889010400159,1.25,B365CH_historico,1.04
2024-09-21,West Ham United,Chelsea,0.40464420838430165,0.2777777777777778,0.12686643060652386,1.456719150183486,0.45671915018348597,-1.0,5,0,5,-1.456719150183486,3.3008781246162697,synthetic_drift,1.0906188790046598
2024-09-21,Leicester City,Everton,0.556291642968817,0.4081632653061224,0.14812837766269454,1.3629145252736017,0.3629145252736017,-1.0,6,0,6,-1.3629145252736017,2.2155785330790745,synthetic_drift,1.1058059840447818
2024-09-21,Tottenham Hotspur,Brentford,0.7160593343663836,0.6451612903225806,0.07089804404380295,1.1098919682678945,0.10989196826789449,0.55,2,1,1,0.44010803173210555,1.4752892008981269,synthetic_drift,1.0506414600312879
2024-09-21,Crystal Palace,Manchester Utd,0.5419708565720173,0.3472222222222222,0.19474863434979506,1.5608760669274098,0.5608760669274098,-1.0,8,0,8,-1.5608760669274098,2.528298136241334,synthetic_drift,1.1391061673927108
2024-09-21,Fulham,Newcastle Utd,0.5039671121829353,0.3333333333333333,0.170633778849602,1.511901336548806,0.5119013365488061,2.0,7,3,4,1.488098663451194,2.674079761022494,synthetic_drift,1.1218812706068586
2024-09-21,Aston Villa,Wolves,0.7456331130007924,0.6369426751592356,0.10869043784155674,1.170643987411244,0.17064398741124398,0.5700000000000001,4,1,3,0.3993560125887561,1.65,B365CH_historico,0.9515151515151516
2024-09-22,Brighton And Hove Albion,Nott'ham Forest,0.6916813159296443,0.5714285714285714,0.12025274450107293,1.2104423028768776,0.2104423028768776,-1.0,5,0,5,-1.2104423028768776,1.6115741338813094,synthetic_drift,1.0858948175007663
2024-09-22,Manchester City,Arsenal,0.6652831469484439,0.5555555555555556,0.10972759139288835,1.1975096645071992,0.1975096645071992,-1.0,4,0,4,-1.1975096645071992,1.6691752965016855,synthetic_drift,1.0783768509949203
2024-09-28,Nottingham Forest,Fulham,0.4938849515998447,0.42016806722689076,0.07371688437295393,1.1754461848076303,0.1754461848076303,-1.0,2,0,2,-1.1754461848076303,2.2609498712622265,synthetic_drift,1.0526549174092528
2024-09-28,Newcastle United,Manchester City,0.269648715774488,0.19047619047619047,0.07917252529829755,1.415655757816062,0.415655757816062,-1.0,3,0,3,-1.415655757816062,4.968994403487693,synthetic_drift,1.0565518037844983
2024-09-28,Everton,Crystal Palace,0.43081069211709355,0.37037037037037035,0.0604403217467232,1.1631888687161527,0.16318886871615268,1.7000000000000002,2,3,-1,1.5368111312838475,2.7,B365CH_historico,1.0
2024-09-28,Wolverhampton Wanderers,Liverpool,0.17764233772773033,0.125,0.05264233772773033,1.4211387018218427,0.42113870182184265,-1.0,1,0,1,-1.4211387018218427,7.710087823489571,synthetic_drift,1.0376016698055217
2024-09-28,Brentford,West Ham,0.5792307144369173,0.45454545454545453,0.12468525989146279,1.2743075717612182,0.2743075717612182,-1.0,5,0,5,-1.2743075717612182,2.2,B365CH_historico,1.0
2024-09-28,Arsenal,Leicester City,0.908260454174316,0.8547008547008548,0.05355959947346123,1.0626647313839497,0.06266473138394968,0.16999999999999993,1,0,1,0.10733526861605025,1.126888777449064,synthetic_drift,1.038256856766758
2024-09-28,Chelsea,Brighton,0.6978785070194957,0.5780346820809249,0.11984382493857082,1.2073298171437277,0.20732981714372767,0.73,5,1,4,0.5226701828562723,1.75,B365CH_historico,0.9885714285714285
2024-09-29,Ipswich Town,Aston Villa,0.3825792914937774,0.25,0.1325792914937774,1.5303171659751096,0.5303171659751096,-1.0,5,0,5,-1.5303171659751096,3.6539708131784687,synthetic_drift,1.0946994939241268
2024-09-29,Manchester United,Tottenham,0.6429026989480379,0.425531914893617,0.21737078405442084,1.5108213425278891,0.5108213425278891,-1.0,8,0,8,-1.5108213425278891,2.03416559297098,synthetic_drift,1.1552648457531578
2024-09-30,Bournemouth,Southampton,0.7703419049844034,0.6060606060606061,0.16428129892379728,1.2710641432242655,0.27106414322426553,0.6499999999999999,7,1,6,0.3789358567757344,1.48,B365CH_historico,1.114864864864865
2024-10-05,West Ham United,Ipswich Town,0.5718934590572804,0.5555555555555556,0.016337903501724815,1.0294082263031048,0.0294082263031048,0.8,0,1,-1,0.7705917736968952,1.7792364334595603,synthetic_drift,1.0116699310726607
2024-10-05,Arsenal,Southampton,0.9568802845001855,0.8771929824561404,0.07968730204404506,1.0908435243302113,0.09084352433021126,0.1399999999999999,3,0,3,0.049156475669788646,1.18,B365CH_historico,0.9661016949152542
2024-10-05,Brentford,Wolves,0.6195650367254035,0.48780487804878053,0.131760158676623,1.270108325287077,0.27010832528707707,1.0499999999999998,5,2,3,0.7798916747129228,2.1,B365CH_historico,0.976190476190476
2024-10-05,Crystal Palace,Liverpool,0.2507608213358005,0.16666666666666666,0.08409415466913386,1.504564928014803,0.504564928014803,-1.0,3,0,3,-1.504564928014803,5.0,B365CH_historico,1.2
2024-10-05,Everton,Newcastle Utd,0.4543416871687246,0.3125,0.14184168716872458,1.4538933989399188,0.45389339893991876,-1.0,6,0,6,-1.4538933989399188,2.9056160806149944,synthetic_drift,1.1013154908348033
2024-10-05,Leicester City,Bournemouth,0.4793358009072017,0.3225806451612903,0.15675515574591137,1.4859409828123253,0.48594098281232534,2.1,7,3,4,1.6140590171876747,2.7878500893228204,synthetic_drift,1.1119679683899366
2024-10-05,Manchester City,Fulham,0.893688476762411,0.8,0.09368847676241099,1.1171105959530139,0.11711059595301387,0.25,3,0,3,0.13288940404698613,1.1715963718171996,synthetic_drift,1.0669203405445793
2024-10-06,Chelsea,Nott'ham Forest,0.8047863558340818,0.6756756756756757,0.1291106801584061,1.191083806634441,0.1910838066344409,-1.0,5,0,5,-1.191083806634441,1.3550359871826636,synthetic_drift,1.0922219143988614
2024-10-06,Aston Villa,Manchester Utd,0.6395091182165463,0.45454545454545453,0.1849636636710918,1.406920060076402,0.406920060076402,-1.0,8,0,8,-1.406920060076402,1.9432622151514227,synthetic_drift,1.1321169026222084
2024-10-06,Brighton And Hove Albion,Tottenham,0.49280484741891784,0.3448275862068966,0.14797726121202126,1.4291340575148617,0.42913405751486167,1.9,6,3,3,1.4708659424851382,2.6227775444331383,synthetic_drift,1.1056980437228723
2024-10-19,Fulham,Aston Villa,0.4575570514139662,0.4081632653061224,0.049393786107843785,1.1210147759642173,0.12101477596421728,-1.0,1,0,1,-1.1210147759642173,2.45,B365CH_historico,1.0
2024-10-19,Ipswich Town,Everton,0.5749852508396733,0.42016806722689076,0.15481718361278257,1.3684648969984226,0.36846489699842255,-1.0,7,0,7,-1.3684648969984226,2.143017221007131,synthetic_drift,1.110583702580559
2024-10-19,Manchester United,Brentford,0.671352494507164,0.5882352941176471,0.08311720038951698,1.141299240662179,0.14129924066217892,0.7,3,1,2,0.558700759337821,1.6047282031217298,synthetic_drift,1.059369428849655
2024-10-19,Newcastle United,Brighton,0.7407523876510521,0.5128205128205129,0.22793187483053923,1.4444671559195517,0.44446715591955166,-1.0,9,0,9,-1.4444671559195517,1.6769743514507827,synthetic_drift,1.1628084820218136
2024-10-19,Tottenham Hotspur,West Ham,0.7535606957023568,0.6666666666666666,0.08689402903569021,1.1303410435535353,0.13034104355353526,0.5,3,0,3,0.36965895644646474,1.412340058532573,synthetic_drift,1.0620671635969217
2024-10-20,Liverpool,Chelsea,0.7034458024970514,0.6172839506172839,0.08616185187976744,1.1395822000452234,0.13958220004522337,0.6200000000000001,3,1,2,0.48041779995477674,1.67,B365CH_historico,0.970059880239521
2024-10-21,Nottingham Forest,Crystal Palace,0.4929197367326386,0.4347826086956522,0.058137128036986396,1.1337153944850686,0.13371539448506864,1.2999999999999998,1,2,-1,1.1662846055149312,2.2082971060032723,synthetic_drift,1.0415265200264188
2024-10-25,Leicester City,Nott'ham Forest,0.5614729464664345,0.3333333333333333,0.22813961313310122,1.6844188393993036,0.6844188393993036,-1.0,9,0,9,-1.6844188393993036,2.5796313572383105,synthetic_drift,1.1629568665236438
2024-10-26,Manchester City,Southampton,0.9713778506289523,0.9009009009009008,0.07047694972805152,1.0782294141981372,0.07822941419813723,0.1100000000000001,2,0,2,0.03177058580186287,1.056799972476546,synthetic_drift,1.0503406783771796
2024-10-26,Everton,Fulham,0.4978835692152938,0.36363636363636365,0.13424720557893016,1.369179815342058,0.369179815342058,-1.0,6,0,6,-1.369179815342058,2.6,B365CH_historico,1.0576923076923077
2024-10-26,Brighton And Hove Albion,Wolves,0.7067796634695183,0.6172839506172839,0.08949571285223434,1.1449830548206197,0.14498305482061968,-1.0,3,0,3,-1.1449830548206197,1.5226629928709285,synthetic_drift,1.0639255091801674
2024-10-26,Aston Villa,Bournemouth,0.6974355859958006,0.5405405405405405,0.15689504545526012,1.2902558340922312,0.2902558340922312,-1.0,7,0,7,-1.2902558340922312,1.75,B365CH_historico,1.0571428571428572
2024-10-27,West Ham United,Manchester Utd,0.5151861266505664,0.3472222222222222,0.1679639044283442,1.4837360447536312,0.4837360447536312,1.88,7,3,4,1.3962639552463687,2.5714877674240886,synthetic_drift,1.1199742174488172
2024-10-27,Arsenal,Liverpool,0.5816426879650309,0.4,0.1816426879650309,1.4541067199125775,0.45410671991257745,-1.0,7,0,7,-1.4541067199125775,2.2,B365CH_historico,1.1363636363636362
2024-10-27,Chelsea,Newcastle Utd,0.7018665655486582,0.5780346820809249,0.12383188346773333,1.2142291583991787,0.21422915839917867,0.73,5,1,4,0.5157708416008213,1.5894141776902158,synthetic_drift,1.0884513453340952
2024-10-27,Crystal Palace,Tottenham,0.4648156000955446,0.25641025641025644,0.20840534368528818,1.812780840372624,0.812780840372624,2.9,8,3,5,2.087219159627376,3.6,B365CH_historico,1.0833333333333333
2024-11-02,Newcastle United,Arsenal,0.38011475053179666,0.26666666666666666,0.11344808386513,1.4254303144942375,0.4254303144942375,2.75,4,3,1,2.3245696855057627,3.4688999615977907,synthetic_drift,1.08103434561795
2024-11-02,Nottingham Forest,West Ham,0.5765926087391402,0.46511627906976744,0.11147632966937276,1.2396741087891514,0.2396741087891514,1.15,4,2,2,0.9103258912108485,1.9914304583641222,synthetic_drift,1.0796259497638376
2024-11-02,Ipswich Town,Leicester City,0.5639739674089925,0.4444444444444444,0.11952952296454811,1.2689414266702332,0.26894142667023324,-1.0,5,0,5,-1.2689414266702332,2.073010068178512,synthetic_drift,1.085378230688963
2024-11-02,Liverpool,Brighton,0.8179445808123187,0.7142857142857143,0.10365886652660439,1.1451224131372462,0.14512241313724616,0.3999999999999999,4,0,4,0.25487758686275375,1.36,B365CH_historico,1.0294117647058822
2024-11-02,Wolverhampton Wanderers,Crystal Palace,0.4394020072627804,0.4,0.03940200726278037,1.098505018156951,0.0985050181569509,-1.0,1,0,1,-1.098505018156951,2.431565318333638,synthetic_drift,1.028144290901986
2024-11-03,Tottenham Hotspur,Aston Villa,0.6018739019528758,0.5235602094240838,0.07831369252879206,1.1495791527299928,0.14957915272999278,0.9099999999999999,3,1,2,0.7604208472700071,1.808817718129821,synthetic_drift,1.0559383518062802
2024-11-03,Manchester United,Chelsea,0.4864594816551799,0.3846153846153846,0.1018440970397953,1.2647946523034677,0.26479465230346766,-1.0,4,0,4,-1.2647946523034677,2.4236869906634184,synthetic_drift,1.0727457835998537
2024-11-04,Fulham,Brentford,0.575111289189209,0.5,0.07511128918920895,1.150222578378418,0.1502225783784179,1.0,2,2,0,0.8497774216215821,1.95,B365CH_historico,1.0256410256410258
2024-11-09,Brentford,Bournemouth,0.49946949385808787,0.4,0.09946949385808784,1.2486737346452197,0.2486737346452197,1.5,4,2,2,1.2513262653547803,2.6,B365CH_historico,0.9615384615384615
2024-11-09,Crystal Palace,Fulham,0.5370948553542138,0.37037037037037035,0.1667244849838434,1.4501561094563773,0.4501561094563773,-1.0,7,0,7,-1.4501561094563773,3.3,B365CH_historico,0.8181818181818182
2024-11-09,Liverpool,Aston Villa,0.7718434219111495,0.7042253521126761,0.0676180697984734,1.0960176591138322,0.0960176591138322,0.41999999999999993,2,0,2,0.32398234088616773,1.45,B365CH_historico,0.9793103448275862
2024-11-09,West Ham United,Everton,0.6475919190932037,0.46511627906976744,0.18247564002343625,1.3923226260503878,0.3923226260503878,-1.0,8,0,8,-1.3923226260503878,1.902082991909703,synthetic_drift,1.130339742873883
2024-11-09,Wolverhampton Wanderers,Southampton,0.7203801488947206,0.5235602094240838,0.1968199394706368,1.3759260843889163,0.3759260843889163,0.9099999999999999,8,1,7,0.5340739156110836,1.674578287697522,synthetic_drift,1.140585671050455
2024-11-10,Chelsea,Arsenal,0.38281880927281275,0.37037037037037035,0.012448438902442405,1.0336107850365945,0.03361078503659454,-1.0,0,0,0,-1.0336107850365945,2.8,B365CH_historico,0.9642857142857144
2024-11-10,Manchester United,Leicester City,0.7517287896987925,0.7246376811594204,0.027091108539372133,1.0373857297843336,0.03738572978433363,0.3799999999999999,0,0,0,0.34261427021566626,1.3538028430275921,synthetic_drift,1.0193507918138371
2024-11-10,Nottingham Forest,Newcastle Utd,0.5266444250705816,0.37037037037037035,0.15627405470021127,1.4219399476905705,0.4219399476905705,-1.0,7,0,7,-1.4219399476905705,2.4288781198811096,synthetic_drift,1.1116243247858653
2024-11-23,Bournemouth,Brighton,0.5358407582640536,0.4166666666666667,0.11917409159738696,1.2860178198337286,0.28601781983372865,-1.0,5,0,5,-1.2860178198337286,2.35,B365CH_historico,1.0212765957446808
2024-11-23,Manchester City,Tottenham,0.8618738999860471,0.6756756756756757,0.18619822431037147,1.2755733719793498,0.27557337197934983,-1.0,8,0,8,-1.2755733719793498,1.3062680113015759,synthetic_drift,1.1329987316502654
2024-11-23,Leicester City,Chelsea,0.26582126460689975,0.15384615384615385,0.1119751107607459,1.7278382199448483,0.7278382199448483,-1.0,4,0,4,-1.7278382199448483,6.018617591807685,synthetic_drift,1.0799822219719615
2024-11-23,Fulham,Wolves,0.6982285113709251,0.6172839506172839,0.0809445607536412,1.1311301884208989,0.13113018842089885,-1.0,3,0,3,-1.1311301884208989,1.53,B365CH_historico,1.0588235294117647
2024-11-23,Arsenal,Nott'ham Forest,0.8676111087399596,0.7246376811594204,0.14297342758053921,1.1973033300611442,0.1973033300611442,0.3799999999999999,6,0,6,0.1826966699388557,1.2521278496866108,synthetic_drift,1.1021238768432422
2024-11-23,Aston Villa,Crystal Palace,0.6767540210728412,0.6172839506172839,0.0594700704555573,1.0963415141380028,0.09634151413800285,-1.0,2,0,2,-1.0963415141380028,1.73,B365CH_historico,0.9364161849710984
2024-11-23,Everton,Brentford,0.5015652546394636,0.4081632653061224,0.09340198933334115,1.2288348738666859,0.22883487386668588,-1.0,3,0,3,-1.2288348738666859,2.3,B365CH_historico,1.065217391304348
2024-11-24,Ipswich Town,Manchester Utd,0.4440705561302228,0.19047619047619047,0.2535943656540323,2.3313704196836698,1.3313704196836698,-1.0,9,0,9,-2.3313704196836698,4.444862750299053,synthetic_drift,1.1811388326100232
2024-11-25,Newcastle United,West Ham,0.8130083768926704,0.6666666666666666,0.14634171022600373,1.2195125653390055,0.21951256533900554,-1.0,6,0,6,-1.2195125653390055,1.3580439472806287,synthetic_drift,1.104529793018574
2024-11-29,Brighton And Hove Albion,Southampton,0.8452059719614551,0.7246376811594204,0.12056829080203468,1.166384241306808,0.16638424130680796,-1.0,5,0,5,-1.166384241306808,1.270577593710673,synthetic_drift,1.086120207715739
2024-11-30,West Ham United,Arsenal,0.23894290336889323,0.14285714285714285,0.09608576051175038,1.6726003235822526,0.6726003235822526,-1.0,4,0,4,-1.6726003235822526,6.5504266257088215,synthetic_drift,1.0686326860798216
2024-11-30,Wolverhampton Wanderers,Bournemouth,0.46073372700473053,0.35714285714285715,0.10359086986187338,1.2900544356132455,0.2900544356132455,-1.0,4,0,4,-1.2900544356132455,2.607092180840463,synthetic_drift,1.0739934784727667
2024-11-30,Brentford,Leicester City,0.6640391490164295,0.6060606060606061,0.05797854295582339,1.0956645958771085,0.09566459587710852,0.6499999999999999,1,1,0,0.5543354041228914,1.5843854569470113,synthetic_drift,1.0414132449684452
2024-11-30,Crystal Palace,Newcastle Utd,0.5034931298145966,0.3448275862068966,0.15866554360770002,1.4601300764623302,0.4601300764623302,-1.0,7,0,7,-1.4601300764623302,2.60479229598076,synthetic_drift,1.113332531148357
2024-12-01,Tottenham Hotspur,Fulham,0.722781622813943,0.5882352941176471,0.1345463286962959,1.228728758783703,0.22872875878370302,-1.0,6,0,6,-1.228728758783703,1.5509469838046375,synthetic_drift,1.0961045204973543
2024-12-01,Manchester United,Everton,0.7341090035438302,0.6535947712418301,0.08051423230200017,1.1231867754220604,0.12318677542206036,0.53,3,1,2,0.40681322457793967,1.446794602352102,synthetic_drift,1.0575101659300001
2024-12-01,Chelsea,Aston Villa,0.6523114620618063,0.5882352941176471,0.06407616794415927,1.1089294855050709,0.10892948550507087,0.7,2,1,1,0.5910705144949291,1.7,B365CH_historico,1.0
2024-12-01,Liverpool,Manchester City,0.5293002032872968,0.47619047619047616,0.0531097270968206,1.1115304269033233,0.11153042690332327,1.1,1,2,-1,0.9884695730966768,2.023247071557252,synthetic_drift,1.0379355193548718
2024-12-03,Ipswich Town,Crystal Palace,0.4867506712336816,0.3333333333333333,0.15341733790034828,1.4602520137010448,0.46025201370104485,-1.0,6,0,6,-1.4602520137010448,2.703716443436162,synthetic_drift,1.109583812785963
2024-12-03,Leicester City,West Ham,0.4616987235172974,0.3448275862068966,0.11687113731040083,1.3389262982001624,0.3389262982001624,1.9,5,3,2,1.5610737017998375,2.6765622340200097,synthetic_drift,1.0834793837931436
2024-12-04,Arsenal,Manchester Utd,0.8319132255272632,0.6944444444444444,0.1374687810828188,1.197955044759259,0.19795504475925907,0.43999999999999995,6,0,6,0.24204495524074088,1.3112461370306057,synthetic_drift,1.0981919864877276
2024-12-04,Aston Villa,Brentford,0.6203386286176069,0.5555555555555556,0.06478307306205133,1.1166095315116924,0.1166095315116924,0.8,2,1,1,0.6833904684883076,1.67,B365CH_historico,1.0778443113772456
2024-12-04,Everton,Wolves,0.5386584656552283,0.47619047619047616,0.06246798946475218,1.1311827778759795,0.13118277787597954,1.1,2,2,0,0.9688172221240205,2.1,B365CH_historico,1.0
2024-12-04,Manchester City,Nott'ham Forest,0.8825028766516422,0.7352941176470588,0.1472087590045834,1.2002039122462334,0.20020391224623335,0.3600000000000001,6,0,6,0.15979608775376675,1.2306031677489746,synthetic_drift,1.1051491135747025
2024-12-04,Newcastle United,Liverpool,0.34197010625178104,0.23809523809523808,0.10387486815654295,1.4362744462574804,0.43627444625748035,-1.0,4,0,4,-1.4362744462574804,3.9098997692592152,synthetic_drift,1.0741963343975307
2024-12-04,Southampton,Chelsea,0.13879728728858334,0.11764705882352941,0.021150228465053933,1.1797769419529585,0.17977694195295846,-1.0,0,0,0,-1.1797769419529585,8.5,B365CH_historico,1.0
2024-12-05,Bournemouth,Tottenham,0.45328203493462843,0.3802281368821293,0.07305389805249912,1.1921317518780727,0.19213175187807274,1.63,2,3,-1,1.4378682481219272,2.1,B365CH_historico,1.2523809523809524
2024-12-05,Fulham,Brighton,0.5180512454470261,0.425531914893617,0.09251933055340905,1.2174204268005113,0.21742042680051132,1.35,3,2,1,1.1325795731994888,2.55,B365CH_historico,0.9215686274509804
2024-12-07,Aston Villa,Southampton,0.858706646530892,0.7352941176470588,0.12341252888383325,1.1678410392820133,0.16784103928201333,0.3600000000000001,5,0,5,0.19215896071798677,1.3,B365CH_historico,1.0461538461538462
2024-12-07,Brentford,Newcastle Utd,0.5108973020675618,0.3472222222222222,0.16367507984533958,1.4713842299545778,0.47138422995457785,1.88,7,3,4,1.408615770045422,2.5785408055481693,synthetic_drift,1.1169107713180997
2024-12-07,Crystal Palace,Manchester City,0.20699617345066598,0.18181818181818182,0.02517799163248416,1.1384789539786628,0.13847895397866283,-1.0,0,0,0,-1.1384789539786628,5.402833923347328,synthetic_drift,1.0179842797374887
2024-12-07,Manchester United,Nott'ham Forest,0.7548284403448028,0.6060606060606061,0.1487678342841967,1.2454669265689244,0.24546692656892444,-1.0,6,0,6,-1.2454669265689244,1.491508248599201,synthetic_drift,1.1062627387744262
2024-12-08,Leicester City,Brighton,0.4086129168799054,0.2222222222222222,0.1863906946576832,1.8387581259595744,0.8387581259595744,-1.0,8,0,8,-1.8387581259595744,3.9712789675430082,synthetic_drift,1.1331362104697738
2024-12-08,Tottenham Hotspur,Chelsea,0.5031345410429644,0.29411764705882354,0.20901689398414086,1.710657439546079,0.710657439546079,-1.0,8,0,8,-1.710657439546079,2.9583281678376934,synthetic_drift,1.1492977814172436
2024-12-08,Fulham,Arsenal,0.235026757043234,0.2,0.03502675704323399,1.17513378521617,0.17513378521617007,-1.0,0,0,0,-1.17513378521617,5.0,B365CH_historico,1.0
2024-12-08,Ipswich Town,Bournemouth,0.41918139107160096,0.2857142857142857,0.13346710535731526,1.4671348687506034,0.4671348687506034,-1.0,5,0,5,-1.4671348687506034,3.1953734011517936,synthetic_drift,1.0953336466837966
2024-12-09,West Ham United,Wolves,0.6539966985232625,0.5263157894736842,0.1276809090495783,1.2425937271941987,0.2425937271941987,0.8999999999999999,5,1,4,0.6574062728058012,1.7412013099351196,synthetic_drift,1.0912006493211273
2024-12-14,Wolverhampton Wanderers,Ipswich Town,0.5495936443232475,0.5263157894736842,0.02327785484956335,1.0442279242141703,0.04422792421417032,-1.0,0,0,0,-1.0442279242141703,1.868925305720544,synthetic_drift,1.0166270391782595
2024-12-14,Newcastle United,Leicester City,0.8089387798496044,0.7692307692307692,0.03970801061883522,1.0516204138044858,0.05162041380448579,0.30000000000000004,1,0,1,0.24837958619551426,1.264145220125366,synthetic_drift,1.0283628647277394
2024-12-14,Nottingham Forest,Aston Villa,0.4259705060028806,0.3802281368821293,0.0457423691207513,1.120302430787576,0.12030243078757596,1.63,1,3,-2,1.509697569212424,2.5467884725819165,synthetic_drift,1.0326731208005366
2024-12-14,Liverpool,Fulham,0.83315744954198,0.7518796992481203,0.08127775029385975,1.1080994078908335,0.1080994078908335,-1.0,3,0,3,-1.1080994078908335,1.29,B365CH_historico,1.0310077519379846
2024-12-14,Arsenal,Everton,0.872855000948389,0.819672131147541,0.053182869800847965,1.0648831011570346,0.06488310115703455,-1.0,1,0,1,-1.0648831011570346,1.22,B365CH_historico,1.0
2024-12-15,Brighton And Hove Albion,Crystal Palace,0.5912117446385842,0.5405405405405405,0.05067120409804371,1.0937417275813808,0.09374172758138077,-1.0,1,0,1,-1.0937417275813808,1.7853804450542845,synthetic_drift,1.0361937172128883
2024-12-15,Manchester City,Manchester Utd,0.8353079796036599,0.6369426751592356,0.19836530444442424,1.311433527977746,0.31143352797774604,-1.0,8,0,8,-1.311433527977746,1.3751549748284875,synthetic_drift,1.1416895031745888
2024-12-16,Bournemouth,West Ham,0.6753710738122433,0.5882352941176471,0.08713577969459618,1.1481308254808136,0.14813082548081358,-1.0,3,0,3,-1.1481308254808136,1.73,B365CH_historico,0.9826589595375722
2024-12-21,Brentford,Nott'ham Forest,0.6115516174135757,0.4347826086956522,0.17676900871792345,1.406568720051224,0.406568720051224,-1.0,7,0,7,-1.406568720051224,2.0421507412922795,synthetic_drift,1.1262635776556595
2024-12-21,Crystal Palace,Arsenal,0.2578290364246388,0.16,0.09782903642463878,1.6114314776539924,0.6114314776539924,-1.0,4,0,4,-1.6114314776539924,7.0,B365CH_historico,0.8928571428571429
2024-12-21,Ipswich Town,Newcastle Utd,0.4473545004863829,0.21052631578947367,0.23682818469690925,2.124933877310319,1.124933877310319,-1.0,9,0,9,-2.124933877310319,4.062735516270071,synthetic_drift,1.1691629890692208
2024-12-21,West Ham United,Brighton,0.5469263163824221,0.3472222222222222,0.19970409416019985,1.5751477911813754,0.5751477911813754,-1.0,8,0,8,-1.5751477911813754,2.5204661379057653,synthetic_drift,1.142645781543
2024-12-22,Tottenham Hotspur,Liverpool,0.3437788665279504,0.2222222222222222,0.12155664430572821,1.5470048993757768,0.5470048993757768,-1.0,5,0,5,-1.5470048993757768,4.1404965260919555,synthetic_drift,1.0868261745040915
2024-12-22,Manchester United,Bournemouth,0.6390024221680115,0.5555555555555556,0.08344686661245593,1.1502043599024208,0.15020435990242076,-1.0,3,0,3,-1.1502043599024208,1.6987463836534828,synthetic_drift,1.0596049047231828
2024-12-22,Leicester City,Wolves,0.5350357075776545,0.3921568627450981,0.14287884483255642,1.364341054323019,0.364341054323019,-1.0,6,0,6,-1.364341054323019,2.3138563419653604,synthetic_drift,1.1020563177375402
2024-12-22,Fulham,Southampton,0.8520919162473339,0.7042253521126761,0.14786656413465782,1.2099705210712142,0.20997052107121417,-1.0,6,0,6,-1.2099705210712142,1.57,B365CH_historico,0.9044585987261146
2024-12-22,Everton,Chelsea,0.28315705560870336,0.2,0.08315705560870335,1.4157852780435167,0.4157852780435167,-1.0,3,0,3,-1.4157852780435167,4.5,B365CH_historico,1.1111111111111112
2024-12-26,Bournemouth,Crystal Palace,0.6129456962330138,0.5263157894736842,0.08662990675932958,1.1645968228427261,0.16459682284272614,-1.0,3,0,3,-1.1645968228427261,2.1,B365CH_historico,0.9047619047619047
2024-12-26,Chelsea,Fulham,0.7324603441960876,0.6756756756756757,0.056784668520411974,1.0840413094102097,0.08404130941020971,-1.0,1,0,1,-1.0840413094102097,1.45,B365CH_historico,1.0206896551724138
2024-12-26,Manchester City,Everton,0.8382305598358623,0.7518796992481203,0.086350860587742,1.114846644581697,0.11484664458169691,-1.0,3,0,3,-1.114846644581697,1.2527324801788162,synthetic_drift,1.0616791861341015
2024-12-26,Newcastle United,Aston Villa,0.6500428699924082,0.5235602094240838,0.12648266056832447,1.2415818816854998,0.24158188168549977,0.9099999999999999,5,1,4,0.6684181183145002,1.751739517961143,synthetic_drift,1.0903447575488032
2024-12-26,Southampton,West Ham,0.32808011089230765,0.3076923076923077,0.020387803199999943,1.0662603603999998,0.06626036039999983,-1.0,0,0,0,-1.0662603603999998,3.1,B365CH_historico,1.0483870967741935
2024-12-26,Wolverhampton Wanderers,Manchester Utd,0.37244317474074423,0.25641025641025644,0.11603291833048779,1.4525283814889025,0.4525283814889025,2.9,5,3,2,2.4474716185110976,3.601504910600989,synthetic_drift,1.0828806559503483
2024-12-27,Arsenal,Ipswich Town,0.9035735977108449,0.8771929824561404,0.026380615254704476,1.030073901390363,0.030073901390363034,0.1399999999999999,0,0,0,0.10992609860963687,1.1189159351517175,synthetic_drift,1.0188432966105032
2024-12-29,West Ham United,Liverpool,0.20703204910060236,0.14285714285714285,0.0641749062434595,1.4492243437042165,0.4492243437042165,-1.0,2,0,2,-1.4492243437042165,6.693189425806536,synthetic_drift,1.0458392187453283
2024-12-29,Tottenham Hotspur,Wolves,0.7500467587578659,0.625,0.12504675875786586,1.2000748140125854,0.20007481401258542,-1.0,5,0,5,-1.2000748140125854,1.468807423206129,synthetic_drift,1.0893191133984756
2024-12-29,Leicester City,Manchester City,0.15397519718528296,0.13333333333333333,0.020641863851949632,1.1548139788896221,0.15481397888962212,-1.0,0,0,0,-1.1548139788896221,7.3910253295859825,synthetic_drift,1.0147441884656783
2024-12-29,Everton,Nott'ham Forest,0.565719149320269,0.3846153846153846,0.18110376470488443,1.4708697882326995,0.47086978823269954,-1.0,7,0,7,-1.4708697882326995,2.3021891929271394,synthetic_drift,1.1293598319320604
2024-12-29,Crystal Palace,Southampton,0.8299150576042782,0.6369426751592356,0.19297238244504256,1.3029666404387168,0.3029666404387168,0.5700000000000001,8,1,7,0.26703335956128327,1.5,B365CH_historico,1.0466666666666666
2024-12-29,Fulham,Bournemouth,0.5483820258268707,0.4347826086956522,0.11359941713121846,1.2612786594018024,0.2612786594018024,-1.0,4,0,4,-1.2612786594018024,2.25,B365CH_historico,1.0222222222222221
2024-12-30,Aston Villa,Brighton,0.6099105304172319,0.5263157894736842,0.08359474094354769,1.1588300077927405,0.15883000779274048,-1.0,3,0,3,-1.1588300077927405,1.85,B365CH_historico,1.027027027027027
2024-12-30,Ipswich Town,Chelsea,0.23448224407395,0.15384615384615385,0.08063609022779614,1.524134586480675,0.524134586480675,5.5,3,3,0,4.975865413519325,6.146007151966669,synthetic_drift,1.0575972073055686
2024-12-30,Manchester United,Newcastle Utd,0.601340130729661,0.36363636363636365,0.23770376709329732,1.6536853595065677,0.6536853595065677,-1.0,9,0,9,-1.6536853595065677,2.3508525029732508,synthetic_drift,1.169788405066641
2025-01-01,Brentford,Arsenal,0.20287217341796687,0.15384615384615385,0.04902601957181302,1.3186691272167848,0.31866912721678475,-1.0,1,0,1,-1.3186691272167848,5.5,B365CH_historico,1.1818181818181819
2025-01-04,Tottenham Hotspur,Newcastle Utd,0.6123089138732472,0.3472222222222222,0.26508669165102494,1.7634496719549517,0.7634496719549517,-1.0,9,0,9,-1.7634496719549517,2.4214955414736097,synthetic_drift,1.1893476368935891
2025-01-04,Manchester City,West Ham,0.8526381533436328,0.7692307692307692,0.08340738411286364,1.1084295993467226,0.10842959934672258,0.30000000000000004,3,0,3,0.19157040065327746,1.2269050427360735,synthetic_drift,1.0595767029377599
2025-01-04,Crystal Palace,Chelsea,0.4031493572000839,0.2631578947368421,0.1399914624632418,1.5319675573603186,0.5319675573603186,-1.0,6,0,6,-1.5319675573603186,3.6,B365CH_historico,1.0555555555555556
2025-01-04,Bournemouth,Everton,0.6647098289121112,0.5780346820809249,0.08667514683118627,1.1499480040179524,0.14994800401795239,0.73,3,1,2,0.5800519959820476,1.67,B365CH_historico,1.035928143712575
2025-01-04,Aston Villa,Leicester City,0.7724325009620205,0.7518796992481203,0.02055280171390028,1.0273352262794875,0.02733522627948748,0.33000000000000007,0,0,0,0.3026647737205126,1.3107573317609122,synthetic_drift,1.0146805726527859
2025-01-05,Fulham,Ipswich Town,0.7032116805867417,0.6451612903225806,0.058050390264161034,1.0899781049094497,0.08997810490944969,-1.0,1,0,1,-1.0899781049094497,1.4882887549632988,synthetic_drift,1.0414645644744007
2025-01-05,Liverpool,Manchester Utd,0.8603040105830969,0.7751937984496123,0.08511021213348458,1.109792173652195,0.10979217365219496,-1.0,3,0,3,-1.109792173652195,1.2160713630845825,synthetic_drift,1.0607930086667747
2025-01-06,Wolverhampton Wanderers,Nott'ham Forest,0.44554533817171343,0.30303030303030304,0.1425150351414104,1.4702996159666541,0.47029961596665415,-1.0,6,0,6,-1.4702996159666541,2.9951085692830604,synthetic_drift,1.101796453672436
2025-01-14,Brentford,Manchester City,0.24442004914869384,0.21052631578947367,0.03389373335922016,1.1609952334562956,0.16099523345629563,-1.0,0,0,0,-1.1609952334562956,4.637721642329012,synthetic_drift,1.0242098095423
2025-01-14,Nottingham Forest,Liverpool,0.20070932039578696,0.19047619047619047,0.01023312991959649,1.0537239320778815,0.05372393207788151,-1.0,0,0,0,-1.0537239320778815,5.211904219282563,synthetic_drift,1.0073093785139975
2025-01-14,West Ham United,Fulham,0.4944514349179691,0.3333333333333333,0.1611181015846358,1.4833543047539073,0.4833543047539073,2.0,7,3,4,1.5166456952460927,2.690379411869434,synthetic_drift,1.1150843582747398
2025-01-15,Everton,Aston Villa,0.42408255979817266,0.3076923076923077,0.11639025210586496,1.3782683193440612,0.37826831934406124,-1.0,5,0,5,-1.3782683193440612,3.4,B365CH_historico,0.9558823529411765
2025-01-15,Leicester City,Crystal Palace,0.3453883764092943,0.25641025641025644,0.08897811999903787,1.3470146679962478,0.3470146679962478,-1.0,3,0,3,-1.3470146679962478,3.6669444142023577,synthetic_drift,1.0635557999993128
2025-01-15,Arsenal,Tottenham,0.7881803273547338,0.7142857142857143,0.07389461306901945,1.1034524582966272,0.10345245829662719,0.3999999999999999,2,0,2,0.2965475417033727,1.36,B365CH_historico,1.0294117647058822
2025-01-15,Newcastle United,Wolves,0.7991142141047646,0.7352941176470588,0.06382009645770581,1.0867953311824798,0.08679533118247984,0.3600000000000001,2,0,2,0.27320466881752026,1.3007062852924922,synthetic_drift,1.0455857831840756
2025-01-16,Manchester United,Southampton,0.8626791539349701,0.7751937984496123,0.08748535548535774,1.1128561085761115,0.1128561085761115,0.29000000000000004,3,0,3,0.17714389142388853,1.214129600227703,synthetic_drift,1.0624895396323983
2025-01-16,Ipswich Town,Brighton,0.44070755474318696,0.25641025641025644,0.18429729833293051,1.7187594634984291,0.7187594634984291,-1.0,8,0,8,-1.7187594634984291,3.4463228623474014,synthetic_drift,1.1316409273806647
2025-01-18,Arsenal,Aston Villa,0.7972414167940033,0.6666666666666666,0.13057475012733666,1.1958621251910049,0.19586212519100488,-1.0,5,0,5,-1.1958621251910049,1.53,B365CH_historico,0.9803921568627451
2025-01-18,Brentford,Liverpool,0.21023286260608484,0.15384615384615385,0.05638670875993099,1.3665136069395514,0.3665136069395514,-1.0,1,0,1,-1.3665136069395514,5.75,B365CH_historico,1.1304347826086956
2025-01-18,Leicester City,Fulham,0.324135856897583,0.23094688221709006,0.09318897468049295,1.4035082603665345,0.40350826036653453,-1.0,3,0,3,-1.4035082603665345,4.059767452607346,synthetic_drift,1.0665635533432092
2025-01-18,Newcastle United,Bournemouth,0.6871871370194247,0.6172839506172839,0.06990318640214077,1.113243161971468,0.113243161971468,-1.0,2,0,2,-1.113243161971468,1.5429587614891485,synthetic_drift,1.0499308474301006
2025-01-18,West Ham United,Crystal Palace,0.5157878680715817,0.3846153846153846,0.13117248345619714,1.3410484569861125,0.3410484569861125,-1.0,5,0,5,-1.3410484569861125,2.377263201454424,synthetic_drift,1.0936946310401408
2025-01-19,Nottingham Forest,Southampton,0.8431667318237229,0.7246376811594204,0.11852905066430253,1.1635700899167376,0.1635700899167376,0.3799999999999999,5,0,5,0.2164299100832623,1.272283858616217,synthetic_drift,1.084663607617359
2025-01-19,Everton,Tottenham,0.3983553868337203,0.35714285714285715,0.04121252969086314,1.1153950831344168,0.11539508313441682,1.7999999999999998,1,3,-2,1.684604916865583,2.5,B365CH_historico,1.1199999999999999
2025-01-19,Ipswich Town,Manchester City,0.18478283637905313,0.13333333333333333,0.0514495030457198,1.3858712728428983,0.38587127284289835,-1.0,1,0,1,-1.3858712728428983,7.2341476420411555,synthetic_drift,1.036749645032657
2025-01-19,Manchester United,Brighton,0.57243408191222,0.47619047619047616,0.09624360572174384,1.202111572015662,0.2021115720156621,-1.0,4,0,4,-1.202111572015662,1.9649206778610295,synthetic_drift,1.0687454326583885
2025-01-20,Chelsea,Wolves,0.7741833335814758,0.7352941176470588,0.038889215934417076,1.0528893336708072,0.05288933367080717,0.3600000000000001,1,0,1,0.3071106663291929,1.45,B365CH_historico,0.9379310344827587
2025-01-25,Bournemouth,Nott'ham Forest,0.6535667656625235,0.48780487804878053,0.16576188761374294,1.3398118696081731,0.3398118696081731,1.0499999999999998,7,2,5,0.7101881303918267,1.8329734697872522,synthetic_drift,1.1184013482955306
2025-01-25,Brighton And Hove Albion,Everton,0.6230501503440874,0.5988023952095809,0.0242477551345065,1.040493751074626,0.04049375107462594,-1.0,0,0,0,-1.040493751074626,1.6415683237494016,synthetic_drift,1.017319825096076
2025-01-25,Manchester City,Chelsea,0.6957887650067439,0.48780487804878053,0.20798388695796338,1.426366968263825,0.4263669682638249,1.0499999999999998,8,2,6,0.6236330317361749,1.7848437557602395,synthetic_drift,1.1485599192556881
2025-01-25,Southampton,Newcastle Utd,0.17457023992900428,0.15384615384615385,0.020724086082850424,1.1347065595385277,0.13470655953852773,-1.0,0,0,0,-1.1347065595385277,6.405184573937975,synthetic_drift,1.0148029186306073
2025-01-26,Aston Villa,West Ham,0.7185949955284957,0.6535947712418301,0.06500022428666563,1.0994503431585985,0.09945034315859846,-1.0,2,0,2,-1.0994503431585985,1.45,B365CH_historico,1.0551724137931036
2025-01-26,Crystal Palace,Brentford,0.6331563421912701,0.48780487804878053,0.14535146414248962,1.2979705014921037,0.2979705014921037,-1.0,6,0,6,-1.2979705014921037,1.95,B365CH_historico,1.0512820512820513
2025-01-26,Fulham,Manchester Utd,0.5760426244735354,0.4347826086956522,0.14126001577788316,1.3248980362891312,0.32489803628913116,-1.0,6,0,6,-1.3248980362891312,2.089199724275496,synthetic_drift,1.1009000112699165
2025-01-26,Tottenham Hotspur,Leicester City,0.8205591093968987,0.6896551724137931,0.13090393698310554,1.189810708625503,0.18981070862550298,-1.0,5,0,5,-1.189810708625503,1.3260139653180618,synthetic_drift,1.0935028121307897
2025-02-01,Wolverhampton Wanderers,Aston Villa,0.3269319988524659,0.30303030303030304,0.02390169582216284,1.0788755962131373,0.07887559621313733,2.3,0,3,-3,2.2211244037868623,3.2446060100605507,synthetic_drift,1.0170726398729735
2025-02-01,Nottingham Forest,Brighton,0.49830455732729495,0.42016806722689076,0.07813649010040419,1.1859648464389618,0.18596484643896183,1.38,3,2,1,1.194035153561038,2.2541896653763485,synthetic_drift,1.0558117786431458
2025-02-01,Newcastle United,Fulham,0.6973636803678868,0.5882352941176471,0.10912838625023968,1.1855182566254074,0.18551825662540744,-1.0,4,0,4,-1.1855182566254074,1.5770692683832102,synthetic_drift,1.0779488473215997
2025-02-01,Everton,Leicester City,0.7057302365061408,0.5714285714285714,0.13430166507756935,1.2350279138857463,0.2350279138857463,0.75,6,1,5,0.5149720861142537,1.5968176635434568,synthetic_drift,1.0959297607696925
2025-02-01,Bournemouth,Liverpool,0.31931533809413715,0.2222222222222222,0.09709311587191494,1.4369190214236172,0.43691902142361716,-1.0,4,0,4,-1.4369190214236172,4.33,B365CH_historico,1.0392609699769053
2025-02-01,Ipswich Town,Southampton,0.7613061912537279,0.5128205128205129,0.248485678433215,1.4845470729447694,0.4845470729447694,-1.0,9,0,9,-1.4845470729447694,1.656065342705736,synthetic_drift,1.1774897703094394
2025-02-02,Arsenal,Manchester City,0.5788406060630831,0.5128205128205129,0.06602009324257019,1.128739181823012,0.12873918182301192,0.95,2,1,1,0.821260818176988,1.862184572083003,synthetic_drift,1.0471572094589787
2025-02-02,Brentford,Tottenham,0.49022519405211723,0.47619047619047616,0.014034717861641066,1.0294729075094462,0.0294729075094462,-1.0,0,0,0,-1.0294729075094462,1.91,B365CH_historico,1.099476439790576
2025-02-02,Manchester United,Crystal Palace,0.5394989774840404,0.5,0.03949897748404041,1.0789979549680808,0.07899795496808082,-1.0,1,0,1,-1.0789979549680808,1.9451212149478885,synthetic_drift,1.0282135553457432
2025-02-03,Chelsea,West Ham,0.7581744397206024,0.7352941176470588,0.022880322073543624,1.0311172380200193,0.03111723802001931,0.3600000000000001,0,0,0,0.3288827619799808,1.27,B365CH_historico,1.0708661417322836
2025-02-12,Everton,Liverpool,0.18526231612628538,0.13333333333333333,0.05192898279295205,1.3894673709471403,0.38946737094714035,-1.0,1,0,1,-1.3894673709471403,7.0,B365CH_historico,1.0714285714285714
2025-02-14,Brighton And Hove Albion,Chelsea,0.3884576380932398,0.37037037037037035,0.01808726772286945,1.0488356228517475,0.04883562285174747,1.7000000000000002,0,3,-3,1.6511643771482527,2.6655623289459704,synthetic_drift,1.0129194769449068
2025-02-15,Fulham,Nott'ham Forest,0.6101042986786689,0.45454545454545453,0.15555884413321436,1.3422294570930717,0.34222945709307173,1.2000000000000002,7,2,5,0.8577705429069284,1.9799958141192866,synthetic_drift,1.111113460095153
2025-02-15,West Ham United,Brentford,0.5517551410337626,0.425531914893617,0.12622322614014553,1.296624581429342,0.296624581429342,-1.0,5,0,5,-1.296624581429342,2.155647970526885,synthetic_drift,1.0901594472429612
2025-02-15,Manchester City,Newcastle Utd,0.7522839220222207,0.5128205128205129,0.23946340920170783,1.4669536479433303,0.4669536479433303,0.95,9,1,8,0.4830463520566697,1.6651789754364201,synthetic_drift,1.171045292286934
2025-02-15,Aston Villa,Ipswich Town,0.7488079366699631,0.7142857142857143,0.034522222384248846,1.0483311113379483,0.04833111133794832,-1.0,0,0,0,-1.0483311113379483,1.3663085656089595,synthetic_drift,1.0246587302744634
2025-02-15,Crystal Palace,Everton,0.625386397077115,0.5555555555555556,0.06983084152155938,1.125695514738807,0.12569551473880702,-1.0,2,0,2,-1.125695514738807,1.95,B365CH_historico,0.9230769230769231
2025-02-16,Liverpool,Wolves,0.9014477794204184,0.8695652173913044,0.03188256202911399,1.0366649463334812,0.03666494633348116,0.1499999999999999,0,0,0,0.11333505366651875,1.22,B365CH_historico,0.9426229508196721
2025-02-16,Tottenham Hotspur,Manchester Utd,0.5882478165898026,0.4081632653061224,0.18008455128368023,1.4412071506450166,0.4412071506450166,1.4500000000000002,7,2,5,1.0087928493549836,2.1707699105173996,synthetic_drift,1.1286318223454859
2025-02-21,Leicester City,Brentford,0.3410585735643482,0.2777777777777778,0.06328079578657042,1.2278108648316537,0.2278108648316537,-1.0,2,0,2,-1.2278108648316537,3.444315004004958,synthetic_drift,1.045200568418979
2025-02-22,Fulham,Crystal Palace,0.5643247792929411,0.48780487804878053,0.07651990124416058,1.1568657975505292,0.1568657975505292,-1.0,2,0,2,-1.1568657975505292,2.1,B365CH_historico,0.976190476190476
2025-02-22,Everton,Manchester Utd,0.5426290897593679,0.4,0.14262908975936783,1.3565727243984196,0.3565727243984196,-1.0,6,0,6,-1.3565727243984196,2.268853882786535,synthetic_drift,1.1018779212566914
2025-02-22,Ipswich Town,Tottenham,0.3217017668539525,0.24390243902439027,0.07779932782956225,1.3189772441012053,0.3189772441012053,-1.0,3,0,3,-1.3189772441012053,3.884153884702542,synthetic_drift,1.0555709484496874
2025-02-22,Aston Villa,Chelsea,0.48335945098501376,0.3802281368821293,0.10313131410288445,1.2712353560905862,0.27123535609058624,1.63,4,3,1,1.3587646439094136,2.6,B365CH_historico,1.0115384615384615
2025-02-22,Arsenal,West Ham,0.8934581580022362,0.7874015748031495,0.10605658319908662,1.13469186066284,0.13469186066284,-1.0,4,0,4,-1.13469186066284,1.27,B365CH_historico,1.0
2025-02-22,Bournemouth,Wolves,0.7700394022154031,0.6535947712418301,0.11644463097357305,1.1781602853895667,0.17816028538956674,-1.0,5,0,5,-1.1781602853895667,1.62,B365CH_historico,0.9444444444444444
2025-02-22,Southampton,Brighton,0.21513042120304401,0.16666666666666666,0.04846375453637736,1.290782527218264,0.29078252721826403,-1.0,1,0,1,-1.290782527218264,5.25,B365CH_historico,1.1428571428571428
2025-02-23,Newcastle United,Nott'ham Forest,0.7190833478337808,0.5555555555555556,0.16352779227822523,1.2943500261008054,0.2943500261008054,0.8,7,1,6,0.5056499738991946,1.6117398184064855,synthetic_drift,1.116805565913018
2025-02-23,Manchester City,Liverpool,0.49411738178595666,0.3472222222222222,0.14689515956373445,1.4230580595435551,0.42305805954355513,-1.0,6,0,6,-1.4230580595435551,2.606511485327248,synthetic_drift,1.104925113974096
2025-02-25,Wolverhampton Wanderers,Fulham,0.4062056603780119,0.3802281368821293,0.025977523495882615,1.0683208867941714,0.06832088679417136,-1.0,0,0,0,-1.0683208867941714,2.5820883845162736,synthetic_drift,1.0185553739256303
2025-02-25,Chelsea,Southampton,0.8971100022975625,0.8547008547008548,0.042409147596707775,1.049618702688148,0.04961870268814805,0.16999999999999993,1,0,1,0.12038129731185188,1.17,B365CH_historico,1.0
2025-02-25,Crystal Palace,Aston Villa,0.5619098950935925,0.4081632653061224,0.15374662978747006,1.3766792429793016,0.37667924297930155,1.4500000000000002,6,2,4,1.0733207570206986,2.2,B365CH_historico,1.1136363636363635
2025-02-26,Brentford,Everton,0.5592536257366462,0.5,0.059253625736646165,1.1185072514732923,0.11850725147329233,-1.0,2,0,2,-1.1185072514732923,1.95,B365CH_historico,1.0256410256410258
2025-02-26,Liverpool,Newcastle Utd,0.8304519159651838,0.6666666666666666,0.16378524929851712,1.2456778739477756,0.24567787394777563,0.5,7,0,7,0.2543221260522244,1.3428953885720678,synthetic_drift,1.1169894637846551
2025-02-26,Manchester United,Ipswich Town,0.7145878285440698,0.6535947712418301,0.060993057302239695,1.0933193776724268,0.09331937767242682,0.53,2,1,1,0.4366806223275732,1.466126063566145,synthetic_drift,1.0435664695015998
2025-02-26,Tottenham Hotspur,Manchester City,0.3458653491891168,0.3076923076923077,0.03817304149680911,1.1240623848646296,0.12406238486462962,-1.0,1,0,1,-1.1240623848646296,3.1637361212559587,synthetic_drift,1.0272664582120066
2025-02-27,West Ham United,Leicester City,0.7408480959512321,0.6172839506172839,0.12356414533394822,1.200173915440996,0.20017391544099605,0.6200000000000001,5,1,4,0.41982608455900405,1.488614711068092,synthetic_drift,1.088260103809963
2025-03-08,Wolverhampton Wanderers,Everton,0.41051793921806096,0.3846153846153846,0.025902554602676375,1.0673466419669586,0.06734664196695861,-1.0,0,0,0,-1.0673466419669586,2.5527691133243504,synthetic_drift,1.0185018247161974
2025-03-08,Liverpool,Southampton,0.9683217228022852,0.9090909090909091,0.05923081371137617,1.065153895082514,0.0651538950825139,0.10000000000000009,2,0,2,0.03484610491748619,1.1,B365CH_historico,1.0
2025-03-08,Nottingham Forest,Manchester City,0.3160921894220279,0.25,0.06609218942202788,1.2643687576881115,0.2643687576881115,3.0,2,3,-1,2.7356312423118885,3.819677944132331,synthetic_drift,1.04720870673002
2025-03-08,Brighton And Hove Albion,Fulham,0.5579097731773514,0.5128205128205129,0.04508926035683847,1.0879240576958351,0.08792405769583511,0.95,1,1,0,0.8620759423041648,1.8891566596556648,synthetic_drift,1.0322066145405988
2025-03-08,Brentford,Aston Villa,0.5263091518387114,0.45454545454545453,0.07176369729325688,1.1578801340451652,0.1578801340451652,-1.0,2,0,2,-1.1578801340451652,2.15,B365CH_historico,1.0232558139534884
2025-03-08,Crystal Palace,Ipswich Town,0.7956527373677783,0.6896551724137931,0.10599756495398516,1.1536964691832785,0.1536964691832785,0.44999999999999996,4,0,4,0.29630353081672145,1.3479437465504969,synthetic_drift,1.0757125463957036
2025-03-09,Manchester United,Arsenal,0.23719963527909685,0.17391304347826086,0.06328659180083598,1.3638979028548068,0.36389790285480683,-1.0,2,0,2,-1.3638979028548068,5.501314674176735,synthetic_drift,1.0452047084291685
2025-03-09,Tottenham Hotspur,Bournemouth,0.5300469584300534,0.37037037037037035,0.1596765880596831,1.4311267877611444,0.43112678776114444,-1.0,7,0,7,-1.4311267877611444,2.42357936827308,synthetic_drift,1.1140547057569166
2025-03-10,West Ham United,Newcastle Utd,0.46508729559412537,0.3076923076923077,0.15739498790181766,1.5115337106809075,0.5115337106809075,-1.0,7,0,7,-1.5115337106809075,2.9215452954102124,synthetic_drift,1.1124249913584412
2025-03-15,Bournemouth,Brentford,0.6538249236692723,0.5780346820809249,0.07579024158834735,1.131117117947841,0.13111711794784098,-1.0,2,0,2,-1.131117117947841,1.73,B365CH_historico,1.0
2025-03-15,Everton,West Ham,0.6193490948184377,0.48780487804878053,0.13154421676965716,1.2696656443777972,0.26966564437779716,-1.0,5,0,5,-1.2696656443777972,2.05,B365CH_historico,1.0
2025-03-15,Ipswich Town,Nott'ham Forest,0.39873165766607105,0.26666666666666666,0.13206499099940439,1.4952437162477665,0.49524371624776653,-1.0,5,0,5,-1.4952437162477665,3.426747579797704,synthetic_drift,1.094332136428146
2025-03-15,Manchester City,Brighton,0.7769732768250661,0.5988023952095809,0.17817088161548522,1.2975453722978603,0.29754537229786027,-1.0,7,0,7,-1.2975453722978603,1.481461879214702,synthetic_drift,1.1272649154396324
2025-03-16,Leicester City,Manchester Utd,0.2757539155145618,0.2222222222222222,0.05353169329233959,1.2408926198155281,0.24089261981552812,-1.0,1,0,1,-1.2408926198155281,4.334270817122748,synthetic_drift,1.0382369237802425
2025-03-16,Arsenal,Chelsea,0.7531112958244833,0.5555555555555556,0.19755574026892775,1.35560033248407,0.35560033248406997,0.8,8,1,7,0.4443996675159301,1.7,B365CH_historico,1.0588235294117647
2025-04-01,Wolverhampton Wanderers,West Ham,0.4784513849317079,0.4,0.07845138493170789,1.1961284623292698,0.19612846232926984,1.5,3,2,1,1.3038715376707302,2.367341960426836,synthetic_drift,1.0560367035226486
2025-04-01,Arsenal,Fulham,0.8039425566246543,0.6756756756756757,0.12826688094897865,1.1898349838044884,0.18983498380448838,0.48,5,0,5,0.2901650161955116,1.5,B365CH_historico,0.9866666666666667
2025-04-01,Nottingham Forest,Manchester Utd,0.5918450193631828,0.4347826086956522,0.15706241066753057,1.3612435445353204,0.36124354453532037,1.2999999999999998,7,2,5,0.9387564554646795,2.067996746912379,synthetic_drift,1.1121874361910933
2025-04-02,Bournemouth,Ipswich Town,0.7986036247446027,0.7352941176470588,0.0633095070975439,1.0861009296526598,0.08610092965265981,-1.0,2,0,2,-1.0861009296526598,1.30116013786896,synthetic_drift,1.0452210764982457
2025-04-02,Brighton And Hove Albion,Aston Villa,0.5562708944198792,0.48780487804878053,0.06846601637109867,1.1403553335607524,0.14035533356075236,-1.0,2,0,2,-1.1403553335607524,1.9544204414702075,synthetic_drift,1.0489042974079277
2025-04-02,Liverpool,Everton,0.8665721215045814,0.7352941176470588,0.13127800385752264,1.1785380852462308,0.17853808524623083,0.3600000000000001,5,0,5,0.18146191475376927,1.48,B365CH_historico,0.918918918918919
2025-04-02,Manchester City,Leicester City,0.9221640358668637,0.8333333333333334,0.08883070253353031,1.1065968430402364,0.10659684304023642,0.19999999999999996,3,0,3,0.09340315695976353,1.1284023073551335,synthetic_drift,1.0634505018096645
2025-04-02,Newcastle United,Brentford,0.6935638366812757,0.5780346820809249,0.11552915460035085,1.199865437458607,0.19986543745860708,0.73,5,1,4,0.5301345625413929,1.5981216808981071,synthetic_drift,1.0825208247145364
2025-04-05,Ipswich Town,Wolves,0.44841466197974716,0.37037037037037035,0.07804429160937681,1.2107195873453174,0.21071958734531737,-1.0,3,0,3,-1.2107195873453174,2.557433509576446,synthetic_drift,1.0557459225781263
2025-04-05,Aston Villa,Nott'ham Forest,0.6535067957275689,0.5128205128205129,0.14068628290705598,1.2743382516687594,0.27433825166875936,0.95,6,1,5,0.6756617483312406,1.7719376295405693,synthetic_drift,1.1004902020764686
2025-04-05,Crystal Palace,Brighton,0.601835279195359,0.425531914893617,0.17630336430174193,1.4143129061090935,0.41431290610909355,1.35,7,2,5,0.9356870938909065,2.5,B365CH_historico,0.9400000000000001
2025-04-05,Everton,Arsenal,0.23041586449985407,0.19047619047619047,0.03993967402366361,1.209683288624234,0.2096832886242339,-1.0,1,0,1,-1.209683288624234,3.9,B365CH_historico,1.3461538461538463
2025-04-05,West Ham United,Bournemouth,0.451955259803527,0.3333333333333333,0.1186219264701937,1.355865779410581,0.35586577941058106,-1.0,5,0,5,-1.355865779410581,2.7656653224823793,synthetic_drift,1.0847299474787098
2025-04-06,Brentford,Chelsea,0.4372854760296853,0.3125,0.12478547602968532,1.3993135232949931,0.39931352329499314,-1.0,5,0,5,-1.3993135232949931,2.9,B365CH_historico,1.103448275862069
2025-04-06,Manchester United,Manchester City,0.30536413077124336,0.29411764705882354,0.01124648371241982,1.0382380446222275,0.03823804462222746,-1.0,0,0,0,-1.0382380446222275,3.372904772438023,synthetic_drift,1.0080332026517285
2025-04-06,Tottenham Hotspur,Southampton,0.8834075468951706,0.7246376811594204,0.15876986573575025,1.2191024147153353,0.21910241471533531,0.3799999999999999,7,0,7,0.16089758528466458,1.2394388950341186,synthetic_drift,1.1134070469541073
2025-04-07,Leicester City,Newcastle Utd,0.22743486710870614,0.15384615384615385,0.07358871326255229,1.4783266362065899,0.4783266362065899,-1.0,2,0,2,-1.4783266362065899,6.175400176520377,synthetic_drift,1.0525633666161087
2025-04-12,Manchester City,Crystal Palace,0.7095864576612338,0.6666666666666666,0.04291979099456722,1.0643796864918507,0.06437968649185066,0.5,1,0,1,0.43562031350814934,1.4553823525786727,synthetic_drift,1.030656993567548
2025-04-12,Nottingham Forest,Everton,0.6336403039613661,0.47619047619047616,0.1574498277708899,1.3306446383188688,0.3306446383188688,-1.0,7,0,7,-1.3306446383188688,1.8877012585425588,synthetic_drift,1.1124641626934928
2025-04-12,Arsenal,Brentford,0.8270089981567406,0.625,0.20200899815674056,1.323214397050785,0.32321439705078503,-1.0,8,0,8,-1.323214397050785,1.6,B365CH_historico,1.0
2025-04-12,Brighton And Hove Albion,Leicester City,0.8228460484441366,0.7751937984496123,0.04765224999452422,1.0614714024929361,0.061471402492936145,-1.0,1,0,1,-1.0614714024929361,1.2475371761462957,synthetic_drift,1.03403732142466
2025-04-13,Newcastle United,Manchester Utd,0.6884001637179834,0.6060606060606061,0.08233955765737733,1.1358602701346725,0.1358602701346725,0.6499999999999999,3,1,2,0.5141397298653274,1.5583474029733242,synthetic_drift,1.0588139697552694
2025-04-13,Liverpool,West Ham,0.888903221387804,0.7692307692307692,0.11967245215703481,1.1555741878041452,0.15557418780414523,0.30000000000000004,5,0,5,0.14442581219585482,1.25,B365CH_historico,1.04
2025-04-13,Chelsea,Ipswich Town,0.8182507330686974,0.7874015748031495,0.030849158265547905,1.0391784309972458,0.03917843099724583,-1.0,0,0,0,-1.0391784309972458,1.242618755253882,synthetic_drift,1.02203511304682
2025-04-14,Bournemouth,Fulham,0.5381132477759529,0.46511627906976744,0.0729969687061855,1.1569434827182987,0.15694348271829872,1.15,2,2,0,0.9930565172817012,2.2,B365CH_historico,0.9772727272727272
2025-04-16,Newcastle United,Crystal Palace,0.656738560130435,0.5988023952095809,0.05793616492085407,1.0967533954178263,0.09675339541782635,0.6699999999999999,1,1,0,0.5732466045821736,1.6036367409316041,synthetic_drift,1.041382974943467
2025-04-19,Aston Villa,Newcastle Utd,0.580203680001492,0.4347826086956522,0.1454210713058398,1.3344684640034317,0.33446846400343166,1.2999999999999998,6,2,4,0.9655315359965682,2.0835745414543783,synthetic_drift,1.1038721937898859
2025-04-19,Brentford,Brighton,0.5473256867853662,0.4166666666666667,0.1306590201186995,1.3135816482848788,0.3135816482848788,1.4,5,2,3,1.0864183517151211,2.6,B365CH_historico,0.923076923076923
2025-04-19,Crystal Palace,Bournemouth,0.5465654826290512,0.4081632653061224,0.13840221732292884,1.3390854324411756,0.3390854324411756,-1.0,6,0,6,-1.3390854324411756,2.5,B365CH_historico,0.9800000000000001
2025-04-19,Everton,Manchester City,0.3077406872343443,0.27027027027027023,0.03747041696407405,1.1386405427670738,0.13864054276707383,-1.0,0,0,0,-1.1386405427670738,3.603552420188318,synthetic_drift,1.0267645835457673
2025-04-19,West Ham United,Southampton,0.8340589133300902,0.6756756756756757,0.15838323765441453,1.2344071917285335,0.23440719172853353,-1.0,7,0,7,-1.2344071917285335,1.3295830896632657,synthetic_drift,1.1131308840388676
2025-04-20,Fulham,Chelsea,0.5040950499612653,0.37037037037037035,0.13372467959089496,1.3610566348954165,0.3610566348954165,-1.0,6,0,6,-1.3610566348954165,3.1,B365CH_historico,0.8709677419354839
2025-04-20,Ipswich Town,Arsenal,0.1370138870703098,0.125,0.012013887070309787,1.0961110965624783,0.0961110965624783,-1.0,0,0,0,-1.0961110965624783,7.931933320597935,synthetic_drift,1.0085813479073642
2025-04-20,Manchester United,Wolves,0.6428844012087216,0.5,0.1428844012087216,1.2857688024174432,0.2857688024174432,-1.0,6,0,6,-1.2857688024174432,1.8147827522311022,synthetic_drift,1.1020602865776583
2025-04-21,Tottenham Hotspur,Nott'ham Forest,0.6511485197729695,0.4081632653061224,0.2429852544668471,1.5953138734437753,0.5953138734437753,-1.0,9,0,9,-1.5953138734437753,2.087663288927717,synthetic_drift,1.173560896047748
2025-04-22,Manchester City,Aston Villa,0.7097862128698816,0.5555555555555556,0.15423065731432606,1.277615183165787,0.2776151831657869,0.8,7,1,6,0.5223848168342131,1.6213809630769351,synthetic_drift,1.1101647552245186
2025-04-23,Arsenal,Crystal Palace,0.7949476261710943,0.7142857142857143,0.08066191188537997,1.1129266766395318,0.11292667663953182,-1.0,3,0,3,-1.1129266766395318,1.4,B365CH_historico,1.0
2025-04-26,Brighton And Hove Albion,West Ham,0.6336156439988764,0.5988023952095809,0.03481324878929548,1.0581381254781235,0.05813812547812347,0.6699999999999999,0,1,-1,0.6118618745218765,1.6294803536089586,synthetic_drift,1.0248666062780682
2025-04-26,Newcastle United,Ipswich Town,0.8671206571232093,0.8474576271186441,0.019663030004565152,1.023202375405387,0.023202375405386944,0.17999999999999994,0,0,0,0.156797624594613,1.1636564206329214,synthetic_drift,1.0140450214318322
2025-04-26,Wolverhampton Wanderers,Leicester City,0.7419996965844307,0.6666666666666666,0.07533302991776403,1.1129995448766459,0.11299954487664587,0.5,2,0,2,0.3870004551233541,1.4234074323660029,synthetic_drift,1.0538093070841172
2025-04-27,Bournemouth,Manchester Utd,0.61100484025056,0.5988023952095809,0.012202445040979115,1.0203780832184353,0.02037808321843526,-1.0,0,0,0,-1.0203780832184353,1.6555699986287418,synthetic_drift,1.008716032172128
2025-04-27,Liverpool,Tottenham,0.842575973516611,0.8,0.04257597351661091,1.0532199668957638,0.053219966895763804,0.25,1,0,1,0.1967800331042362,1.2,B365CH_historico,1.0416666666666667
2025-05-01,Nottingham Forest,Brentford,0.5835731428012891,0.46511627906976744,0.1184568637315217,1.2546822570227716,0.2546822570227716,-1.0,5,0,5,-1.2546822570227716,1.9822756061723714,synthetic_drift,1.0846120455225154
2025-05-02,Manchester City,Wolves,0.8388836976181702,0.7142857142857143,0.12459798333245586,1.1744371766654382,0.17443717666543823,0.3999999999999999,5,0,5,0.22556282333456168,1.285584804274662,synthetic_drift,1.0889985595231828
2025-05-03,Leicester City,Southampton,0.6295576638906452,0.4347826086956522,0.19477505519499294,1.4479826269484837,0.4479826269484837,1.2999999999999998,8,2,6,0.8520173730515161,2.019093532665201,synthetic_drift,1.1391250394249952
2025-05-03,Everton,Ipswich Town,0.7413689734412343,0.6896551724137931,0.051713801027441164,1.0749850114897896,0.07498501148978964,-1.0,1,0,1,-1.0749850114897896,1.3983472489985838,synthetic_drift,1.0369384293053152
2025-05-03,Arsenal,Bournemouth,0.7811011107740281,0.48780487804878053,0.2932962327252476,1.6012572770867575,0.6012572770867575,-1.0,9,0,9,-1.6012572770867575,1.67,B365CH_historico,1.2275449101796407
2025-05-03,Aston Villa,Fulham,0.631108696974969,0.5649717514124294,0.06613694556253957,1.1170623936456952,0.11706239364569515,0.77,2,1,1,0.6529376063543049,1.85,B365CH_historico,0.9567567567567568
2025-05-04,Brighton And Hove Albion,Newcastle Utd,0.5177193748885508,0.3472222222222222,0.1704971526663286,1.4910317996790263,0.4910317996790263,-1.0,7,0,7,-1.4910317996790263,2.567339898168315,synthetic_drift,1.121783680475949
2025-05-05,Crystal Palace,Nott'ham Forest,0.6261675303855606,0.4444444444444444,0.1817230859411162,1.4088769433675115,0.40887694336751146,-1.0,7,0,7,-1.4088769433675115,1.9914990354495383,synthetic_drift,1.1298022042436544
2025-05-10,Bournemouth,Aston Villa,0.5062885373322924,0.4166666666666667,0.08962187066562571,1.2150924895975017,0.2150924895975017,-1.0,3,0,3,-1.2150924895975017,2.55,B365CH_historico,0.9411764705882353
2025-05-10,Fulham,Everton,0.595553673871632,0.5494505494505494,0.046103124421082664,1.0839076864463704,0.08390768644637037,-1.0,1,0,1,-1.0839076864463704,1.75,B365CH_historico,1.04
2025-05-10,Ipswich Town,Brentford,0.2923005826161254,0.2,0.09230058261612539,1.461502913080627,0.46150291308062696,-1.0,3,0,3,-1.461502913080627,4.6907439972504905,synthetic_drift,1.0659289875829467
2025-05-10,Wolverhampton Wanderers,Brighton,0.4775890485999925,0.37037037037037035,0.10721867822962217,1.28949043121998,0.28949043121997997,-1.0,4,0,4,-1.28949043121998,2.507930703486229,synthetic_drift,1.0765847701640159
2025-05-11,Newcastle United,Chelsea,0.612900575151672,0.47619047619047616,0.1367100989611958,1.287091207818511,0.28709120781851105,1.1,6,2,4,0.812908792181489,1.913178030122544,synthetic_drift,1.0976500706865684
2025-05-11,Tottenham Hotspur,Crystal Palace,0.5485732854719902,0.3802281368821293,0.16834514858986094,1.4427477407913343,0.4427477407913343,-1.0,7,0,7,-1.4427477407913343,2.3476975098947954,synthetic_drift,1.1202465347070436
2025-05-11,Nottingham Forest,Leicester City,0.8273370963161143,0.7518796992481203,0.07545739706799404,1.100358338100432,0.10035833810043204,-1.0,2,0,2,-1.100358338100432,1.2619815412496067,synthetic_drift,1.053898140762853
2025-05-11,Manchester United,West Ham,0.6414839510027601,0.5263157894736842,0.11516816152907594,1.218819506905244,0.2188195069052441,-1.0,5,0,5,-1.218819506905244,1.7555807121208142,synthetic_drift,1.0822629725207684
2025-05-11,Liverpool,Arsenal,0.627830098288132,0.5,0.12783009828813197,1.255660196576264,0.25566019657626393,-1.0,5,0,5,-1.255660196576264,2.2,B365CH_historico,0.9090909090909091
2025-05-18,Arsenal,Newcastle Utd,0.7721381685639914,0.5128205128205129,0.25931765574347854,1.5056694286997832,0.5056694286997832,0.95,9,1,8,0.4443305713002168,1.6452545964002223,synthetic_drift,1.1852268969596276
2025-05-18,Brentford,Fulham,0.6372034713923398,0.5235602094240838,0.11364326196825603,1.217058630359369,0.2170586303593689,-1.0,4,0,4,-1.217058630359369,2.0,B365CH_historico,0.955
2025-05-18,Everton,Southampton,0.8642546417314323,0.7142857142857143,0.149968927445718,1.2099564984240052,0.2099564984240052,0.3999999999999999,6,0,6,0.1900435015759947,1.4,B365CH_historico,1.0
2025-05-18,Leicester City,Ipswich Town,0.48005633645285467,0.4347826086956522,0.04527372775720245,1.1041295738415657,0.10412957384156574,1.2999999999999998,1,2,-1,1.195870426158434,2.2279516593696367,synthetic_drift,1.0323383769694303
2025-05-18,West Ham United,Nott'ham Forest,0.49492583402103707,0.36363636363636365,0.13128947038467342,1.361046043557852,0.36104604355785197,-1.0,5,0,5,-1.361046043557852,2.5142209062750536,synthetic_drift,1.0937781931319095
2025-05-20,Crystal Palace,Wolves,0.6863255672288021,0.4444444444444444,0.2418811227843577,1.5442325262648047,0.5442325262648047,1.25,9,2,7,0.7057674737351953,2.35,B365CH_historico,0.9574468085106382
2025-05-20,Manchester City,Bournemouth,0.7541991568531321,0.6451612903225806,0.10903786653055147,1.169008693122355,0.1690086931223549,0.55,4,1,3,0.38099130687764515,1.4380023511199724,synthetic_drift,1.0778841903789653
2025-05-25,Manchester United,Aston Villa,0.3675684588818616,0.23094688221709006,0.13662157666477157,1.5915714269584609,0.5915714269584609,3.33,6,3,3,2.7384285730415394,3.9450181437368186,synthetic_drift,1.0975868404748368
2025-05-25,Nottingham Forest,Chelsea,0.42915711913791327,0.3333333333333333,0.09582378580457995,1.2874713574137397,0.28747135741373975,-1.0,4,0,4,-1.2874713574137397,2.8078173644904885,synthetic_drift,1.0684455612889856
2025-05-25,Liverpool,Crystal Palace,0.7689646429545872,0.7142857142857143,0.05467892866887292,1.076550500136422,0.07655050013642195,-1.0,1,0,1,-1.076550500136422,1.36,B365CH_historico,1.0294117647058822
2025-05-25,Tottenham Hotspur,Brighton,0.554107945470344,0.23809523809523808,0.31601270737510595,2.327253370975445,1.3272533709754448,-1.0,9,0,9,-2.327253370975445,3.426548052196144,synthetic_drift,1.22572336241079
2025-05-25,Fulham,Manchester City,0.28725623873290196,0.2,0.08725623873290195,1.43628119366451,0.4362811936645099,-1.0,3,0,3,-1.43628119366451,4.706653646962538,synthetic_drift,1.0623258848092156
2025-05-25,Bournemouth,Leicester City,0.8133441890698282,0.7518796992481203,0.061464489821707935,1.0817477714628716,0.0817477714628716,0.33000000000000007,2,0,2,0.24825222853712847,1.2740644832411603,synthetic_drift,1.0439032070155057
2025-05-25,Ipswich Town,West Ham,0.38371972784580655,0.3333333333333333,0.05038639451247323,1.1511591835374198,0.15115918353741975,-1.0,1,0,1,-1.1511591835374198,2.895780059638363,synthetic_drift,1.0359902817946238
2025-05-25,Wolverhampton Wanderers,Brentford,0.39199195235551054,0.37037037037037035,0.021621581985140192,1.0583782713598786,0.05837827135987861,-1.0,0,0,0,-1.0583782713598786,2.658935435350975,synthetic_drift,1.015443987132243
