Date,HomeTeam,AwayTeam,FTHG,FTAG,Home_xG,Away_xG,match_key,B365H,B365D,B365A
2020-09-19,arsenal,westham,2,1,1.1,2.0,20200919_arsenal_westham,,,
2020-10-04,arsenal,sheffieldutd,2,1,0.6,0.2,20201004_arsenal_sheffieldutd,,,
2020-10-25,arsenal,leicestercity,0,1,0.7,0.7,20201025_arsenal_leicestercity,,,
2020-11-08,arsenal,astonvilla,0,3,1.5,1.8,20201108_arsenal_astonvilla,,,
2020-11-29,arsenal,wolves,1,2,1.5,1.8,20201129_arsenal_wolves,,,
2020-12-13,arsenal,burnley,0,1,1.6,1.4,20201213_arsenal_burnley,,,
2020-12-16,arsenal,southampton,1,1,0.6,1.2,20201216_arsenal_southampton,,,
2020-12-26,arsenal,chelsea,3,1,2.0,2.6,20201226_arsenal_chelsea,,,
2021-01-14,arsenal,crystalpalace,0,0,0.4,0.8,20210114_arsenal_crystalpalace,,,
2021-01-18,arsenal,newcastleutd,3,0,2.4,0.2,20210118_arsenal_newcastleutd,,,
2021-01-30,arsenal,manchesterutd,0,0,0.9,1.6,20210130_arsenal_manchesterutd,,,
2021-02-14,arsenal,leedsutd,4,2,2.3,0.9,20210214_arsenal_leedsutd,,,
2021-02-21,arsenal,manchestercity,0,1,0.3,1.8,20210221_arsenal_manchestercity,,,
2021-03-14,arsenal,tottenham,2,1,1.7,0.4,20210314_arsenal_tottenham,,,
2021-04-03,arsenal,liverpool,0,3,0.1,2.4,20210403_arsenal_liverpool,,,
2021-04-18,arsenal,fulham,1,1,2.7,0.9,20210418_arsenal_fulham,,,
2021-04-23,arsenal,everton,0,1,0.8,0.5,20210423_arsenal_everton,,,
2021-05-09,arsenal,westbrom,3,1,0.9,1.8,20210509_arsenal_westbrom,,,
2021-05-23,arsenal,brighton,2,0,0.8,0.2,20210523_arsenal_brighton,,,
2021-09-11,arsenal,norwichcity,1,0,2.7,0.7,20210911_arsenal_norwichcity,,,
2021-11-27,arsenal,newcastleutd,2,0,2.5,0.3,20211127_arsenal_newcastleutd,,,
2022-01-01,arsenal,manchestercity,1,2,0.8,2.0,20220101_arsenal_manchestercity,,,
2022-03-13,arsenal,leicestercity,2,0,2.4,0.4,20220313_arsenal_leicestercity,,,
2022-04-23,arsenal,manchesterutd,3,1,2.3,1.8,20220423_arsenal_manchesterutd,,,
2022-05-08,arsenal,leedsutd,2,1,2.0,0.3,20220508_arsenal_leedsutd,,,
2022-08-13,arsenal,leicestercity,4,2,2.7,0.5,20220813_arsenal_leicestercity,,,
2022-10-30,arsenal,nott'hamforest,5,0,2.3,0.4,20221030_arsenal_nott'hamforest,,,
2023-01-03,arsenal,newcastleutd,0,0,1.1,1.0,20230103_arsenal_newcastleutd,,,
2023-01-22,arsenal,manchesterutd,3,2,3.1,0.4,20230122_arsenal_manchesterutd,,,
2023-02-15,arsenal,manchestercity,1,3,1.6,1.8,20230215_arsenal_manchestercity,,,
2023-04-01,arsenal,leedsutd,4,1,3.8,0.7,20230401_arsenal_leedsutd,,,
2023-08-12,arsenal,nott'hamforest,2,1,0.8,1.2,20230812_arsenal_nott'hamforest,,,
2023-09-03,arsenal,manchesterutd,3,1,2.3,0.9,20230903_arsenal_manchesterutd,,,
2023-10-08,arsenal,manchestercity,1,0,0.4,0.5,20231008_arsenal_manchestercity,,,
2024-02-24,arsenal,newcastleutd,4,1,2.8,0.2,20240224_arsenal_newcastleutd,,,
2024-04-03,arsenal,lutontown,2,0,0.7,0.3,20240403_arsenal_lutontown,,,
2024-09-28,arsenal,leicestercity,4,2,4.4,0.3,20240928_arsenal_leicestercity,,,
2024-11-23,arsenal,nott'hamforest,3,0,1.2,0.3,20241123_arsenal_nott'hamforest,,,
2024-12-04,arsenal,manchesterutd,2,0,2.1,0.2,20241204_arsenal_manchesterutd,,,
2024-12-27,arsenal,ipswichtown,1,0,1.8,0.2,20241227_arsenal_ipswichtown,,,
2025-02-02,arsenal,manchestercity,5,1,1.0,0.8,20250202_arsenal_manchestercity,,,
2025-05-18,arsenal,newcastleutd,1,0,0.6,1.5,20250518_arsenal_newcastleutd,,,
2020-09-21,astonvilla,sheffieldutd,1,0,1.0,0.9,20200921_astonvilla_sheffieldutd,,,
2020-10-04,astonvilla,liverpool,7,2,2.7,1.8,20201004_astonvilla_liverpool,,,
2020-10-23,astonvilla,leedsutd,0,3,1.4,2.7,20201023_astonvilla_leedsutd,,,
2020-11-01,astonvilla,southampton,3,4,1.9,0.7,20201101_astonvilla_southampton,,,
2020-11-21,astonvilla,brighton,1,2,1.5,1.4,20201121_astonvilla_brighton,,,
2020-12-17,astonvilla,burnley,0,0,1.5,0.3,20201217_astonvilla_burnley,,,
2020-12-26,astonvilla,crystalpalace,3,0,3.9,0.9,20201226_astonvilla_crystalpalace,,,
2021-01-23,astonvilla,newcastleutd,2,0,2.3,0.5,20210123_astonvilla_newcastleutd,,,
2021-02-03,astonvilla,westham,1,3,0.7,1.7,20210203_astonvilla_westham,,,
2021-02-06,astonvilla,arsenal,1,0,1.2,0.8,20210206_astonvilla_arsenal,,,
2021-02-21,astonvilla,leicestercity,1,2,1.4,1.1,20210221_astonvilla_leicestercity,,,
2021-03-06,astonvilla,wolves,0,0,0.6,1.6,20210306_astonvilla_wolves,,,
2021-03-21,astonvilla,tottenham,0,2,0.4,1.8,20210321_astonvilla_tottenham,,,
2021-04-04,astonvilla,fulham,3,1,1.5,1.0,20210404_astonvilla_fulham,,,
2021-04-21,astonvilla,manchestercity,1,2,0.7,1.2,20210421_astonvilla_manchestercity,,,
2021-04-25,astonvilla,westbrom,2,2,3.2,1.5,20210425_astonvilla_westbrom,,,
2021-05-09,astonvilla,manchesterutd,1,3,0.5,1.7,20210509_astonvilla_manchesterutd,,,
2021-05-13,astonvilla,everton,0,0,0.6,1.0,20210513_astonvilla_everton,,,
2021-05-23,astonvilla,chelsea,2,1,1.1,3.3,20210523_astonvilla_chelsea,,,
2021-08-21,astonvilla,newcastleutd,2,0,1.2,0.7,20210821_astonvilla_newcastleutd,,,
2021-12-01,astonvilla,manchestercity,1,2,0.8,1.0,20211201_astonvilla_manchestercity,,,
2021-12-05,astonvilla,leicestercity,2,1,2.1,1.1,20211205_astonvilla_leicestercity,,,
2022-01-15,astonvilla,manchesterutd,2,2,1.9,1.0,20220115_astonvilla_manchesterutd,,,
2022-02-09,astonvilla,leedsutd,3,3,1.6,1.8,20220209_astonvilla_leedsutd,,,
2022-04-30,astonvilla,norwichcity,2,0,1.8,0.5,20220430_astonvilla_norwichcity,,,
2022-09-03,astonvilla,manchestercity,1,1,0.3,2.1,20220903_astonvilla_manchestercity,,,
2022-11-06,astonvilla,manchesterutd,3,1,0.6,0.5,20221106_astonvilla_manchesterutd,,,
2023-01-13,astonvilla,leedsutd,2,1,1.2,2.4,20230113_astonvilla_leedsutd,,,
2023-02-04,astonvilla,leicestercity,2,4,1.7,2.6,20230204_astonvilla_leicestercity,,,
2023-04-08,astonvilla,nott'hamforest,2,0,1.3,0.2,20230408_astonvilla_nott'hamforest,,,
2023-04-15,astonvilla,newcastleutd,3,0,1.9,0.5,20230415_astonvilla_newcastleutd,,,
2023-10-29,astonvilla,lutontown,3,1,2.3,0.5,20231029_astonvilla_lutontown,,,
2023-12-06,astonvilla,manchestercity,1,0,2.3,0.6,20231206_astonvilla_manchestercity,,,
2024-01-30,astonvilla,newcastleutd,1,3,1.4,2.6,20240130_astonvilla_newcastleutd,,,
2024-02-11,astonvilla,manchesterutd,1,2,2.4,1.8,20240211_astonvilla_manchesterutd,,,
2024-02-24,astonvilla,nott'hamforest,4,2,3.6,2.6,20240224_astonvilla_nott'hamforest,,,
2024-10-06,astonvilla,manchesterutd,0,0,0.5,0.6,20241006_astonvilla_manchesterutd,,,
2024-12-21,astonvilla,manchestercity,2,1,1.6,1.0,20241221_astonvilla_manchestercity,,,
2025-01-04,astonvilla,leicestercity,2,1,1.4,0.4,20250104_astonvilla_leicestercity,,,
2025-02-15,astonvilla,ipswichtown,1,1,2.4,0.4,20250215_astonvilla_ipswichtown,,,
2025-04-05,astonvilla,nott'hamforest,2,1,3.0,1.5,20250405_astonvilla_nott'hamforest,,,
2025-04-19,astonvilla,newcastleutd,4,1,2.2,1.0,20250419_astonvilla_newcastleutd,,,
2022-10-08,bournemouth,leicestercity,2,1,1.1,1.0,20221008_bournemouth_leicestercity,,,
2023-01-21,bournemouth,nott'hamforest,1,1,1.4,1.9,20230121_bournemouth_nott'hamforest,,,
2023-02-11,bournemouth,newcastleutd,1,1,1.5,1.3,20230211_bournemouth_newcastleutd,,,
2023-02-25,bournemouth,manchestercity,1,4,1.0,2.4,20230225_bournemouth_manchestercity,,,
2023-04-30,bournemouth,leedsutd,4,1,1.9,1.6,20230430_bournemouth_leedsutd,,,
2023-05-20,bournemouth,manchesterutd,0,1,1.0,1.4,20230520_bournemouth_manchesterutd,,,
2023-11-11,bournemouth,newcastleutd,2,0,2.4,0.5,20231111_bournemouth_newcastleutd,,,
2024-02-04,bournemouth,nott'hamforest,1,1,1.3,0.5,20240204_bournemouth_nott'hamforest,,,
2024-02-24,bournemouth,manchestercity,0,1,0.9,1.6,20240224_bournemouth_manchestercity,,,
2024-03-13,bournemouth,lutontown,4,3,2.3,2.0,20240313_bournemouth_lutontown,,,
2024-04-13,bournemouth,manchesterutd,2,2,1.6,1.2,20240413_bournemouth_manchesterutd,,,
2024-08-25,bournemouth,newcastleutd,1,1,2.2,1.6,20240825_bournemouth_newcastleutd,,,
2024-11-02,bournemouth,manchestercity,2,1,2.0,1.6,20241102_bournemouth_manchestercity,,,
2025-01-25,bournemouth,nott'hamforest,5,0,1.7,1.0,20250125_bournemouth_nott'hamforest,,,
2025-04-02,bournemouth,ipswichtown,1,2,1.8,1.2,20250402_bournemouth_ipswichtown,,,
2025-04-27,bournemouth,manchesterutd,1,1,0.5,2.3,20250427_bournemouth_manchesterutd,,,
2025-05-25,bournemouth,leicestercity,2,0,1.6,0.3,20250525_bournemouth_leicestercity,,,
2021-10-24,brentford,leicestercity,1,2,1.0,1.5,20211024_brentford_leicestercity,,,
2021-11-06,brentford,norwichcity,1,2,2.5,1.2,20211106_brentford_norwichcity,,,
2021-12-29,brentford,manchestercity,0,1,0.4,1.1,20211229_brentford_manchestercity,,,
2022-01-19,brentford,manchesterutd,1,3,2.3,2.3,20220119_brentford_manchesterutd,,,
2022-02-26,brentford,newcastleutd,0,2,0.4,2.7,20220226_brentford_newcastleutd,,,
2022-05-22,brentford,leedsutd,1,2,0.8,1.3,20220522_brentford_leedsutd,,,
2022-08-13,brentford,manchesterutd,4,0,1.6,0.9,20220813_brentford_manchesterutd,,,
2022-09-03,brentford,leedsutd,5,2,2.3,1.7,20220903_brentford_leedsutd,,,
2023-03-18,brentford,leicestercity,1,1,0.6,1.3,20230318_brentford_leicestercity,,,
2023-04-08,brentford,newcastleutd,1,2,2.6,1.3,20230408_brentford_newcastleutd,,,
2023-04-29,brentford,nott'hamforest,2,1,1.6,0.7,20230429_brentford_nott'hamforest,,,
2023-05-28,brentford,manchestercity,1,0,1.3,1.6,20230528_brentford_manchestercity,,,
2023-12-02,brentford,lutontown,3,1,3.1,0.2,20231202_brentford_lutontown,,,
2024-01-20,brentford,nott'hamforest,3,2,1.2,1.2,20240120_brentford_nott'hamforest,,,
2024-02-05,brentford,manchestercity,1,3,1.0,2.1,20240205_brentford_manchestercity,,,
2024-03-30,brentford,manchesterutd,1,1,3.2,0.6,20240330_brentford_manchesterutd,,,
2024-05-19,brentford,newcastleutd,2,4,1.1,3.4,20240519_brentford_newcastleutd,,,
2024-10-26,brentford,ipswichtown,4,3,4.0,1.3,20241026_brentford_ipswichtown,,,
2024-11-30,brentford,leicestercity,4,1,2.4,1.1,20241130_brentford_leicestercity,,,
2024-12-07,brentford,newcastleutd,4,2,1.2,1.5,20241207_brentford_newcastleutd,,,
2024-12-21,brentford,nott'hamforest,0,2,0.7,0.9,20241221_brentford_nott'hamforest,,,
2025-01-14,brentford,manchestercity,2,2,2.5,2.2,20250114_brentford_manchestercity,,,
2025-05-04,brentford,manchesterutd,4,3,2.8,1.5,20250504_brentford_manchesterutd,,,
2020-09-14,brightonandhovealbion,chelsea,1,3,1.1,1.2,20200914_brightonandhovealbion_chelsea,,,
2020-09-26,brightonandhovealbion,manchesterutd,2,3,2.5,1.5,20200926_brightonandhovealbion_manchesterutd,,,
2020-10-26,brightonandhovealbion,westbrom,1,1,0.5,0.4,20201026_brightonandhovealbion_westbrom,,,
2020-11-06,brightonandhovealbion,burnley,0,0,1.5,0.5,20201106_brightonandhovealbion_burnley,,,
2020-11-28,brightonandhovealbion,liverpool,1,1,2.3,0.2,20201128_brightonandhovealbion_liverpool,,,
2020-12-07,brightonandhovealbion,southampton,1,2,1.9,1.4,20201207_brightonandhovealbion_southampton,,,
2020-12-20,brightonandhovealbion,sheffieldutd,1,1,2.8,0.5,20201220_brightonandhovealbion_sheffieldutd,,,
2020-12-29,brightonandhovealbion,arsenal,0,1,0.8,1.1,20201229_brightonandhovealbion_arsenal,,,
2021-01-02,brightonandhovealbion,wolves,3,3,2.2,1.6,20210102_brightonandhovealbion_wolves,,,
2021-01-27,brightonandhovealbion,fulham,0,0,1.8,0.5,20210127_brightonandhovealbion_fulham,,,
2021-01-31,brightonandhovealbion,tottenham,1,0,1.6,0.4,20210131_brightonandhovealbion_tottenham,,,
2021-02-13,brightonandhovealbion,astonvilla,0,0,2.2,0.1,20210213_brightonandhovealbion_astonvilla,,,
2021-02-22,brightonandhovealbion,crystalpalace,1,2,2.4,0.2,20210222_brightonandhovealbion_crystalpalace,,,
2021-03-06,brightonandhovealbion,leicestercity,1,2,0.8,0.9,20210306_brightonandhovealbion_leicestercity,,,
2021-03-20,brightonandhovealbion,newcastleutd,3,0,0.9,0.1,20210320_brightonandhovealbion_newcastleutd,,,
2021-04-12,brightonandhovealbion,everton,0,0,1.2,0.4,20210412_brightonandhovealbion_everton,,,
2021-05-01,brightonandhovealbion,leedsutd,2,0,2.3,0.6,20210501_brightonandhovealbion_leedsutd,,,
2021-05-15,brightonandhovealbion,westham,1,1,0.8,1.7,20210515_brightonandhovealbion_westham,,,
2021-05-18,brightonandhovealbion,manchestercity,3,2,1.1,0.9,20210518_brightonandhovealbion_manchestercity,,,
2021-08-21,brightonandhovealbion,watford,2,0,1.3,0.5,20210821_brightonandhovealbion_watford,,,
2021-08-28,brightonandhovealbion,everton,0,2,0.7,1.4,20210828_brightonandhovealbion_everton,,,
2021-09-19,brightonandhovealbion,leicestercity,2,1,1.7,1.6,20210919_brightonandhovealbion_leicestercity,,,
2021-10-02,brightonandhovealbion,arsenal,0,0,1.1,0.4,20211002_brightonandhovealbion_arsenal,,,
2021-10-23,brightonandhovealbion,manchestercity,1,4,1.3,3.8,20211023_brightonandhovealbion_manchestercity,,,
2021-11-06,brightonandhovealbion,newcastleutd,1,1,1.5,0.3,20211106_brightonandhovealbion_newcastleutd,,,
2021-11-27,brightonandhovealbion,leedsutd,0,0,2.1,0.6,20211127_brightonandhovealbion_leedsutd,,,
2021-12-15,brightonandhovealbion,wolves,0,1,1.2,1.0,20211215_brightonandhovealbion_wolves,,,
2021-12-26,brightonandhovealbion,brentford,2,0,0.8,0.7,20211226_brightonandhovealbion_brentford,,,
2022-01-14,brightonandhovealbion,crystalpalace,1,1,2.0,0.2,20220114_brightonandhovealbion_crystalpalace,,,
2022-01-18,brightonandhovealbion,chelsea,1,1,0.7,0.7,20220118_brightonandhovealbion_chelsea,,,
2022-02-19,brightonandhovealbion,burnley,0,3,0.6,0.7,20220219_brightonandhovealbion_burnley,,,
2022-02-26,brightonandhovealbion,astonvilla,0,2,0.7,1.0,20220226_brightonandhovealbion_astonvilla,,,
2022-03-12,brightonandhovealbion,liverpool,0,2,0.5,2.2,20220312_brightonandhovealbion_liverpool,,,
2022-03-16,brightonandhovealbion,tottenham,0,2,0.7,2.2,20220316_brightonandhovealbion_tottenham,,,
2022-04-02,brightonandhovealbion,norwichcity,0,0,2.8,0.4,20220402_brightonandhovealbion_norwichcity,,,
2022-04-24,brightonandhovealbion,southampton,2,2,1.7,0.9,20220424_brightonandhovealbion_southampton,,,
2022-05-07,brightonandhovealbion,manchesterutd,4,0,2.3,0.9,20220507_brightonandhovealbion_manchesterutd,,,
2022-05-22,brightonandhovealbion,westham,3,1,1.6,0.2,20220522_brightonandhovealbion_westham,,,
2022-08-13,brightonandhovealbion,newcastleutd,0,0,1.5,0.2,20220813_brightonandhovealbion_newcastleutd,,,
2022-08-27,brightonandhovealbion,leedsutd,1,0,2.0,1.8,20220827_brightonandhovealbion_leedsutd,,,
2022-09-04,brightonandhovealbion,leicestercity,5,2,2.6,1.4,20220904_brightonandhovealbion_leicestercity,,,
2022-10-08,brightonandhovealbion,tottenham,0,1,0.7,0.8,20221008_brightonandhovealbion_tottenham,,,
2022-10-18,brightonandhovealbion,nott'hamforest,0,0,1.7,0.1,20221018_brightonandhovealbion_nott'hamforest,,,
2022-10-29,brightonandhovealbion,chelsea,4,1,2.4,1.4,20221029_brightonandhovealbion_chelsea,,,
2022-11-13,brightonandhovealbion,astonvilla,1,2,0.6,1.5,20221113_brightonandhovealbion_astonvilla,,,
2022-12-31,brightonandhovealbion,arsenal,2,4,1.2,2.9,20221231_brightonandhovealbion_arsenal,,,
2023-01-14,brightonandhovealbion,liverpool,3,0,1.9,1.0,20230114_brightonandhovealbion_liverpool,,,
2023-02-04,brightonandhovealbion,bournemouth,1,0,2.2,1.1,20230204_brightonandhovealbion_bournemouth,,,
2023-02-18,brightonandhovealbion,fulham,0,1,2.2,0.3,20230218_brightonandhovealbion_fulham,,,
2023-03-04,brightonandhovealbion,westham,4,0,3.5,0.3,20230304_brightonandhovealbion_westham,,,
2023-03-15,brightonandhovealbion,crystalpalace,1,0,0.6,1.1,20230315_brightonandhovealbion_crystalpalace,,,
2023-04-01,brightonandhovealbion,brentford,3,3,4.2,1.6,20230401_brightonandhovealbion_brentford,,,
2023-04-29,brightonandhovealbion,wolves,6,0,3.3,0.8,20230429_brightonandhovealbion_wolves,,,
2023-05-04,brightonandhovealbion,manchesterutd,1,0,2.3,1.4,20230504_brightonandhovealbion_manchesterutd,,,
2023-05-08,brightonandhovealbion,everton,1,5,3.2,2.3,20230508_brightonandhovealbion_everton,,,
2023-05-21,brightonandhovealbion,southampton,3,1,2.5,0.6,20230521_brightonandhovealbion_southampton,,,
2023-05-24,brightonandhovealbion,manchestercity,1,1,2.2,1.8,20230524_brightonandhovealbion_manchestercity,,,
2023-08-12,brightonandhovealbion,lutontown,4,1,4.0,1.5,20230812_brightonandhovealbion_lutontown,,,
2023-08-26,brightonandhovealbion,westham,1,3,1.5,3.0,20230826_brightonandhovealbion_westham,,,
2023-09-02,brightonandhovealbion,newcastleutd,3,1,1.3,1.2,20230902_brightonandhovealbion_newcastleutd,,,
2023-09-24,brightonandhovealbion,bournemouth,3,1,1.9,1.1,20230924_brightonandhovealbion_bournemouth,,,
2023-10-08,brightonandhovealbion,liverpool,2,2,2.3,2.3,20231008_brightonandhovealbion_liverpool,,,
2023-10-29,brightonandhovealbion,fulham,1,1,1.4,0.7,20231029_brightonandhovealbion_fulham,,,
2023-11-12,brightonandhovealbion,sheffieldutd,1,1,1.5,1.1,20231112_brightonandhovealbion_sheffieldutd,,,
2023-12-06,brightonandhovealbion,brentford,2,1,1.5,1.5,20231206_brightonandhovealbion_brentford,,,
2023-12-09,brightonandhovealbion,burnley,1,1,2.6,0.6,20231209_brightonandhovealbion_burnley,,,
2023-12-28,brightonandhovealbion,tottenham,4,2,3.2,2.3,20231228_brightonandhovealbion_tottenham,,,
2024-01-22,brightonandhovealbion,wolves,0,0,1.0,1.1,20240122_brightonandhovealbion_wolves,,,
2024-02-03,brightonandhovealbion,crystalpalace,4,1,1.4,0.3,20240203_brightonandhovealbion_crystalpalace,,,
2024-02-24,brightonandhovealbion,everton,1,1,1.4,0.3,20240224_brightonandhovealbion_everton,,,
2024-03-10,brightonandhovealbion,nott'hamforest,1,0,0.4,0.7,20240310_brightonandhovealbion_nott'hamforest,,,
2024-04-06,brightonandhovealbion,arsenal,0,3,0.5,3.4,20240406_brightonandhovealbion_arsenal,,,
2024-04-25,brightonandhovealbion,manchestercity,0,4,0.6,1.4,20240425_brightonandhovealbion_manchestercity,,,
2024-05-05,brightonandhovealbion,astonvilla,1,0,2.5,0.1,20240505_brightonandhovealbion_astonvilla,,,
2024-05-15,brightonandhovealbion,chelsea,1,2,1.3,1.5,20240515_brightonandhovealbion_chelsea,,,
2024-05-19,brightonandhovealbion,manchesterutd,0,2,1.7,1.3,20240519_brightonandhovealbion_manchesterutd,,,
2024-08-24,brightonandhovealbion,manchesterutd,2,1,2.1,1.4,20240824_brightonandhovealbion_manchesterutd,,,
2024-09-14,brightonandhovealbion,ipswichtown,0,0,1.6,0.3,20240914_brightonandhovealbion_ipswichtown,,,
2024-09-22,brightonandhovealbion,nott'hamforest,2,2,1.0,1.4,20240922_brightonandhovealbion_nott'hamforest,,,
2024-10-06,brightonandhovealbion,tottenham,3,2,1.8,1.3,20241006_brightonandhovealbion_tottenham,,,
2024-10-26,brightonandhovealbion,wolves,2,2,1.3,1.3,20241026_brightonandhovealbion_wolves,,,
2024-11-09,brightonandhovealbion,manchestercity,2,1,2.3,2.1,20241109_brightonandhovealbion_manchestercity,,,
2024-11-29,brightonandhovealbion,southampton,1,1,1.7,1.0,20241129_brightonandhovealbion_southampton,,,
2024-12-15,brightonandhovealbion,crystalpalace,1,3,1.0,2.2,20241215_brightonandhovealbion_crystalpalace,,,
2024-12-27,brightonandhovealbion,brentford,0,0,1.3,1.1,20241227_brightonandhovealbion_brentford,,,
2025-01-04,brightonandhovealbion,arsenal,1,1,1.5,0.9,20250104_brightonandhovealbion_arsenal,,,
2025-01-25,brightonandhovealbion,everton,0,1,0.7,0.8,20250125_brightonandhovealbion_everton,,,
2025-02-14,brightonandhovealbion,chelsea,3,0,1.4,0.5,20250214_brightonandhovealbion_chelsea,,,
2025-02-25,brightonandhovealbion,bournemouth,2,1,2.4,1.5,20250225_brightonandhovealbion_bournemouth,,,
2025-03-08,brightonandhovealbion,fulham,2,1,1.5,0.9,20250308_brightonandhovealbion_fulham,,,
2025-04-02,brightonandhovealbion,astonvilla,0,3,0.9,1.2,20250402_brightonandhovealbion_astonvilla,,,
2025-04-12,brightonandhovealbion,leicestercity,2,2,3.8,1.5,20250412_brightonandhovealbion_leicestercity,,,
2025-04-26,brightonandhovealbion,westham,3,2,1.3,1.3,20250426_brightonandhovealbion_westham,,,
2025-05-04,brightonandhovealbion,newcastleutd,1,1,0.7,1.7,20250504_brightonandhovealbion_newcastleutd,,,
2025-05-19,brightonandhovealbion,liverpool,3,2,2.2,2.2,20250519_brightonandhovealbion_liverpool,,,
2020-09-26,burnley,southampton,0,1,0.5,0.6,20200926_burnley_southampton,,,
2020-10-26,burnley,tottenham,0,1,1.0,0.6,20201026_burnley_tottenham,,,
2020-10-31,burnley,chelsea,0,3,0.5,0.9,20201031_burnley_chelsea,,,
2020-11-23,burnley,crystalpalace,1,0,1.5,1.5,20201123_burnley_crystalpalace,,,
2020-12-05,burnley,everton,1,1,0.8,2.2,20201205_burnley_everton,,,
2020-12-21,burnley,wolves,2,1,1.7,1.5,20201221_burnley_wolves,,,
2020-12-29,burnley,sheffieldutd,1,0,1.0,0.7,20201229_burnley_sheffieldutd,,,
2021-01-12,burnley,manchesterutd,0,1,0.9,1.2,20210112_burnley_manchesterutd,,,
2021-01-27,burnley,astonvilla,3,2,0.5,2.2,20210127_burnley_astonvilla,,,
2021-02-03,burnley,manchestercity,0,2,0.1,2.0,20210203_burnley_manchestercity,,,
2021-02-06,burnley,brighton,1,1,1.8,0.5,20210206_burnley_brighton,,,
2021-02-17,burnley,fulham,1,1,0.9,0.5,20210217_burnley_fulham,,,
2021-02-20,burnley,westbrom,0,0,0.5,1.6,20210220_burnley_westbrom,,,
2021-03-03,burnley,leicestercity,1,1,1.8,1.2,20210303_burnley_leicestercity,,,
2021-03-06,burnley,arsenal,1,1,1.1,2.5,20210306_burnley_arsenal,,,
2021-04-11,burnley,newcastleutd,1,2,2.0,1.2,20210411_burnley_newcastleutd,,,
2021-05-03,burnley,westham,1,2,2.0,2.3,20210503_burnley_westham,,,
2021-05-15,burnley,leedsutd,0,4,1.3,1.5,20210515_burnley_leedsutd,,,
2021-05-19,burnley,liverpool,0,3,0.8,2.6,20210519_burnley_liverpool,,,
2021-08-29,burnley,leedsutd,1,1,1.0,1.2,20210829_burnley_leedsutd,,,
2021-10-02,burnley,norwichcity,0,0,1.2,0.6,20211002_burnley_norwichcity,,,
2022-02-08,burnley,manchesterutd,1,1,0.4,1.8,20220208_burnley_manchesterutd,,,
2022-03-01,burnley,leicestercity,0,2,0.9,1.5,20220301_burnley_leicestercity,,,
2022-04-02,burnley,manchestercity,0,2,0.1,1.8,20220402_burnley_manchestercity,,,
2022-05-22,burnley,newcastleutd,1,2,1.6,1.8,20220522_burnley_newcastleutd,,,
2023-08-11,burnley,manchestercity,0,3,0.3,1.9,20230811_burnley_manchestercity,,,
2023-09-23,burnley,manchesterutd,0,1,1.1,1.0,20230923_burnley_manchesterutd,,,
2024-01-12,burnley,lutontown,1,1,1.1,0.9,20240112_burnley_lutontown,,,
2024-05-04,burnley,newcastleutd,1,4,1.0,3.4,20240504_burnley_newcastleutd,,,
2024-05-19,burnley,nott'hamforest,1,2,1.2,1.7,20240519_burnley_nott'hamforest,,,
2020-09-20,chelsea,liverpool,0,2,0.9,2.1,20200920_chelsea_liverpool,,,
2020-10-03,chelsea,crystalpalace,4,0,2.7,0.2,20201003_chelsea_crystalpalace,,,
2020-10-17,chelsea,southampton,3,3,1.8,1.9,20201017_chelsea_southampton,,,
2020-11-07,chelsea,sheffieldutd,4,1,2.2,0.4,20201107_chelsea_sheffieldutd,,,
2020-11-29,chelsea,tottenham,0,0,0.8,0.2,20201129_chelsea_tottenham,,,
2020-12-05,chelsea,leedsutd,3,1,4.1,0.8,20201205_chelsea_leedsutd,,,
2020-12-21,chelsea,westham,3,0,2.0,0.4,20201221_chelsea_westham,,,
2020-12-28,chelsea,astonvilla,1,1,1.7,0.7,20201228_chelsea_astonvilla,,,
2021-01-03,chelsea,manchestercity,1,3,0.8,2.7,20210103_chelsea_manchestercity,,,
2021-01-27,chelsea,wolves,0,0,0.7,0.5,20210127_chelsea_wolves,,,
2021-01-31,chelsea,burnley,2,0,1.2,0.2,20210131_chelsea_burnley,,,
2021-02-15,chelsea,newcastleutd,2,0,2.2,0.6,20210215_chelsea_newcastleutd,,,
2021-02-28,chelsea,manchesterutd,0,0,1.1,0.4,20210228_chelsea_manchesterutd,,,
2021-03-08,chelsea,everton,2,0,2.4,0.3,20210308_chelsea_everton,,,
2021-04-03,chelsea,westbrom,2,5,2.1,1.6,20210403_chelsea_westbrom,,,
2021-04-20,chelsea,brighton,0,0,0.7,0.5,20210420_chelsea_brighton,,,
2021-05-01,chelsea,fulham,2,0,1.7,0.3,20210501_chelsea_fulham,,,
2021-05-12,chelsea,arsenal,0,1,1.8,0.6,20210512_chelsea_arsenal,,,
2021-05-18,chelsea,leicestercity,2,1,3.1,0.8,20210518_chelsea_leicestercity,,,
2021-09-25,chelsea,manchestercity,0,1,0.2,1.7,20210925_chelsea_manchestercity,,,
2021-10-23,chelsea,norwichcity,7,0,3.1,0.1,20211023_chelsea_norwichcity,,,
2021-11-28,chelsea,manchesterutd,1,1,2.7,0.9,20211128_chelsea_manchesterutd,,,
2021-12-11,chelsea,leedsutd,3,2,2.5,1.4,20211211_chelsea_leedsutd,,,
2022-03-13,chelsea,newcastleutd,1,0,1.1,0.3,20220313_chelsea_newcastleutd,,,
2022-05-19,chelsea,leicestercity,1,1,1.6,0.1,20220519_chelsea_leicestercity,,,
2022-08-27,chelsea,leicestercity,2,1,1.8,2.5,20220827_chelsea_leicestercity,,,
2022-10-22,chelsea,manchesterutd,1,1,1.1,0.8,20221022_chelsea_manchesterutd,,,
2023-01-05,chelsea,manchestercity,0,1,0.4,2.0,20230105_chelsea_manchestercity,,,
2023-03-04,chelsea,leedsutd,1,0,1.5,1.0,20230304_chelsea_leedsutd,,,
2023-05-13,chelsea,nott'hamforest,2,2,1.2,1.3,20230513_chelsea_nott'hamforest,,,
2023-05-28,chelsea,newcastleutd,1,1,2.2,1.7,20230528_chelsea_newcastleutd,,,
2023-08-25,chelsea,lutontown,3,0,2.2,0.4,20230825_chelsea_lutontown,,,
2023-09-02,chelsea,nott'hamforest,0,1,2.3,0.8,20230902_chelsea_nott'hamforest,,,
2023-11-12,chelsea,manchestercity,4,4,2.9,2.9,20231112_chelsea_manchestercity,,,
2024-03-11,chelsea,newcastleutd,3,2,1.6,0.7,20240311_chelsea_newcastleutd,,,
2024-04-04,chelsea,manchesterutd,4,3,3.0,1.5,20240404_chelsea_manchesterutd,,,
2024-08-18,chelsea,manchestercity,0,2,1.0,0.8,20240818_chelsea_manchestercity,,,
2024-10-06,chelsea,nott'hamforest,1,1,2.3,0.9,20241006_chelsea_nott'hamforest,,,
2024-10-27,chelsea,newcastleutd,2,1,1.6,1.8,20241027_chelsea_newcastleutd,,,
2025-03-09,chelsea,leicestercity,1,0,1.7,0.1,20250309_chelsea_leicestercity,,,
2025-04-13,chelsea,ipswichtown,2,2,2.2,1.1,20250413_chelsea_ipswichtown,,,
2025-05-16,chelsea,manchesterutd,1,0,0.8,0.3,20250516_chelsea_manchesterutd,,,
2020-09-12,crystalpalace,southampton,1,0,1.1,0.9,20200912_crystalpalace_southampton,,,
2020-09-26,crystalpalace,everton,1,2,0.4,1.9,20200926_crystalpalace_everton,,,
2020-10-18,crystalpalace,brighton,1,1,0.8,1.7,20201018_crystalpalace_brighton,,,
2020-11-07,crystalpalace,leedsutd,4,1,0.9,0.8,20201107_crystalpalace_leedsutd,,,
2020-11-27,crystalpalace,newcastleutd,0,2,0.6,1.3,20201127_crystalpalace_newcastleutd,,,
2020-12-13,crystalpalace,tottenham,1,1,1.6,0.9,20201213_crystalpalace_tottenham,,,
2020-12-19,crystalpalace,liverpool,0,7,0.3,2.5,20201219_crystalpalace_liverpool,,,
2020-12-28,crystalpalace,leicestercity,1,1,0.5,1.9,20201228_crystalpalace_leicestercity,,,
2021-01-02,crystalpalace,sheffieldutd,2,0,0.6,0.4,20210102_crystalpalace_sheffieldutd,,,
2021-01-26,crystalpalace,westham,2,3,0.7,2.8,20210126_crystalpalace_westham,,,
2021-01-30,crystalpalace,wolves,1,0,1.4,0.4,20210130_crystalpalace_wolves,,,
2021-02-13,crystalpalace,burnley,0,3,0.5,1.4,20210213_crystalpalace_burnley,,,
2021-02-28,crystalpalace,fulham,0,0,0.1,1.4,20210228_crystalpalace_fulham,,,
2021-03-03,crystalpalace,manchesterutd,0,0,0.9,0.9,20210303_crystalpalace_manchesterutd,,,
2021-03-13,crystalpalace,westbrom,1,0,1.2,0.8,20210313_crystalpalace_westbrom,,,
2021-04-10,crystalpalace,chelsea,1,4,0.4,3.1,20210410_crystalpalace_chelsea,,,
2021-05-01,crystalpalace,manchestercity,0,2,0.9,1.7,20210501_crystalpalace_manchestercity,,,
2021-05-16,crystalpalace,astonvilla,3,2,1.9,1.4,20210516_crystalpalace_astonvilla,,,
2021-05-19,crystalpalace,arsenal,1,3,1.0,1.8,20210519_crystalpalace_arsenal,,,
2021-10-03,crystalpalace,leicestercity,2,2,1.5,1.2,20211003_crystalpalace_leicestercity,,,
2021-10-23,crystalpalace,newcastleutd,1,1,1.9,0.3,20211023_crystalpalace_newcastleutd,,,
2021-12-28,crystalpalace,norwichcity,3,0,1.9,0.9,20211228_crystalpalace_norwichcity,,,
2022-03-14,crystalpalace,manchestercity,0,0,0.6,2.8,20220314_crystalpalace_manchestercity,,,
2022-04-25,crystalpalace,leedsutd,0,0,1.9,0.5,20220425_crystalpalace_leedsutd,,,
2022-05-22,crystalpalace,manchesterutd,1,0,0.6,0.7,20220522_crystalpalace_manchesterutd,,,
2022-10-09,crystalpalace,leedsutd,2,1,1.1,1.0,20221009_crystalpalace_leedsutd,,,
2023-01-18,crystalpalace,manchesterutd,1,1,0.5,2.1,20230118_crystalpalace_manchesterutd,,,
2023-01-21,crystalpalace,newcastleutd,0,0,0.3,1.2,20230121_crystalpalace_newcastleutd,,,
2023-03-11,crystalpalace,manchestercity,0,1,0.2,2.1,20230311_crystalpalace_manchestercity,,,
2023-04-01,crystalpalace,leicestercity,2,1,2.3,0.2,20230401_crystalpalace_leicestercity,,,
2023-05-28,crystalpalace,nott'hamforest,1,1,1.4,0.5,20230528_crystalpalace_nott'hamforest,,,
2023-10-07,crystalpalace,nott'hamforest,0,0,0.8,1.0,20231007_crystalpalace_nott'hamforest,,,
2024-03-09,crystalpalace,lutontown,1,1,2.7,0.8,20240309_crystalpalace_lutontown,,,
2024-04-06,crystalpalace,manchestercity,2,4,1.1,1.9,20240406_crystalpalace_manchestercity,,,
2024-04-24,crystalpalace,newcastleutd,2,0,0.9,0.4,20240424_crystalpalace_newcastleutd,,,
2024-05-06,crystalpalace,manchesterutd,4,0,1.7,0.4,20240506_crystalpalace_manchesterutd,,,
2024-09-14,crystalpalace,leicestercity,2,2,2.5,1.2,20240914_crystalpalace_leicestercity,,,
2024-09-21,crystalpalace,manchesterutd,0,0,1.0,1.6,20240921_crystalpalace_manchesterutd,,,
2024-11-30,crystalpalace,newcastleutd,1,1,1.7,0.0,20241130_crystalpalace_newcastleutd,,,
2024-12-07,crystalpalace,manchestercity,2,2,1.3,1.4,20241207_crystalpalace_manchestercity,,,
2025-03-08,crystalpalace,ipswichtown,1,0,3.2,1.5,20250308_crystalpalace_ipswichtown,,,
2025-05-05,crystalpalace,nott'hamforest,1,1,2.3,0.7,20250505_crystalpalace_nott'hamforest,,,
2020-09-19,everton,westbrom,5,2,3.9,0.3,20200919_everton_westbrom,,,
2020-10-03,everton,brighton,4,2,1.6,1.3,20201003_everton_brighton,,,
2020-10-17,everton,liverpool,2,2,1.2,2.6,20201017_everton_liverpool,,,
2020-11-07,everton,manchesterutd,1,3,0.4,1.5,20201107_everton_manchesterutd,,,
2020-11-28,everton,leedsutd,0,1,1.2,2.9,20201128_everton_leedsutd,,,
2020-12-12,everton,chelsea,1,0,1.2,0.7,20201212_everton_chelsea,,,
2020-12-19,everton,arsenal,2,1,0.6,1.4,20201219_everton_arsenal,,,
2021-01-01,everton,westham,0,1,0.4,1.3,20210101_everton_westham,,,
2021-01-27,everton,leicestercity,1,1,0.5,1.2,20210127_everton_leicestercity,,,
2021-01-30,everton,newcastleutd,0,2,0.8,1.7,20210130_everton_newcastleutd,,,
2021-02-14,everton,fulham,0,2,0.3,2.5,20210214_everton_fulham,,,
2021-02-17,everton,manchestercity,1,3,1.0,1.0,20210217_everton_manchestercity,,,
2021-03-01,everton,southampton,1,0,1.2,0.6,20210301_everton_southampton,,,
2021-03-13,everton,burnley,1,2,1.5,0.8,20210313_everton_burnley,,,
2021-04-05,everton,crystalpalace,1,1,2.5,0.7,20210405_everton_crystalpalace,,,
2021-04-16,everton,tottenham,2,2,1.8,1.4,20210416_everton_tottenham,,,
2021-05-01,everton,astonvilla,1,2,1.0,1.6,20210501_everton_astonvilla,,,
2021-05-16,everton,sheffieldutd,0,1,1.4,1.2,20210516_everton_sheffieldutd,,,
2021-05-19,everton,wolves,1,0,0.7,0.3,20210519_everton_wolves,,,
2021-09-25,everton,norwichcity,2,0,1.9,0.5,20210925_everton_norwichcity,,,
2022-02-12,everton,leedsutd,3,0,2.7,0.3,20220212_everton_leedsutd,,,
2022-02-26,everton,manchestercity,0,1,0.5,1.8,20220226_everton_manchestercity,,,
2022-03-17,everton,newcastleutd,1,0,0.7,0.9,20220317_everton_newcastleutd,,,
2022-04-09,everton,manchesterutd,1,0,0.4,0.8,20220409_everton_manchesterutd,,,
2022-04-20,everton,leicestercity,1,1,1.8,0.9,20220420_everton_leicestercity,,,
2022-08-20,everton,nott'hamforest,1,1,1.5,1.0,20220820_everton_nott'hamforest,,,
2022-10-09,everton,manchesterutd,1,2,0.6,1.4,20221009_everton_manchesterutd,,,
2022-11-05,everton,leicestercity,0,2,1.2,2.3,20221105_everton_leicestercity,,,
2023-02-18,everton,leedsutd,1,0,1.4,0.5,20230218_everton_leedsutd,,,
2023-04-27,everton,newcastleutd,1,4,0.9,2.4,20230427_everton_newcastleutd,,,
2023-05-14,everton,manchestercity,0,3,1.6,0.8,20230514_everton_manchestercity,,,
2023-09-30,everton,lutontown,1,2,2.9,0.9,20230930_everton_lutontown,,,
2023-11-26,everton,manchesterutd,0,3,2.4,2.2,20231126_everton_manchesterutd,,,
2023-12-07,everton,newcastleutd,3,0,3.3,1.5,20231207_everton_newcastleutd,,,
2023-12-27,everton,manchestercity,1,3,1.0,2.4,20231227_everton_manchestercity,,,
2024-04-21,everton,nott'hamforest,2,0,0.3,0.9,20240421_everton_nott'hamforest,,,
2024-10-05,everton,newcastleutd,0,0,0.7,2.1,20241005_everton_newcastleutd,,,
2024-12-29,everton,nott'hamforest,0,2,0.9,1.5,20241229_everton_nott'hamforest,,,
2025-02-01,everton,leicestercity,4,0,2.5,0.3,20250201_everton_leicestercity,,,
2025-02-22,everton,manchesterutd,2,2,1.6,0.4,20250222_everton_manchesterutd,,,
2025-04-19,everton,manchestercity,0,2,0.9,2.0,20250419_everton_manchestercity,,,
2025-05-03,everton,ipswichtown,2,2,0.6,0.8,20250503_everton_ipswichtown,,,
2020-09-12,fulham,arsenal,0,3,0.1,1.9,20200912_fulham_arsenal,,,
2020-09-28,fulham,astonvilla,0,3,0.7,1.4,20200928_fulham_astonvilla,,,
2020-10-24,fulham,crystalpalace,1,2,1.1,2.5,20201024_fulham_crystalpalace,,,
2020-11-02,fulham,westbrom,2,0,1.5,0.5,20201102_fulham_westbrom,,,
2020-11-22,fulham,everton,2,3,1.9,2.0,20201122_fulham_everton,,,
2020-12-13,fulham,liverpool,1,1,1.5,1.8,20201213_fulham_liverpool,,,
2020-12-16,fulham,brighton,0,0,1.0,0.5,20201216_fulham_brighton,,,
2020-12-26,fulham,southampton,0,0,0.7,0.2,20201226_fulham_southampton,,,
2021-01-16,fulham,chelsea,0,1,0.7,1.6,20210116_fulham_chelsea,,,
2021-01-20,fulham,manchesterutd,1,2,0.9,1.7,20210120_fulham_manchesterutd,,,
2021-02-03,fulham,leicestercity,0,2,0.6,1.4,20210203_fulham_leicestercity,,,
2021-02-06,fulham,westham,0,0,1.5,1.0,20210206_fulham_westham,,,
2021-02-20,fulham,sheffieldutd,1,0,1.2,0.9,20210220_fulham_sheffieldutd,,,
2021-03-04,fulham,tottenham,0,1,0.7,1.6,20210304_fulham_tottenham,,,
2021-03-13,fulham,manchestercity,0,3,0.3,2.2,20210313_fulham_manchestercity,,,
2021-03-19,fulham,leedsutd,1,2,1.6,1.3,20210319_fulham_leedsutd,,,
2021-04-09,fulham,wolves,0,1,0.9,0.5,20210409_fulham_wolves,,,
2021-05-10,fulham,burnley,0,2,1.0,1.5,20210510_fulham_burnley,,,
2021-05-23,fulham,newcastleutd,0,2,1.0,1.3,20210523_fulham_newcastleutd,,,
2022-10-01,fulham,newcastleutd,1,4,0.5,3.3,20221001_fulham_newcastleutd,,,
2022-11-13,fulham,manchesterutd,1,2,1.4,2.5,20221113_fulham_manchesterutd,,,
2023-02-11,fulham,nott'hamforest,2,0,1.5,0.7,20230211_fulham_nott'hamforest,,,
2023-04-22,fulham,leedsutd,2,1,1.7,0.8,20230422_fulham_leedsutd,,,
2023-04-30,fulham,manchestercity,1,2,0.2,2.5,20230430_fulham_manchestercity,,,
2023-05-08,fulham,leicestercity,5,3,1.6,2.8,20230508_fulham_leicestercity,,,
2023-09-16,fulham,lutontown,1,0,1.0,1.1,20230916_fulham_lutontown,,,
2023-11-04,fulham,manchesterutd,0,1,1.0,0.7,20231104_fulham_manchesterutd,,,
2023-12-06,fulham,nott'hamforest,5,0,2.5,0.3,20231206_fulham_nott'hamforest,,,
2024-04-06,fulham,newcastleutd,0,1,1.2,1.0,20240406_fulham_newcastleutd,,,
2024-05-11,fulham,manchestercity,0,4,0.1,3.2,20240511_fulham_manchestercity,,,
2024-08-24,fulham,leicestercity,2,1,1.8,0.6,20240824_fulham_leicestercity,,,
2024-09-21,fulham,newcastleutd,3,1,2.2,1.5,20240921_fulham_newcastleutd,,,
2025-01-05,fulham,ipswichtown,2,2,2.2,1.5,20250105_fulham_ipswichtown,,,
2025-01-26,fulham,manchesterutd,0,1,0.7,0.3,20250126_fulham_manchesterutd,,,
2025-02-15,fulham,nott'hamforest,2,1,2.1,0.4,20250215_fulham_nott'hamforest,,,
2025-05-25,fulham,manchestercity,0,2,1.3,3.0,20250525_fulham_manchestercity,,,
2024-08-17,ipswichtown,liverpool,0,2,0.5,2.6,20240817_ipswichtown_liverpool,,,
2024-08-31,ipswichtown,fulham,1,1,0.4,0.9,20240831_ipswichtown_fulham,,,
2024-09-29,ipswichtown,astonvilla,2,2,1.2,0.8,20240929_ipswichtown_astonvilla,,,
2024-10-19,ipswichtown,everton,0,2,1.3,1.7,20241019_ipswichtown_everton,,,
2024-11-02,ipswichtown,leicestercity,1,1,1.0,1.5,20241102_ipswichtown_leicestercity,,,
2024-11-24,ipswichtown,manchesterutd,1,1,1.6,0.8,20241124_ipswichtown_manchesterutd,,,
2024-12-03,ipswichtown,crystalpalace,0,1,0.5,1.6,20241203_ipswichtown_crystalpalace,,,
2024-12-08,ipswichtown,bournemouth,1,2,1.3,3.2,20241208_ipswichtown_bournemouth,,,
2024-12-21,ipswichtown,newcastleutd,0,4,0.7,2.3,20241221_ipswichtown_newcastleutd,,,
2024-12-30,ipswichtown,chelsea,2,0,1.6,2.0,20241230_ipswichtown_chelsea,,,
2025-01-16,ipswichtown,brighton,0,2,0.3,1.0,20250116_ipswichtown_brighton,,,
2025-01-19,ipswichtown,manchestercity,0,6,0.5,3.0,20250119_ipswichtown_manchestercity,,,
2025-02-01,ipswichtown,southampton,1,2,1.8,0.9,20250201_ipswichtown_southampton,,,
2025-02-22,ipswichtown,tottenham,1,4,1.1,1.7,20250222_ipswichtown_tottenham,,,
2025-03-15,ipswichtown,nott'hamforest,2,4,0.4,1.5,20250315_ipswichtown_nott'hamforest,,,
2025-04-05,ipswichtown,wolves,1,2,0.8,2.6,20250405_ipswichtown_wolves,,,
2025-04-20,ipswichtown,arsenal,0,4,0.2,2.4,20250420_ipswichtown_arsenal,,,
2025-05-10,ipswichtown,brentford,0,1,0.9,1.4,20250510_ipswichtown_brentford,,,
2025-05-25,ipswichtown,westham,1,3,0.7,1.1,20250525_ipswichtown_westham,,,
2020-09-19,leedsutd,fulham,4,3,1.4,1.7,20200919_leedsutd_fulham,,,
2020-10-03,leedsutd,manchestercity,1,1,2.4,1.2,20201003_leedsutd_manchestercity,,,
2020-10-19,leedsutd,wolves,0,1,1.0,0.4,20201019_leedsutd_wolves,,,
2020-11-02,leedsutd,leicestercity,1,4,2.1,2.9,20201102_leedsutd_leicestercity,,,
2020-11-22,leedsutd,arsenal,0,0,1.8,0.9,20201122_leedsutd_arsenal,,,
2020-12-11,leedsutd,westham,1,2,1.6,1.3,20201211_leedsutd_westham,,,
2020-12-16,leedsutd,newcastleutd,5,2,2.7,1.5,20201216_leedsutd_newcastleutd,,,
2020-12-27,leedsutd,burnley,1,0,1.9,1.5,20201227_leedsutd_burnley,,,
2021-01-16,leedsutd,brighton,0,1,0.3,1.4,20210116_leedsutd_brighton,,,
2021-02-03,leedsutd,everton,1,2,1.3,1.6,20210203_leedsutd_everton,,,
2021-02-08,leedsutd,crystalpalace,2,0,1.9,0.4,20210208_leedsutd_crystalpalace,,,
2021-02-23,leedsutd,southampton,3,0,1.3,0.9,20210223_leedsutd_southampton,,,
2021-02-27,leedsutd,astonvilla,0,1,0.9,0.7,20210227_leedsutd_astonvilla,,,
2021-03-13,leedsutd,chelsea,0,0,0.4,1.0,20210313_leedsutd_chelsea,,,
2021-04-03,leedsutd,sheffieldutd,2,1,2.4,1.1,20210403_leedsutd_sheffieldutd,,,
2021-04-19,leedsutd,liverpool,1,1,2.3,1.4,20210419_leedsutd_liverpool,,,
2021-04-25,leedsutd,manchesterutd,0,0,0.3,1.2,20210425_leedsutd_manchesterutd,,,
2021-05-08,leedsutd,tottenham,3,1,2.5,0.9,20210508_leedsutd_tottenham,,,
2021-05-23,leedsutd,westbrom,3,1,2.3,1.0,20210523_leedsutd_westbrom,,,
2021-08-21,leedsutd,everton,2,2,1.2,1.8,20210821_leedsutd_everton,,,
2021-09-12,leedsutd,liverpool,0,3,1.2,4.3,20210912_leedsutd_liverpool,,,
2021-09-25,leedsutd,westham,1,2,1.2,1.6,20210925_leedsutd_westham,,,
2021-10-02,leedsutd,watford,1,0,1.3,0.2,20211002_leedsutd_watford,,,
2021-10-23,leedsutd,wolves,1,1,1.6,0.9,20211023_leedsutd_wolves,,,
2021-11-07,leedsutd,leicestercity,1,1,1.3,0.7,20211107_leedsutd_leicestercity,,,
2021-11-30,leedsutd,crystalpalace,1,0,1.4,1.1,20211130_leedsutd_crystalpalace,,,
2021-12-05,leedsutd,brentford,2,2,1.2,1.0,20211205_leedsutd_brentford,,,
2021-12-18,leedsutd,arsenal,1,4,1.6,3.5,20211218_leedsutd_arsenal,,,
2022-01-02,leedsutd,burnley,3,1,1.9,1.0,20220102_leedsutd_burnley,,,
2022-01-22,leedsutd,newcastleutd,0,1,0.7,0.9,20220122_leedsutd_newcastleutd,,,
2022-02-20,leedsutd,manchesterutd,2,4,1.8,2.2,20220220_leedsutd_manchesterutd,,,
2022-02-26,leedsutd,tottenham,0,4,1.5,1.9,20220226_leedsutd_tottenham,,,
2022-03-10,leedsutd,astonvilla,0,3,0.2,1.5,20220310_leedsutd_astonvilla,,,
2022-03-13,leedsutd,norwichcity,2,1,2.5,1.5,20220313_leedsutd_norwichcity,,,
2022-04-02,leedsutd,southampton,1,1,1.2,1.4,20220402_leedsutd_southampton,,,
2022-04-30,leedsutd,manchestercity,0,4,1.3,2.4,20220430_leedsutd_manchestercity,,,
2022-05-11,leedsutd,chelsea,0,3,0.4,1.3,20220511_leedsutd_chelsea,,,
2022-05-15,leedsutd,brighton,1,1,1.6,2.2,20220515_leedsutd_brighton,,,
2022-08-06,leedsutd,wolves,2,1,0.8,1.3,20220806_leedsutd_wolves,,,
2022-08-21,leedsutd,chelsea,3,0,2.1,0.9,20220821_leedsutd_chelsea,,,
2022-08-30,leedsutd,everton,1,1,1.0,1.0,20220830_leedsutd_everton,,,
2022-10-02,leedsutd,astonvilla,0,0,0.4,2.2,20221002_leedsutd_astonvilla,,,
2022-10-16,leedsutd,arsenal,0,1,1.8,0.5,20221016_leedsutd_arsenal,,,
2022-10-23,leedsutd,fulham,2,3,1.6,1.8,20221023_leedsutd_fulham,,,
2022-11-05,leedsutd,bournemouth,4,3,2.2,1.5,20221105_leedsutd_bournemouth,,,
2022-12-28,leedsutd,manchestercity,1,3,0.6,4.3,20221228_leedsutd_manchestercity,,,
2023-01-04,leedsutd,westham,2,2,1.6,1.4,20230104_leedsutd_westham,,,
2023-01-22,leedsutd,brentford,0,0,0.5,0.4,20230122_leedsutd_brentford,,,
2023-02-12,leedsutd,manchesterutd,0,2,1.8,1.1,20230212_leedsutd_manchesterutd,,,
2023-02-25,leedsutd,southampton,1,0,0.9,0.4,20230225_leedsutd_southampton,,,
2023-03-11,leedsutd,brighton,2,2,0.9,2.7,20230311_leedsutd_brighton,,,
2023-04-04,leedsutd,nott'hamforest,2,1,1.8,0.8,20230404_leedsutd_nott'hamforest,,,
2023-04-09,leedsutd,crystalpalace,1,5,0.9,3.0,20230409_leedsutd_crystalpalace,,,
2023-04-17,leedsutd,liverpool,1,6,1.4,2.7,20230417_leedsutd_liverpool,,,
2023-04-25,leedsutd,leicestercity,1,1,1.5,2.1,20230425_leedsutd_leicestercity,,,
2023-05-13,leedsutd,newcastleutd,2,2,2.0,2.3,20230513_leedsutd_newcastleutd,,,
2023-05-28,leedsutd,tottenham,1,4,1.5,2.2,20230528_leedsutd_tottenham,,,
2020-09-20,leicestercity,burnley,4,2,1.2,1.4,20200920_leicestercity_burnley,,,
2020-10-04,leicestercity,westham,0,3,0.6,2.0,20201004_leicestercity_westham,,,
2020-10-18,leicestercity,astonvilla,0,1,0.6,0.7,20201018_leicestercity_astonvilla,,,
2020-11-08,leicestercity,wolves,1,0,2.0,0.8,20201108_leicestercity_wolves,,,
2020-11-30,leicestercity,fulham,1,2,1.2,2.2,20201130_leicestercity_fulham,,,
2020-12-13,leicestercity,brighton,3,0,1.5,0.9,20201213_leicestercity_brighton,,,
2020-12-16,leicestercity,everton,0,2,0.8,1.4,20201216_leicestercity_everton,,,
2020-12-26,leicestercity,manchesterutd,2,2,0.9,1.7,20201226_leicestercity_manchesterutd,,,
2021-01-16,leicestercity,southampton,2,0,2.2,0.6,20210116_leicestercity_southampton,,,
2021-01-19,leicestercity,chelsea,2,0,1.4,0.7,20210119_leicestercity_chelsea,,,
2021-01-31,leicestercity,leedsutd,1,3,1.8,2.1,20210131_leicestercity_leedsutd,,,
2021-02-13,leicestercity,liverpool,3,1,1.9,1.7,20210213_leicestercity_liverpool,,,
2021-02-28,leicestercity,arsenal,1,3,0.4,2.3,20210228_leicestercity_arsenal,,,
2021-03-14,leicestercity,sheffieldutd,5,0,4.0,0.1,20210314_leicestercity_sheffieldutd,,,
2021-04-03,leicestercity,manchestercity,0,2,0.3,1.4,20210403_leicestercity_manchestercity,,,
2021-04-22,leicestercity,westbrom,3,0,2.1,0.5,20210422_leicestercity_westbrom,,,
2021-04-26,leicestercity,crystalpalace,2,1,1.5,0.7,20210426_leicestercity_crystalpalace,,,
2021-05-07,leicestercity,newcastleutd,2,4,2.2,2.7,20210507_leicestercity_newcastleutd,,,
2021-05-23,leicestercity,tottenham,2,4,1.9,1.5,20210523_leicestercity_tottenham,,,
2021-08-14,leicestercity,wolves,1,0,0.5,1.3,20210814_leicestercity_wolves,,,
2021-09-11,leicestercity,manchestercity,0,1,0.6,2.8,20210911_leicestercity_manchestercity,,,
2021-09-25,leicestercity,burnley,2,2,2.4,0.5,20210925_leicestercity_burnley,,,
2021-10-16,leicestercity,manchesterutd,4,2,2.4,1.2,20211016_leicestercity_manchesterutd,,,
2021-10-30,leicestercity,arsenal,0,2,1.3,0.7,20211030_leicestercity_arsenal,,,
2021-11-20,leicestercity,chelsea,0,3,0.4,2.0,20211120_leicestercity_chelsea,,,
2021-11-28,leicestercity,watford,4,2,2.1,2.8,20211128_leicestercity_watford,,,
2021-12-12,leicestercity,newcastleutd,4,0,2.6,1.0,20211212_leicestercity_newcastleutd,,,
2021-12-28,leicestercity,liverpool,1,0,0.4,2.3,20211228_leicestercity_liverpool,,,
2022-01-19,leicestercity,tottenham,2,3,1.2,3.1,20220119_leicestercity_tottenham,,,
2022-01-23,leicestercity,brighton,1,1,1.4,1.1,20220123_leicestercity_brighton,,,
2022-02-13,leicestercity,westham,2,2,1.4,1.1,20220213_leicestercity_westham,,,
2022-03-05,leicestercity,leedsutd,1,0,0.4,1.7,20220305_leicestercity_leedsutd,,,
2022-03-20,leicestercity,brentford,2,1,1.0,1.3,20220320_leicestercity_brentford,,,
2022-04-10,leicestercity,crystalpalace,2,1,1.0,1.4,20220410_leicestercity_crystalpalace,,,
2022-04-23,leicestercity,astonvilla,0,0,0.3,0.9,20220423_leicestercity_astonvilla,,,
2022-05-08,leicestercity,everton,1,2,1.5,1.1,20220508_leicestercity_everton,,,
2022-05-11,leicestercity,norwichcity,3,0,2.0,1.1,20220511_leicestercity_norwichcity,,,
2022-05-22,leicestercity,southampton,4,1,3.4,1.1,20220522_leicestercity_southampton,,,
2022-08-07,leicestercity,brentford,2,2,0.6,0.8,20220807_leicestercity_brentford,,,
2022-08-20,leicestercity,southampton,1,2,0.3,0.9,20220820_leicestercity_southampton,,,
2022-09-01,leicestercity,manchesterutd,0,1,0.7,1.5,20220901_leicestercity_manchesterutd,,,
2022-10-03,leicestercity,nott'hamforest,4,0,1.3,1.1,20221003_leicestercity_nott'hamforest,,,
2022-10-15,leicestercity,crystalpalace,0,0,1.0,0.4,20221015_leicestercity_crystalpalace,,,
2022-10-20,leicestercity,leedsutd,2,0,0.8,1.3,20221020_leicestercity_leedsutd,,,
2022-10-29,leicestercity,manchestercity,0,1,0.7,1.0,20221029_leicestercity_manchestercity,,,
2022-12-26,leicestercity,newcastleutd,0,3,0.5,1.9,20221226_leicestercity_newcastleutd,,,
2023-01-03,leicestercity,fulham,0,1,1.7,1.7,20230103_leicestercity_fulham,,,
2023-01-21,leicestercity,brighton,2,2,0.9,1.7,20230121_leicestercity_brighton,,,
2023-02-11,leicestercity,tottenham,4,1,1.7,1.3,20230211_leicestercity_tottenham,,,
2023-02-25,leicestercity,arsenal,0,1,0.0,0.7,20230225_leicestercity_arsenal,,,
2023-03-11,leicestercity,chelsea,1,3,2.4,1.6,20230311_leicestercity_chelsea,,,
2023-04-04,leicestercity,astonvilla,1,2,0.5,1.0,20230404_leicestercity_astonvilla,,,
2023-04-08,leicestercity,bournemouth,0,1,0.6,1.9,20230408_leicestercity_bournemouth,,,
2023-04-22,leicestercity,wolves,2,1,2.4,0.9,20230422_leicestercity_wolves,,,
2023-05-01,leicestercity,everton,2,2,3.4,3.1,20230501_leicestercity_everton,,,
2023-05-15,leicestercity,liverpool,0,3,0.4,2.2,20230515_leicestercity_liverpool,,,
2023-05-28,leicestercity,westham,2,1,1.4,1.4,20230528_leicestercity_westham,,,
2024-08-19,leicestercity,tottenham,1,1,1.0,1.2,20240819_leicestercity_tottenham,,,
2024-08-31,leicestercity,astonvilla,1,2,0.4,1.4,20240831_leicestercity_astonvilla,,,
2024-09-21,leicestercity,everton,1,1,0.7,1.1,20240921_leicestercity_everton,,,
2024-10-05,leicestercity,bournemouth,1,0,0.8,2.1,20241005_leicestercity_bournemouth,,,
2024-10-25,leicestercity,nott'hamforest,1,3,0.8,1.7,20241025_leicestercity_nott'hamforest,,,
2024-11-23,leicestercity,chelsea,1,2,1.1,2.7,20241123_leicestercity_chelsea,,,
2024-12-03,leicestercity,westham,3,1,1.7,3.0,20241203_leicestercity_westham,,,
2024-12-08,leicestercity,brighton,2,2,1.3,1.5,20241208_leicestercity_brighton,,,
2024-12-22,leicestercity,wolves,0,3,0.8,1.1,20241222_leicestercity_wolves,,,
2024-12-29,leicestercity,manchestercity,0,2,1.3,1.3,20241229_leicestercity_manchestercity,,,
2025-01-15,leicestercity,crystalpalace,0,2,1.7,1.8,20250115_leicestercity_crystalpalace,,,
2025-01-18,leicestercity,fulham,0,2,0.6,2.0,20250118_leicestercity_fulham,,,
2025-02-15,leicestercity,arsenal,0,2,0.2,1.4,20250215_leicestercity_arsenal,,,
2025-02-21,leicestercity,brentford,0,4,0.5,1.5,20250221_leicestercity_brentford,,,
2025-03-16,leicestercity,manchesterutd,0,3,1.0,0.9,20250316_leicestercity_manchesterutd,,,
2025-04-07,leicestercity,newcastleutd,0,3,0.5,3.2,20250407_leicestercity_newcastleutd,,,
2025-04-20,leicestercity,liverpool,0,1,0.3,2.5,20250420_leicestercity_liverpool,,,
2025-05-03,leicestercity,southampton,2,0,1.4,0.5,20250503_leicestercity_southampton,,,
2025-05-18,leicestercity,ipswichtown,2,0,0.8,1.4,20250518_leicestercity_ipswichtown,,,
2020-09-12,liverpool,leedsutd,4,3,2.7,0.3,20200912_liverpool_leedsutd,,,
2020-09-28,liverpool,arsenal,3,1,2.7,1.3,20200928_liverpool_arsenal,,,
2020-10-24,liverpool,sheffieldutd,2,1,2.3,1.6,20201024_liverpool_sheffieldutd,,,
2020-10-31,liverpool,westham,2,1,1.7,0.3,20201031_liverpool_westham,,,
2020-11-22,liverpool,leicestercity,3,0,3.1,1.6,20201122_liverpool_leicestercity,,,
2020-12-06,liverpool,wolves,4,0,1.2,0.4,20201206_liverpool_wolves,,,
2020-12-16,liverpool,tottenham,2,1,1.0,1.1,20201216_liverpool_tottenham,,,
2020-12-27,liverpool,westbrom,1,1,1.5,0.6,20201227_liverpool_westbrom,,,
2021-01-17,liverpool,manchesterutd,0,0,1.2,1.1,20210117_liverpool_manchesterutd,,,
2021-01-21,liverpool,burnley,0,1,1.6,1.1,20210121_liverpool_burnley,,,
2021-02-03,liverpool,brighton,0,1,1.0,1.3,20210203_liverpool_brighton,,,
2021-02-07,liverpool,manchestercity,1,4,1.2,3.5,20210207_liverpool_manchestercity,,,
2021-02-20,liverpool,everton,0,2,1.4,1.6,20210220_liverpool_everton,,,
2021-03-04,liverpool,chelsea,0,1,0.3,1.0,20210304_liverpool_chelsea,,,
2021-03-07,liverpool,fulham,0,1,0.9,1.3,20210307_liverpool_fulham,,,
2021-04-10,liverpool,astonvilla,2,1,2.3,0.5,20210410_liverpool_astonvilla,,,
2021-04-24,liverpool,newcastleutd,1,1,2.4,1.0,20210424_liverpool_newcastleutd,,,
2021-05-08,liverpool,southampton,2,0,1.7,1.1,20210508_liverpool_southampton,,,
2021-05-23,liverpool,crystalpalace,2,0,1.6,0.6,20210523_liverpool_crystalpalace,,,
2021-10-03,liverpool,manchestercity,2,2,0.9,1.2,20211003_liverpool_manchestercity,,,
2021-12-16,liverpool,newcastleutd,3,1,2.7,0.3,20211216_liverpool_newcastleutd,,,
2022-02-10,liverpool,leicestercity,2,0,1.8,0.5,20220210_liverpool_leicestercity,,,
2022-02-19,liverpool,norwichcity,3,1,3.6,0.6,20220219_liverpool_norwichcity,,,
2022-02-23,liverpool,leedsutd,6,0,5.9,0.2,20220223_liverpool_leedsutd,,,
2022-04-19,liverpool,manchesterutd,4,0,2.0,0.1,20220419_liverpool_manchesterutd,,,
2022-08-31,liverpool,newcastleutd,2,1,1.5,0.7,20220831_liverpool_newcastleutd,,,
2022-10-16,liverpool,manchestercity,1,0,2.1,1.0,20221016_liverpool_manchestercity,,,
2022-10-29,liverpool,leedsutd,1,2,1.7,1.8,20221029_liverpool_leedsutd,,,
2022-12-30,liverpool,leicestercity,2,1,2.2,1.0,20221230_liverpool_leicestercity,,,
2023-03-05,liverpool,manchesterutd,7,0,2.8,0.8,20230305_liverpool_manchesterutd,,,
2023-04-22,liverpool,nott'hamforest,3,2,2.8,0.9,20230422_liverpool_nott'hamforest,,,
2023-10-29,liverpool,nott'hamforest,3,0,3.2,0.4,20231029_liverpool_nott'hamforest,,,
2023-12-17,liverpool,manchesterutd,0,0,2.3,0.8,20231217_liverpool_manchesterutd,,,
2024-01-01,liverpool,newcastleutd,4,2,7.0,0.6,20240101_liverpool_newcastleutd,,,
2024-02-21,liverpool,lutontown,4,1,3.3,0.9,20240221_liverpool_lutontown,,,
2024-03-10,liverpool,manchestercity,1,1,2.7,1.6,20240310_liverpool_manchestercity,,,
2024-09-14,liverpool,nott'hamforest,0,1,0.9,0.4,20240914_liverpool_nott'hamforest,,,
2024-12-01,liverpool,manchestercity,2,0,3.4,0.8,20241201_liverpool_manchestercity,,,
2024-12-26,liverpool,leicestercity,3,1,2.0,0.3,20241226_liverpool_leicestercity,,,
2025-01-05,liverpool,manchesterutd,2,2,2.7,1.0,20250105_liverpool_manchesterutd,,,
2025-01-25,liverpool,ipswichtown,4,1,2.0,0.5,20250125_liverpool_ipswichtown,,,
2025-02-26,liverpool,newcastleutd,2,0,1.7,0.2,20250226_liverpool_newcastleutd,,,
2023-09-01,lutontown,westham,1,2,1.4,1.0,20230901_lutontown_westham,,,
2023-09-23,lutontown,wolves,1,1,2.1,0.6,20230923_lutontown_wolves,,,
2023-10-03,lutontown,burnley,1,2,1.3,1.1,20231003_lutontown_burnley,,,
2023-10-07,lutontown,tottenham,0,1,0.8,1.9,20231007_lutontown_tottenham,,,
2023-11-05,lutontown,liverpool,1,1,0.8,2.6,20231105_lutontown_liverpool,,,
2023-11-25,lutontown,crystalpalace,2,1,0.9,1.6,20231125_lutontown_crystalpalace,,,
2023-12-05,lutontown,arsenal,3,4,0.5,2.2,20231205_lutontown_arsenal,,,
2023-12-10,lutontown,manchestercity,1,2,0.3,1.6,20231210_lutontown_manchestercity,,,
2023-12-23,lutontown,newcastleutd,1,0,1.4,1.4,20231223_lutontown_newcastleutd,,,
2023-12-30,lutontown,chelsea,2,3,2.3,1.5,20231230_lutontown_chelsea,,,
2024-01-30,lutontown,brighton,4,0,3.1,0.9,20240130_lutontown_brighton,,,
2024-02-10,lutontown,sheffieldutd,1,3,1.8,1.7,20240210_lutontown_sheffieldutd,,,
2024-02-18,lutontown,manchesterutd,1,2,1.8,2.9,20240218_lutontown_manchesterutd,,,
2024-03-02,lutontown,astonvilla,2,3,1.8,1.9,20240302_lutontown_astonvilla,,,
2024-03-16,lutontown,nott'hamforest,1,1,0.6,2.0,20240316_lutontown_nott'hamforest,,,
2024-04-06,lutontown,bournemouth,2,1,1.5,0.4,20240406_lutontown_bournemouth,,,
2024-04-20,lutontown,brentford,1,5,0.6,3.1,20240420_lutontown_brentford,,,
2024-05-03,lutontown,everton,1,1,0.8,1.4,20240503_lutontown_everton,,,
2024-05-19,lutontown,fulham,2,4,2.0,1.1,20240519_lutontown_fulham,,,
2020-09-27,manchestercity,leicestercity,2,5,0.9,2.9,20200927_manchestercity_leicestercity,,,
2020-10-17,manchestercity,arsenal,1,0,1.3,0.9,20201017_manchestercity_arsenal,,,
2020-11-08,manchestercity,liverpool,1,1,1.4,1.2,20201108_manchestercity_liverpool,,,
2020-11-28,manchestercity,burnley,5,0,1.7,0.5,20201128_manchestercity_burnley,,,
2020-12-05,manchestercity,fulham,2,0,2.9,0.3,20201205_manchestercity_fulham,,,
2020-12-15,manchestercity,westbrom,1,1,2.2,0.4,20201215_manchestercity_westbrom,,,
2020-12-26,manchestercity,newcastleutd,2,0,3.0,0.3,20201226_manchestercity_newcastleutd,,,
2021-01-13,manchestercity,brighton,1,0,2.0,0.2,20210113_manchestercity_brighton,,,
2021-01-17,manchestercity,crystalpalace,4,0,0.7,0.1,20210117_manchestercity_crystalpalace,,,
2021-01-20,manchestercity,astonvilla,2,0,3.4,0.6,20210120_manchestercity_astonvilla,,,
2021-01-30,manchestercity,sheffieldutd,1,0,1.5,0.2,20210130_manchestercity_sheffieldutd,,,
2021-02-13,manchestercity,tottenham,3,0,2.2,0.3,20210213_manchestercity_tottenham,,,
2021-02-27,manchestercity,westham,2,1,0.5,1.5,20210227_manchestercity_westham,,,
2021-03-02,manchestercity,wolves,4,1,3.3,0.3,20210302_manchestercity_wolves,,,
2021-03-07,manchestercity,manchesterutd,0,2,1.3,1.7,20210307_manchestercity_manchesterutd,,,
2021-03-10,manchestercity,southampton,5,2,2.6,1.6,20210310_manchestercity_southampton,,,
2021-04-10,manchestercity,leedsutd,1,2,2.1,0.1,20210410_manchestercity_leedsutd,,,
2021-05-08,manchestercity,chelsea,1,2,1.8,0.7,20210508_manchestercity_chelsea,,,
2021-05-23,manchestercity,everton,5,0,2.5,1.1,20210523_manchestercity_everton,,,
2021-08-21,manchestercity,norwichcity,5,0,2.6,0.1,20210821_manchestercity_norwichcity,,,
2021-08-28,manchestercity,arsenal,5,0,4.4,0.2,20210828_manchestercity_arsenal,,,
2021-09-18,manchestercity,southampton,0,0,1.0,0.4,20210918_manchestercity_southampton,,,
2021-10-16,manchestercity,burnley,2,0,2.1,0.9,20211016_manchestercity_burnley,,,
2021-10-30,manchestercity,crystalpalace,0,2,0.7,0.7,20211030_manchestercity_crystalpalace,,,
2021-11-21,manchestercity,everton,3,0,2.5,0.2,20211121_manchestercity_everton,,,
2021-11-28,manchestercity,westham,2,1,2.1,0.2,20211128_manchestercity_westham,,,
2021-12-11,manchestercity,wolves,1,0,3.2,0.2,20211211_manchestercity_wolves,,,
2021-12-14,manchestercity,leedsutd,7,0,3.1,0.3,20211214_manchestercity_leedsutd,,,
2021-12-26,manchestercity,leicestercity,6,3,3.6,2.7,20211226_manchestercity_leicestercity,,,
2022-01-15,manchestercity,chelsea,1,0,1.0,0.3,20220115_manchestercity_chelsea,,,
2022-02-09,manchestercity,brentford,2,0,1.9,0.4,20220209_manchestercity_brentford,,,
2022-02-19,manchestercity,tottenham,2,3,2.1,1.4,20220219_manchestercity_tottenham,,,
2022-03-06,manchestercity,manchesterutd,4,1,2.7,0.5,20220306_manchestercity_manchesterutd,,,
2022-04-10,manchestercity,liverpool,2,2,1.3,1.3,20220410_manchestercity_liverpool,,,
2022-04-20,manchestercity,brighton,3,0,1.3,0.2,20220420_manchestercity_brighton,,,
2022-04-23,manchestercity,watford,5,1,3.6,0.5,20220423_manchestercity_watford,,,
2022-05-08,manchestercity,newcastleutd,5,0,3.1,0.8,20220508_manchestercity_newcastleutd,,,
2022-05-22,manchestercity,astonvilla,3,2,3.4,0.2,20220522_manchestercity_astonvilla,,,
2022-08-13,manchestercity,bournemouth,4,0,1.7,0.1,20220813_manchestercity_bournemouth,,,
2022-08-27,manchestercity,crystalpalace,4,2,2.2,0.1,20220827_manchestercity_crystalpalace,,,
2022-08-31,manchestercity,nott'hamforest,6,0,3.3,0.7,20220831_manchestercity_nott'hamforest,,,
2022-10-02,manchestercity,manchesterutd,6,3,3.2,1.7,20221002_manchestercity_manchesterutd,,,
2022-10-08,manchestercity,southampton,4,0,2.4,0.2,20221008_manchestercity_southampton,,,
2022-10-22,manchestercity,brighton,3,1,1.6,0.5,20221022_manchestercity_brighton,,,
2022-11-05,manchestercity,fulham,2,1,2.1,1.0,20221105_manchestercity_fulham,,,
2022-11-12,manchestercity,brentford,1,2,1.6,1.3,20221112_manchestercity_brentford,,,
2022-12-31,manchestercity,everton,1,1,1.7,0.1,20221231_manchestercity_everton,,,
2023-01-19,manchestercity,tottenham,4,2,2.3,0.8,20230119_manchestercity_tottenham,,,
2023-01-22,manchestercity,wolves,3,0,2.8,0.8,20230122_manchestercity_wolves,,,
2023-02-12,manchestercity,astonvilla,3,1,3.3,0.3,20230212_manchestercity_astonvilla,,,
2023-03-04,manchestercity,newcastleutd,2,0,1.3,0.4,20230304_manchestercity_newcastleutd,,,
2023-04-01,manchestercity,liverpool,4,1,2.9,0.3,20230401_manchestercity_liverpool,,,
2023-04-15,manchestercity,leicestercity,3,1,1.6,2.3,20230415_manchestercity_leicestercity,,,
2023-04-26,manchestercity,arsenal,4,1,2.5,0.5,20230426_manchestercity_arsenal,,,
2023-05-03,manchestercity,westham,3,0,2.3,0.4,20230503_manchestercity_westham,,,
2023-05-06,manchestercity,leedsutd,2,1,2.6,0.2,20230506_manchestercity_leedsutd,,,
2023-05-21,manchestercity,chelsea,1,0,1.2,1.2,20230521_manchestercity_chelsea,,,
2023-08-19,manchestercity,newcastleutd,1,0,1.0,0.3,20230819_manchestercity_newcastleutd,,,
2023-09-02,manchestercity,fulham,5,1,2.2,1.4,20230902_manchestercity_fulham,,,
2023-09-23,manchestercity,nott'hamforest,2,0,1.3,1.0,20230923_manchestercity_nott'hamforest,,,
2023-10-21,manchestercity,brighton,2,1,0.8,0.8,20231021_manchestercity_brighton,,,
2023-11-04,manchestercity,bournemouth,6,1,1.9,0.9,20231104_manchestercity_bournemouth,,,
2023-11-25,manchestercity,liverpool,1,1,1.3,0.6,20231125_manchestercity_liverpool,,,
2023-12-03,manchestercity,tottenham,3,3,2.6,0.5,20231203_manchestercity_tottenham,,,
2023-12-16,manchestercity,crystalpalace,2,2,1.6,1.8,20231216_manchestercity_crystalpalace,,,
2023-12-30,manchestercity,sheffieldutd,2,0,2.2,0.3,20231230_manchestercity_sheffieldutd,,,
2024-01-31,manchestercity,burnley,3,1,1.7,1.4,20240131_manchestercity_burnley,,,
2024-02-10,manchestercity,everton,2,0,1.6,0.3,20240210_manchestercity_everton,,,
2024-02-17,manchestercity,chelsea,1,1,2.6,1.4,20240217_manchestercity_chelsea,,,
2024-02-20,manchestercity,brentford,1,0,2.3,0.4,20240220_manchestercity_brentford,,,
2024-03-03,manchestercity,manchesterutd,3,1,3.3,0.2,20240303_manchestercity_manchesterutd,,,
2024-03-31,manchestercity,arsenal,0,0,1.0,0.7,20240331_manchestercity_arsenal,,,
2024-04-03,manchestercity,astonvilla,4,1,3.4,0.8,20240403_manchestercity_astonvilla,,,
2024-04-13,manchestercity,lutontown,5,1,4.2,0.5,20240413_manchestercity_lutontown,,,
2024-05-04,manchestercity,wolves,5,1,3.7,0.3,20240504_manchestercity_wolves,,,
2024-05-19,manchestercity,westham,3,1,1.9,0.4,20240519_manchestercity_westham,,,
2024-08-24,manchestercity,ipswichtown,4,1,3.3,0.3,20240824_manchestercity_ipswichtown,,,
2024-09-14,manchestercity,brentford,2,1,2.1,1.0,20240914_manchestercity_brentford,,,
2024-09-22,manchestercity,arsenal,2,2,2.1,0.7,20240922_manchestercity_arsenal,,,
2024-10-05,manchestercity,fulham,3,2,1.6,2.6,20241005_manchestercity_fulham,,,
2024-10-26,manchestercity,southampton,1,0,2.9,0.2,20241026_manchestercity_southampton,,,
2024-11-23,manchestercity,tottenham,0,4,2.1,2.5,20241123_manchestercity_tottenham,,,
2024-12-04,manchestercity,nott'hamforest,3,0,2.4,1.0,20241204_manchestercity_nott'hamforest,,,
2024-12-15,manchestercity,manchesterutd,1,2,0.9,2.1,20241215_manchestercity_manchesterutd,,,
2024-12-26,manchestercity,everton,1,1,2.1,0.7,20241226_manchestercity_everton,,,
2025-01-04,manchestercity,westham,4,1,1.9,1.4,20250104_manchestercity_westham,,,
2025-01-25,manchestercity,chelsea,3,1,2.2,1.8,20250125_manchestercity_chelsea,,,
2025-02-15,manchestercity,newcastleutd,4,0,1.9,0.5,20250215_manchestercity_newcastleutd,,,
2025-02-23,manchestercity,liverpool,0,2,0.6,0.7,20250223_manchestercity_liverpool,,,
2025-03-15,manchestercity,brighton,2,2,1.7,2.0,20250315_manchestercity_brighton,,,
2025-04-02,manchestercity,leicestercity,2,0,2.2,0.1,20250402_manchestercity_leicestercity,,,
2025-04-12,manchestercity,crystalpalace,5,2,3.7,1.8,20250412_manchestercity_crystalpalace,,,
2025-04-22,manchestercity,astonvilla,2,1,1.3,1.8,20250422_manchestercity_astonvilla,,,
2025-05-02,manchestercity,wolves,1,0,0.7,0.4,20250502_manchestercity_wolves,,,
2025-05-20,manchestercity,bournemouth,3,1,1.5,1.1,20250520_manchestercity_bournemouth,,,
2020-09-19,manchesterutd,crystalpalace,1,3,1.2,1.6,20200919_manchesterutd_crystalpalace,,,
2020-10-04,manchesterutd,tottenham,1,6,0.9,3.4,20201004_manchesterutd_tottenham,,,
2020-10-24,manchesterutd,chelsea,0,0,0.6,0.2,20201024_manchesterutd_chelsea,,,
2020-11-01,manchesterutd,arsenal,0,1,0.4,1.0,20201101_manchesterutd_arsenal,,,
2020-11-21,manchesterutd,westbrom,1,0,2.4,0.6,20201121_manchesterutd_westbrom,,,
2020-12-12,manchesterutd,manchestercity,0,0,0.6,1.3,20201212_manchesterutd_manchestercity,,,
2020-12-20,manchesterutd,leedsutd,6,2,3.6,1.8,20201220_manchesterutd_leedsutd,,,
2020-12-29,manchesterutd,wolves,1,0,1.5,0.5,20201229_manchesterutd_wolves,,,
2021-01-01,manchesterutd,astonvilla,2,1,2.1,1.4,20210101_manchesterutd_astonvilla,,,
2021-01-27,manchesterutd,sheffieldutd,1,2,1.1,1.0,20210127_manchesterutd_sheffieldutd,,,
2021-02-02,manchesterutd,southampton,9,0,4.7,0.5,20210202_manchesterutd_southampton,,,
2021-02-06,manchesterutd,everton,3,3,1.8,1.5,20210206_manchesterutd_everton,,,
2021-02-21,manchesterutd,newcastleutd,3,1,1.7,0.4,20210221_manchesterutd_newcastleutd,,,
2021-03-14,manchesterutd,westham,1,0,1.5,0.6,20210314_manchesterutd_westham,,,
2021-04-04,manchesterutd,brighton,2,1,1.5,1.2,20210404_manchesterutd_brighton,,,
2021-04-18,manchesterutd,burnley,3,1,2.5,0.9,20210418_manchesterutd_burnley,,,
2021-05-11,manchesterutd,leicestercity,1,2,0.2,0.9,20210511_manchesterutd_leicestercity,,,
2021-05-13,manchesterutd,liverpool,2,4,1.9,2.7,20210513_manchesterutd_liverpool,,,
2021-05-18,manchesterutd,fulham,1,1,0.9,0.9,20210518_manchesterutd_fulham,,,
2021-08-14,manchesterutd,leedsutd,5,1,1.5,0.5,20210814_manchesterutd_leedsutd,,,
2021-09-11,manchesterutd,newcastleutd,4,1,2.5,0.4,20210911_manchesterutd_newcastleutd,,,
2021-09-25,manchesterutd,astonvilla,0,1,2.2,1.0,20210925_manchesterutd_astonvilla,,,
2021-10-02,manchesterutd,everton,1,1,1.0,1.3,20211002_manchesterutd_everton,,,
2021-10-24,manchesterutd,liverpool,0,5,1.6,3.4,20211024_manchesterutd_liverpool,,,
2021-11-06,manchesterutd,manchestercity,0,2,0.9,1.6,20211106_manchesterutd_manchestercity,,,
2021-12-02,manchesterutd,arsenal,3,2,1.9,1.4,20211202_manchesterutd_arsenal,,,
2021-12-05,manchesterutd,crystalpalace,1,0,0.9,0.5,20211205_manchesterutd_crystalpalace,,,
2021-12-30,manchesterutd,burnley,3,1,2.4,1.1,20211230_manchesterutd_burnley,,,
2022-01-03,manchesterutd,wolves,0,1,0.8,0.7,20220103_manchesterutd_wolves,,,
2022-01-22,manchesterutd,westham,1,0,1.9,0.3,20220122_manchesterutd_westham,,,
2022-02-12,manchesterutd,southampton,1,1,2.1,0.8,20220212_manchesterutd_southampton,,,
2022-02-15,manchesterutd,brighton,2,0,1.7,0.7,20220215_manchesterutd_brighton,,,
2022-02-26,manchesterutd,watford,0,0,2.8,0.6,20220226_manchesterutd_watford,,,
2022-03-12,manchesterutd,tottenham,3,2,1.0,1.5,20220312_manchesterutd_tottenham,,,
2022-04-02,manchesterutd,leicestercity,1,1,0.9,0.8,20220402_manchesterutd_leicestercity,,,
2022-04-16,manchesterutd,norwichcity,3,2,1.9,1.5,20220416_manchesterutd_norwichcity,,,
2022-04-28,manchesterutd,chelsea,1,1,0.5,1.9,20220428_manchesterutd_chelsea,,,
2022-05-02,manchesterutd,brentford,3,0,2.0,0.6,20220502_manchesterutd_brentford,,,
2022-08-07,manchesterutd,brighton,1,2,1.4,1.5,20220807_manchesterutd_brighton,,,
2022-08-22,manchesterutd,liverpool,2,1,1.8,1.3,20220822_manchesterutd_liverpool,,,
2022-09-04,manchesterutd,arsenal,3,1,1.5,1.3,20220904_manchesterutd_arsenal,,,
2022-10-16,manchesterutd,newcastleutd,0,0,0.8,0.8,20221016_manchesterutd_newcastleutd,,,
2022-10-19,manchesterutd,tottenham,2,0,1.5,0.6,20221019_manchesterutd_tottenham,,,
2022-10-30,manchesterutd,westham,1,0,1.2,1.1,20221030_manchesterutd_westham,,,
2022-12-27,manchesterutd,nott'hamforest,3,0,2.4,0.7,20221227_manchesterutd_nott'hamforest,,,
2023-01-03,manchesterutd,bournemouth,3,0,2.2,0.6,20230103_manchesterutd_bournemouth,,,
2023-01-14,manchesterutd,manchestercity,2,1,1.7,0.6,20230114_manchesterutd_manchestercity,,,
2023-02-04,manchesterutd,crystalpalace,2,1,2.0,1.3,20230204_manchesterutd_crystalpalace,,,
2023-02-08,manchesterutd,leedsutd,2,2,2.0,0.6,20230208_manchesterutd_leedsutd,,,
2023-02-19,manchesterutd,leicestercity,3,0,4.4,1.6,20230219_manchesterutd_leicestercity,,,
2023-03-12,manchesterutd,southampton,0,0,0.8,1.0,20230312_manchesterutd_southampton,,,
2023-04-05,manchesterutd,brentford,1,0,1.2,0.7,20230405_manchesterutd_brentford,,,
2023-04-08,manchesterutd,everton,2,0,3.4,1.0,20230408_manchesterutd_everton,,,
2023-04-30,manchesterutd,astonvilla,1,0,1.2,0.6,20230430_manchesterutd_astonvilla,,,
2023-05-13,manchesterutd,wolves,2,0,3.2,0.3,20230513_manchesterutd_wolves,,,
2023-05-25,manchesterutd,chelsea,4,1,5.2,1.9,20230525_manchesterutd_chelsea,,,
2023-05-28,manchesterutd,fulham,2,1,2.9,1.8,20230528_manchesterutd_fulham,,,
2023-08-14,manchesterutd,wolves,1,0,2.2,2.2,20230814_manchesterutd_wolves,,,
2023-08-26,manchesterutd,nott'hamforest,3,2,2.8,1.2,20230826_manchesterutd_nott'hamforest,,,
2023-09-16,manchesterutd,brighton,1,3,1.0,1.7,20230916_manchesterutd_brighton,,,
2023-09-30,manchesterutd,crystalpalace,0,1,1.3,0.9,20230930_manchesterutd_crystalpalace,,,
2023-10-07,manchesterutd,brentford,2,1,1.4,0.9,20231007_manchesterutd_brentford,,,
2023-10-29,manchesterutd,manchestercity,0,3,0.9,4.0,20231029_manchesterutd_manchestercity,,,
2023-11-11,manchesterutd,lutontown,1,0,2.2,0.4,20231111_manchesterutd_lutontown,,,
2023-12-06,manchesterutd,chelsea,2,1,4.1,1.5,20231206_manchesterutd_chelsea,,,
2023-12-09,manchesterutd,bournemouth,0,3,1.1,1.5,20231209_manchesterutd_bournemouth,,,
2023-12-26,manchesterutd,astonvilla,3,2,1.1,1.7,20231226_manchesterutd_astonvilla,,,
2024-01-14,manchesterutd,tottenham,2,2,0.8,1.2,20240114_manchesterutd_tottenham,,,
2024-02-04,manchesterutd,westham,3,0,0.7,1.4,20240204_manchesterutd_westham,,,
2024-02-24,manchesterutd,fulham,1,2,1.7,1.2,20240224_manchesterutd_fulham,,,
2024-03-09,manchesterutd,everton,2,0,2.7,1.6,20240309_manchesterutd_everton,,,
2024-04-07,manchesterutd,liverpool,2,2,0.7,3.6,20240407_manchesterutd_liverpool,,,
2024-04-24,manchesterutd,sheffieldutd,4,2,2.9,0.8,20240424_manchesterutd_sheffieldutd,,,
2024-04-27,manchesterutd,burnley,1,1,2.7,2.1,20240427_manchesterutd_burnley,,,
2024-05-12,manchesterutd,arsenal,0,1,0.5,1.5,20240512_manchesterutd_arsenal,,,
2024-05-15,manchesterutd,newcastleutd,3,2,1.5,2.2,20240515_manchesterutd_newcastleutd,,,
2024-08-16,manchesterutd,fulham,1,0,2.4,0.4,20240816_manchesterutd_fulham,,,
2024-09-01,manchesterutd,liverpool,0,3,1.4,1.8,20240901_manchesterutd_liverpool,,,
2024-09-29,manchesterutd,tottenham,0,3,1.0,4.4,20240929_manchesterutd_tottenham,,,
2024-10-19,manchesterutd,brentford,2,1,1.3,0.9,20241019_manchesterutd_brentford,,,
2024-11-03,manchesterutd,chelsea,1,1,2.0,1.1,20241103_manchesterutd_chelsea,,,
2024-11-10,manchesterutd,leicestercity,3,0,0.8,0.6,20241110_manchesterutd_leicestercity,,,
2024-12-01,manchesterutd,everton,4,0,1.1,0.6,20241201_manchesterutd_everton,,,
2024-12-07,manchesterutd,nott'hamforest,2,3,1.6,0.8,20241207_manchesterutd_nott'hamforest,,,
2024-12-22,manchesterutd,bournemouth,0,3,2.2,1.6,20241222_manchesterutd_bournemouth,,,
2024-12-30,manchesterutd,newcastleutd,0,2,0.8,1.9,20241230_manchesterutd_newcastleutd,,,
2025-01-16,manchesterutd,southampton,3,1,3.4,1.4,20250116_manchesterutd_southampton,,,
2025-01-19,manchesterutd,brighton,1,3,1.5,1.9,20250119_manchesterutd_brighton,,,
2025-02-02,manchesterutd,crystalpalace,0,2,1.1,2.6,20250202_manchesterutd_crystalpalace,,,
2025-02-26,manchesterutd,ipswichtown,3,2,0.7,1.4,20250226_manchesterutd_ipswichtown,,,
2025-03-09,manchesterutd,arsenal,1,1,1.5,1.6,20250309_manchesterutd_arsenal,,,
2025-04-06,manchesterutd,manchestercity,0,0,0.9,0.5,20250406_manchesterutd_manchestercity,,,
2025-04-20,manchesterutd,wolves,0,1,1.3,0.2,20250420_manchesterutd_wolves,,,
2025-05-11,manchesterutd,westham,0,2,2.1,1.7,20250511_manchesterutd_westham,,,
2025-05-25,manchesterutd,astonvilla,2,0,2.9,0.4,20250525_manchesterutd_astonvilla,,,
2020-09-20,newcastleutd,brighton,0,3,0.5,1.8,20200920_newcastleutd_brighton,,,
2020-10-03,newcastleutd,burnley,3,1,1.8,0.4,20201003_newcastleutd_burnley,,,
2020-10-17,newcastleutd,manchesterutd,1,4,0.9,2.3,20201017_newcastleutd_manchesterutd,,,
2020-11-01,newcastleutd,everton,2,1,2.9,1.5,20201101_newcastleutd_everton,,,
2020-11-21,newcastleutd,chelsea,0,2,0.3,1.5,20201121_newcastleutd_chelsea,,,
2020-12-12,newcastleutd,westbrom,2,1,0.8,0.6,20201212_newcastleutd_westbrom,,,
2020-12-19,newcastleutd,fulham,1,1,1.4,1.0,20201219_newcastleutd_fulham,,,
2020-12-30,newcastleutd,liverpool,0,0,0.5,1.4,20201230_newcastleutd_liverpool,,,
2021-01-03,newcastleutd,leicestercity,1,2,0.5,0.6,20210103_newcastleutd_leicestercity,,,
2021-01-26,newcastleutd,leedsutd,1,2,1.4,0.7,20210126_newcastleutd_leedsutd,,,
2021-02-02,newcastleutd,crystalpalace,1,2,1.9,0.7,20210202_newcastleutd_crystalpalace,,,
2021-02-06,newcastleutd,southampton,3,2,0.7,1.3,20210206_newcastleutd_southampton,,,
2021-02-27,newcastleutd,wolves,1,1,1.7,1.1,20210227_newcastleutd_wolves,,,
2021-03-12,newcastleutd,astonvilla,1,1,1.5,0.9,20210312_newcastleutd_astonvilla,,,
2021-04-04,newcastleutd,tottenham,2,2,3.4,2.7,20210404_newcastleutd_tottenham,,,
2021-04-17,newcastleutd,westham,3,2,2.2,1.9,20210417_newcastleutd_westham,,,
2021-05-02,newcastleutd,arsenal,0,2,0.3,2.0,20210502_newcastleutd_arsenal,,,
2021-05-14,newcastleutd,manchestercity,3,4,2.2,1.5,20210514_newcastleutd_manchestercity,,,
2021-05-19,newcastleutd,sheffieldutd,1,0,1.6,0.9,20210519_newcastleutd_sheffieldutd,,,
2021-08-15,newcastleutd,westham,2,4,1.8,2.7,20210815_newcastleutd_westham,,,
2021-08-28,newcastleutd,southampton,2,2,1.0,3.6,20210828_newcastleutd_southampton,,,
2021-09-17,newcastleutd,leedsutd,1,1,1.3,1.5,20210917_newcastleutd_leedsutd,,,
2021-10-17,newcastleutd,tottenham,2,3,0.4,1.7,20211017_newcastleutd_tottenham,,,
2021-10-30,newcastleutd,chelsea,0,3,0.2,2.2,20211030_newcastleutd_chelsea,,,
2021-11-20,newcastleutd,brentford,3,3,1.5,0.9,20211120_newcastleutd_brentford,,,
2021-11-30,newcastleutd,norwichcity,1,1,1.1,1.2,20211130_newcastleutd_norwichcity,,,
2021-12-04,newcastleutd,burnley,1,0,1.0,0.6,20211204_newcastleutd_burnley,,,
2021-12-19,newcastleutd,manchestercity,0,4,0.3,2.9,20211219_newcastleutd_manchestercity,,,
2021-12-27,newcastleutd,manchesterutd,1,1,1.3,1.6,20211227_newcastleutd_manchesterutd,,,
2022-01-15,newcastleutd,watford,1,1,1.2,1.4,20220115_newcastleutd_watford,,,
2022-02-08,newcastleutd,everton,3,1,1.9,0.7,20220208_newcastleutd_everton,,,
2022-02-13,newcastleutd,astonvilla,1,0,0.5,0.6,20220213_newcastleutd_astonvilla,,,
2022-03-05,newcastleutd,brighton,2,1,1.7,1.5,20220305_newcastleutd_brighton,,,
2022-04-08,newcastleutd,wolves,1,0,1.5,0.4,20220408_newcastleutd_wolves,,,
2022-04-17,newcastleutd,leicestercity,2,1,1.8,0.6,20220417_newcastleutd_leicestercity,,,
2022-04-20,newcastleutd,crystalpalace,1,0,0.9,0.5,20220420_newcastleutd_crystalpalace,,,
2022-04-30,newcastleutd,liverpool,0,1,0.2,2.3,20220430_newcastleutd_liverpool,,,
2022-05-16,newcastleutd,arsenal,2,0,1.6,0.6,20220516_newcastleutd_arsenal,,,
2022-08-06,newcastleutd,nott'hamforest,2,0,1.7,0.3,20220806_newcastleutd_nott'hamforest,,,
2022-08-21,newcastleutd,manchestercity,3,3,1.8,2.1,20220821_newcastleutd_manchestercity,,,
2022-09-03,newcastleutd,crystalpalace,0,0,2.8,1.0,20220903_newcastleutd_crystalpalace,,,
2022-09-17,newcastleutd,bournemouth,1,1,1.9,0.7,20220917_newcastleutd_bournemouth,,,
2022-10-08,newcastleutd,brentford,5,1,1.5,1.2,20221008_newcastleutd_brentford,,,
2022-10-19,newcastleutd,everton,1,0,1.5,0.2,20221019_newcastleutd_everton,,,
2022-10-29,newcastleutd,astonvilla,4,0,3.4,0.4,20221029_newcastleutd_astonvilla,,,
2022-11-12,newcastleutd,chelsea,1,0,1.0,0.3,20221112_newcastleutd_chelsea,,,
2022-12-31,newcastleutd,leedsutd,0,0,2.2,0.4,20221231_newcastleutd_leedsutd,,,
2023-01-15,newcastleutd,fulham,1,0,2.2,1.1,20230115_newcastleutd_fulham,,,
2023-02-04,newcastleutd,westham,1,1,1.0,1.0,20230204_newcastleutd_westham,,,
2023-02-18,newcastleutd,liverpool,0,2,2.0,1.9,20230218_newcastleutd_liverpool,,,
2023-03-12,newcastleutd,wolves,2,1,1.8,1.1,20230312_newcastleutd_wolves,,,
2023-04-02,newcastleutd,manchesterutd,2,0,3.7,0.4,20230402_newcastleutd_manchesterutd,,,
2023-04-23,newcastleutd,tottenham,6,1,3.7,1.0,20230423_newcastleutd_tottenham,,,
2023-04-30,newcastleutd,southampton,3,1,4.3,0.8,20230430_newcastleutd_southampton,,,
2023-05-07,newcastleutd,arsenal,0,2,1.3,1.3,20230507_newcastleutd_arsenal,,,
2023-05-18,newcastleutd,brighton,4,1,3.6,0.5,20230518_newcastleutd_brighton,,,
2023-05-22,newcastleutd,leicestercity,0,0,2.1,0.1,20230522_newcastleutd_leicestercity,,,
2023-08-12,newcastleutd,astonvilla,5,1,3.3,1.8,20230812_newcastleutd_astonvilla,,,
2023-08-27,newcastleutd,liverpool,1,2,2.0,0.9,20230827_newcastleutd_liverpool,,,
2023-09-16,newcastleutd,brentford,1,0,1.4,0.5,20230916_newcastleutd_brentford,,,
2023-09-30,newcastleutd,burnley,2,0,3.1,0.6,20230930_newcastleutd_burnley,,,
2023-10-21,newcastleutd,crystalpalace,4,0,2.4,1.2,20231021_newcastleutd_crystalpalace,,,
2023-11-04,newcastleutd,arsenal,1,0,1.0,0.6,20231104_newcastleutd_arsenal,,,
2023-11-25,newcastleutd,chelsea,4,1,2.4,0.5,20231125_newcastleutd_chelsea,,,
2023-12-02,newcastleutd,manchesterutd,1,0,2.4,0.5,20231202_newcastleutd_manchesterutd,,,
2023-12-16,newcastleutd,fulham,3,0,3.5,0.3,20231216_newcastleutd_fulham,,,
2023-12-26,newcastleutd,nott'hamforest,1,3,2.4,3.5,20231226_newcastleutd_nott'hamforest,,,
2024-01-13,newcastleutd,manchestercity,2,3,1.3,3.0,20240113_newcastleutd_manchestercity,,,
2024-02-03,newcastleutd,lutontown,4,4,2.3,2.4,20240203_newcastleutd_lutontown,,,
2024-02-17,newcastleutd,bournemouth,2,2,2.2,2.2,20240217_newcastleutd_bournemouth,,,
2024-03-02,newcastleutd,wolves,3,0,2.1,0.8,20240302_newcastleutd_wolves,,,
2024-03-30,newcastleutd,westham,4,3,4.1,1.4,20240330_newcastleutd_westham,,,
2024-04-02,newcastleutd,everton,1,1,2.4,1.4,20240402_newcastleutd_everton,,,
2024-04-13,newcastleutd,tottenham,4,0,2.8,0.8,20240413_newcastleutd_tottenham,,,
2024-04-27,newcastleutd,sheffieldutd,5,1,3.1,1.5,20240427_newcastleutd_sheffieldutd,,,
2024-05-11,newcastleutd,brighton,1,1,2.2,1.4,20240511_newcastleutd_brighton,,,
2024-08-17,newcastleutd,southampton,1,0,0.3,1.8,20240817_newcastleutd_southampton,,,
2024-09-01,newcastleutd,tottenham,2,1,1.8,1.2,20240901_newcastleutd_tottenham,,,
2024-09-28,newcastleutd,manchestercity,1,1,1.6,0.9,20240928_newcastleutd_manchestercity,,,
2024-10-19,newcastleutd,brighton,0,1,2.0,1.1,20241019_newcastleutd_brighton,,,
2024-11-02,newcastleutd,arsenal,1,0,0.5,1.1,20241102_newcastleutd_arsenal,,,
2024-11-25,newcastleutd,westham,0,2,1.6,0.9,20241125_newcastleutd_westham,,,
2024-12-04,newcastleutd,liverpool,3,3,2.1,1.9,20241204_newcastleutd_liverpool,,,
2024-12-14,newcastleutd,leicestercity,4,0,3.8,0.2,20241214_newcastleutd_leicestercity,,,
2024-12-26,newcastleutd,astonvilla,3,0,2.7,0.3,20241226_newcastleutd_astonvilla,,,
2025-01-15,newcastleutd,wolves,3,0,2.1,1.6,20250115_newcastleutd_wolves,,,
2025-01-18,newcastleutd,bournemouth,1,4,0.8,2.0,20250118_newcastleutd_bournemouth,,,
2025-02-01,newcastleutd,fulham,1,2,0.8,1.6,20250201_newcastleutd_fulham,,,
2025-02-23,newcastleutd,nott'hamforest,4,3,2.9,1.7,20250223_newcastleutd_nott'hamforest,,,
2025-04-02,newcastleutd,brentford,2,1,1.3,1.5,20250402_newcastleutd_brentford,,,
2025-04-13,newcastleutd,manchesterutd,4,1,2.2,0.7,20250413_newcastleutd_manchesterutd,,,
2025-04-16,newcastleutd,crystalpalace,5,0,1.5,2.0,20250416_newcastleutd_crystalpalace,,,
2025-04-26,newcastleutd,ipswichtown,3,0,2.4,0.1,20250426_newcastleutd_ipswichtown,,,
2025-05-11,newcastleutd,chelsea,2,0,1.6,0.7,20250511_newcastleutd_chelsea,,,
2025-05-25,newcastleutd,everton,0,1,1.2,1.2,20250525_newcastleutd_everton,,,
2021-08-14,norwichcity,liverpool,0,3,1.4,1.6,20210814_norwichcity_liverpool,,,
2021-08-28,norwichcity,leicestercity,1,2,1.5,1.5,20210828_norwichcity_leicestercity,,,
2021-09-18,norwichcity,watford,1,3,1.0,2.4,20210918_norwichcity_watford,,,
2021-10-16,norwichcity,brighton,0,0,1.2,0.8,20211016_norwichcity_brighton,,,
2021-10-31,norwichcity,leedsutd,1,2,0.8,0.7,20211031_norwichcity_leedsutd,,,
2021-11-20,norwichcity,southampton,2,1,0.5,1.0,20211120_norwichcity_southampton,,,
2021-11-27,norwichcity,wolves,0,0,1.6,0.3,20211127_norwichcity_wolves,,,
2021-12-11,norwichcity,manchesterutd,0,1,1.2,2.0,20211211_norwichcity_manchesterutd,,,
2021-12-14,norwichcity,astonvilla,0,2,0.5,2.0,20211214_norwichcity_astonvilla,,,
2021-12-26,norwichcity,arsenal,0,5,0.1,2.5,20211226_norwichcity_arsenal,,,
2022-01-15,norwichcity,everton,2,1,1.0,0.6,20220115_norwichcity_everton,,,
2022-02-09,norwichcity,crystalpalace,1,1,0.4,1.3,20220209_norwichcity_crystalpalace,,,
2022-02-12,norwichcity,manchestercity,0,4,0.4,4.6,20220212_norwichcity_manchestercity,,,
2022-03-05,norwichcity,brentford,1,3,1.0,2.0,20220305_norwichcity_brentford,,,
2022-03-10,norwichcity,chelsea,1,3,1.0,1.8,20220310_norwichcity_chelsea,,,
2022-04-10,norwichcity,burnley,2,0,1.7,1.7,20220410_norwichcity_burnley,,,
2022-04-23,norwichcity,newcastleutd,0,3,0.6,1.9,20220423_norwichcity_newcastleutd,,,
2022-05-08,norwichcity,westham,0,4,0.8,3.0,20220508_norwichcity_westham,,,
2022-05-22,norwichcity,tottenham,0,5,0.5,3.4,20220522_norwichcity_tottenham,,,
2022-08-14,nottinghamforest,westham,1,0,1.3,2.1,20220814_nottinghamforest_westham,,,
2022-08-28,nottinghamforest,tottenham,0,2,0.9,2.4,20220828_nottinghamforest_tottenham,,,
2022-09-03,nottinghamforest,bournemouth,2,3,1.9,0.8,20220903_nottinghamforest_bournemouth,,,
2022-09-16,nottinghamforest,fulham,2,3,1.4,0.9,20220916_nottinghamforest_fulham,,,
2022-10-10,nottinghamforest,astonvilla,1,1,0.3,0.7,20221010_nottinghamforest_astonvilla,,,
2022-10-22,nottinghamforest,liverpool,1,0,1.9,1.6,20221022_nottinghamforest_liverpool,,,
2022-11-05,nottinghamforest,brentford,2,2,1.5,1.5,20221105_nottinghamforest_brentford,,,
2022-11-12,nottinghamforest,crystalpalace,1,0,1.1,1.2,20221112_nottinghamforest_crystalpalace,,,
2023-01-01,nottinghamforest,chelsea,1,1,1.4,0.9,20230101_nottinghamforest_chelsea,,,
2023-01-14,nottinghamforest,leicestercity,2,0,2.4,1.0,20230114_nottinghamforest_leicestercity,,,
2023-02-05,nottinghamforest,leedsutd,1,0,0.4,0.9,20230205_nottinghamforest_leedsutd,,,
2023-02-18,nottinghamforest,manchestercity,1,1,0.9,2.4,20230218_nottinghamforest_manchestercity,,,
2023-03-05,nottinghamforest,everton,2,2,0.8,1.7,20230305_nottinghamforest_everton,,,
2023-03-17,nottinghamforest,newcastleutd,1,2,0.4,2.4,20230317_nottinghamforest_newcastleutd,,,
2023-04-01,nottinghamforest,wolves,1,1,1.3,0.5,20230401_nottinghamforest_wolves,,,
2023-04-16,nottinghamforest,manchesterutd,0,2,0.7,3.5,20230416_nottinghamforest_manchesterutd,,,
2023-04-26,nottinghamforest,brighton,3,1,2.4,2.3,20230426_nottinghamforest_brighton,,,
2023-05-08,nottinghamforest,southampton,4,3,1.8,3.1,20230508_nottinghamforest_southampton,,,
2023-05-20,nottinghamforest,arsenal,1,0,0.6,0.6,20230520_nottinghamforest_arsenal,,,
2023-08-18,nottinghamforest,sheffieldutd,2,1,1.4,0.5,20230818_nottinghamforest_sheffieldutd,,,
2023-09-18,nottinghamforest,burnley,1,1,0.7,0.5,20230918_nottinghamforest_burnley,,,
2023-10-01,nottinghamforest,brentford,1,1,0.5,1.6,20231001_nottinghamforest_brentford,,,
2023-10-21,nottinghamforest,lutontown,2,2,2.9,1.7,20231021_nottinghamforest_lutontown,,,
2023-11-05,nottinghamforest,astonvilla,2,0,0.4,1.2,20231105_nottinghamforest_astonvilla,,,
2023-11-25,nottinghamforest,brighton,2,3,1.9,1.3,20231125_nottinghamforest_brighton,,,
2023-12-02,nottinghamforest,everton,0,1,0.7,0.7,20231202_nottinghamforest_everton,,,
2023-12-15,nottinghamforest,tottenham,0,2,1.3,1.5,20231215_nottinghamforest_tottenham,,,
2023-12-23,nottinghamforest,bournemouth,2,3,1.0,1.6,20231223_nottinghamforest_bournemouth,,,
2023-12-30,nottinghamforest,manchesterutd,2,1,0.7,0.8,20231230_nottinghamforest_manchesterutd,,,
2024-01-30,nottinghamforest,arsenal,1,2,0.5,1.2,20240130_nottinghamforest_arsenal,,,
2024-02-10,nottinghamforest,newcastleutd,2,3,1.5,0.5,20240210_nottinghamforest_newcastleutd,,,
2024-02-17,nottinghamforest,westham,2,0,2.8,0.5,20240217_nottinghamforest_westham,,,
2024-03-02,nottinghamforest,liverpool,0,1,1.0,2.0,20240302_nottinghamforest_liverpool,,,
2024-03-30,nottinghamforest,crystalpalace,1,1,0.9,1.2,20240330_nottinghamforest_crystalpalace,,,
2024-04-02,nottinghamforest,fulham,3,1,1.5,1.5,20240402_nottinghamforest_fulham,,,
2024-04-13,nottinghamforest,wolves,2,2,1.9,1.0,20240413_nottinghamforest_wolves,,,
2024-04-28,nottinghamforest,manchestercity,0,2,1.9,0.9,20240428_nottinghamforest_manchestercity,,,
2024-05-11,nottinghamforest,chelsea,2,3,1.5,1.6,20240511_nottinghamforest_chelsea,,,
2024-08-17,nottinghamforest,bournemouth,1,1,1.3,1.2,20240817_nottinghamforest_bournemouth,,,
2024-08-31,nottinghamforest,wolves,1,1,1.0,0.7,20240831_nottinghamforest_wolves,,,
2024-09-28,nottinghamforest,fulham,0,1,0.8,1.3,20240928_nottinghamforest_fulham,,,
2024-10-21,nottinghamforest,crystalpalace,1,0,1.7,1.0,20241021_nottinghamforest_crystalpalace,,,
2024-11-02,nottinghamforest,westham,3,0,2.2,0.1,20241102_nottinghamforest_westham,,,
2024-11-10,nottinghamforest,newcastleutd,1,3,0.6,1.6,20241110_nottinghamforest_newcastleutd,,,
2024-11-30,nottinghamforest,ipswichtown,1,0,1.6,0.6,20241130_nottinghamforest_ipswichtown,,,
2024-12-14,nottinghamforest,astonvilla,2,1,1.7,0.4,20241214_nottinghamforest_astonvilla,,,
2024-12-26,nottinghamforest,tottenham,1,0,1.1,0.9,20241226_nottinghamforest_tottenham,,,
2025-01-14,nottinghamforest,liverpool,1,1,0.3,2.0,20250114_nottinghamforest_liverpool,,,
2025-01-19,nottinghamforest,southampton,3,2,1.8,0.9,20250119_nottinghamforest_southampton,,,
2025-02-01,nottinghamforest,brighton,7,0,3.3,0.9,20250201_nottinghamforest_brighton,,,
2025-02-26,nottinghamforest,arsenal,0,0,0.4,1.0,20250226_nottinghamforest_arsenal,,,
2025-03-08,nottinghamforest,manchestercity,1,0,0.7,0.9,20250308_nottinghamforest_manchestercity,,,
2025-04-01,nottinghamforest,manchesterutd,1,0,0.5,1.6,20250401_nottinghamforest_manchesterutd,,,
2025-04-12,nottinghamforest,everton,0,1,0.5,1.4,20250412_nottinghamforest_everton,,,
2025-05-01,nottinghamforest,brentford,0,2,0.9,1.3,20250501_nottinghamforest_brentford,,,
2025-05-11,nottinghamforest,leicestercity,2,2,1.3,1.1,20250511_nottinghamforest_leicestercity,,,
2025-05-25,nottinghamforest,chelsea,0,1,1.2,1.1,20250525_nottinghamforest_chelsea,,,
2020-09-14,sheffieldutd,wolves,0,2,1.0,1.4,20200914_sheffieldutd_wolves,,,
2020-09-27,sheffieldutd,leedsutd,0,1,1.4,1.2,20200927_sheffieldutd_leedsutd,,,
2020-10-18,sheffieldutd,fulham,1,1,1.7,1.5,20201018_sheffieldutd_fulham,,,
2020-10-31,sheffieldutd,manchestercity,0,1,0.5,1.6,20201031_sheffieldutd_manchestercity,,,
2020-11-22,sheffieldutd,westham,0,1,0.9,2.1,20201122_sheffieldutd_westham,,,
2020-12-06,sheffieldutd,leicestercity,1,2,0.2,1.4,20201206_sheffieldutd_leicestercity,,,
2020-12-17,sheffieldutd,manchesterutd,2,3,1.5,1.9,20201217_sheffieldutd_manchesterutd,,,
2020-12-26,sheffieldutd,everton,0,1,1.4,0.7,20201226_sheffieldutd_everton,,,
2021-01-12,sheffieldutd,newcastleutd,1,0,2.1,0.6,20210112_sheffieldutd_newcastleutd,,,
2021-01-17,sheffieldutd,tottenham,1,3,0.9,1.0,20210117_sheffieldutd_tottenham,,,
2021-02-02,sheffieldutd,westbrom,2,1,1.3,1.6,20210202_sheffieldutd_westbrom,,,
2021-02-07,sheffieldutd,chelsea,1,2,0.6,1.6,20210207_sheffieldutd_chelsea,,,
2021-02-28,sheffieldutd,liverpool,0,2,0.7,2.7,20210228_sheffieldutd_liverpool,,,
2021-03-03,sheffieldutd,astonvilla,1,0,0.9,2.3,20210303_sheffieldutd_astonvilla,,,
2021-03-06,sheffieldutd,southampton,0,2,0.7,1.9,20210306_sheffieldutd_southampton,,,
2021-04-11,sheffieldutd,arsenal,0,3,0.3,1.7,20210411_sheffieldutd_arsenal,,,
2021-04-24,sheffieldutd,brighton,1,0,0.7,2.0,20210424_sheffieldutd_brighton,,,
2021-05-08,sheffieldutd,crystalpalace,0,2,0.7,2.0,20210508_sheffieldutd_crystalpalace,,,
2021-05-23,sheffieldutd,burnley,1,0,0.5,1.1,20210523_sheffieldutd_burnley,,,
2023-08-27,sheffieldutd,manchestercity,1,2,0.7,3.5,20230827_sheffieldutd_manchestercity,,,
2023-09-24,sheffieldutd,newcastleutd,0,8,0.9,3.9,20230924_sheffieldutd_newcastleutd,,,
2023-10-21,sheffieldutd,manchesterutd,1,2,1.4,1.1,20231021_sheffieldutd_manchesterutd,,,
2023-12-26,sheffieldutd,lutontown,2,3,2.4,0.6,20231226_sheffieldutd_lutontown,,,
2024-05-04,sheffieldutd,nott'hamforest,1,3,2.2,1.4,20240504_sheffieldutd_nott'hamforest,,,
2020-09-20,southampton,tottenham,2,5,2.0,2.1,20200920_southampton_tottenham,,,
2020-10-04,southampton,westbrom,2,0,1.2,0.2,20201004_southampton_westbrom,,,
2020-10-25,southampton,everton,2,0,0.7,0.4,20201025_southampton_everton,,,
2020-11-06,southampton,newcastleutd,2,0,0.7,0.3,20201106_southampton_newcastleutd,,,
2020-11-29,southampton,manchesterutd,2,3,0.5,2.1,20201129_southampton_manchesterutd,,,
2020-12-13,southampton,sheffieldutd,3,0,2.0,0.3,20201213_southampton_sheffieldutd,,,
2020-12-19,southampton,manchestercity,0,1,0.7,0.9,20201219_southampton_manchestercity,,,
2020-12-29,southampton,westham,0,0,0.6,1.2,20201229_southampton_westham,,,
2021-01-04,southampton,liverpool,1,0,0.4,1.5,20210104_southampton_liverpool,,,
2021-01-26,southampton,arsenal,1,3,0.8,2.2,20210126_southampton_arsenal,,,
2021-01-30,southampton,astonvilla,0,1,1.9,0.6,20210130_southampton_astonvilla,,,
2021-02-14,southampton,wolves,1,2,0.8,1.1,20210214_southampton_wolves,,,
2021-02-20,southampton,chelsea,1,1,0.6,1.2,20210220_southampton_chelsea,,,
2021-03-14,southampton,brighton,1,2,0.6,0.8,20210314_southampton_brighton,,,
2021-04-04,southampton,burnley,3,2,2.2,1.5,20210404_southampton_burnley,,,
2021-04-30,southampton,leicestercity,1,1,0.9,1.9,20210430_southampton_leicestercity,,,
2021-05-11,southampton,crystalpalace,3,1,1.2,1.5,20210511_southampton_crystalpalace,,,
2021-05-15,southampton,fulham,3,1,1.6,0.8,20210515_southampton_fulham,,,
2021-05-18,southampton,leedsutd,0,2,1.6,1.7,20210518_southampton_leedsutd,,,
2021-08-22,southampton,manchesterutd,1,1,0.7,1.8,20210822_southampton_manchesterutd,,,
2021-10-16,southampton,leedsutd,1,0,1.9,0.2,20211016_southampton_leedsutd,,,
2021-12-01,southampton,leicestercity,2,2,1.5,1.5,20211201_southampton_leicestercity,,,
2022-01-22,southampton,manchestercity,1,1,0.8,1.8,20220122_southampton_manchestercity,,,
2022-02-25,southampton,norwichcity,2,0,2.6,0.6,20220225_southampton_norwichcity,,,
2022-03-10,southampton,newcastleutd,1,2,1.1,0.6,20220310_southampton_newcastleutd,,,
2022-08-13,southampton,leedsutd,2,2,1.2,1.8,20220813_southampton_leedsutd,,,
2022-08-27,southampton,manchesterutd,0,1,1.4,1.1,20220827_southampton_manchesterutd,,,
2022-11-06,southampton,newcastleutd,1,4,1.7,0.9,20221106_southampton_newcastleutd,,,
2023-01-04,southampton,nott'hamforest,0,1,0.5,1.4,20230104_southampton_nott'hamforest,,,
2023-03-04,southampton,leicestercity,1,0,1.4,1.9,20230304_southampton_leicestercity,,,
2023-04-08,southampton,manchestercity,1,4,0.4,2.9,20230408_southampton_manchestercity,,,
2024-08-24,southampton,nott'hamforest,0,1,0.1,2.2,20240824_southampton_nott'hamforest,,,
2024-09-14,southampton,manchesterutd,0,3,1.1,2.6,20240914_southampton_manchesterutd,,,
2024-09-21,southampton,ipswichtown,1,1,2.4,1.6,20240921_southampton_ipswichtown,,,
2024-10-19,southampton,leicestercity,2,3,2.1,3.1,20241019_southampton_leicestercity,,,
2025-01-25,southampton,newcastleutd,1,3,0.8,2.9,20250125_southampton_newcastleutd,,,
2025-05-10,southampton,manchestercity,0,0,0.1,1.7,20250510_southampton_manchestercity,,,
2020-09-13,tottenhamhotspur,everton,0,1,1.1,1.2,20200913_tottenhamhotspur_everton,,,
2020-09-27,tottenhamhotspur,newcastleutd,1,1,2.9,1.0,20200927_tottenhamhotspur_newcastleutd,,,
2020-10-18,tottenhamhotspur,westham,3,3,1.7,1.9,20201018_tottenhamhotspur_westham,,,
2020-11-01,tottenhamhotspur,brighton,2,1,1.7,0.3,20201101_tottenhamhotspur_brighton,,,
2020-11-21,tottenhamhotspur,manchestercity,2,0,0.7,1.4,20201121_tottenhamhotspur_manchestercity,,,
2020-12-06,tottenhamhotspur,arsenal,2,0,0.3,0.6,20201206_tottenhamhotspur_arsenal,,,
2020-12-20,tottenhamhotspur,leicestercity,0,2,0.7,1.7,20201220_tottenhamhotspur_leicestercity,,,
2021-01-02,tottenhamhotspur,leedsutd,3,0,2.6,1.1,20210102_tottenhamhotspur_leedsutd,,,
2021-01-13,tottenhamhotspur,fulham,1,1,2.4,1.1,20210113_tottenhamhotspur_fulham,,,
2021-01-28,tottenhamhotspur,liverpool,1,3,0.1,2.5,20210128_tottenhamhotspur_liverpool,,,
2021-02-04,tottenhamhotspur,chelsea,0,1,0.6,1.6,20210204_tottenhamhotspur_chelsea,,,
2021-02-07,tottenhamhotspur,westbrom,2,0,1.5,0.6,20210207_tottenhamhotspur_westbrom,,,
2021-02-28,tottenhamhotspur,burnley,4,0,2.1,0.7,20210228_tottenhamhotspur_burnley,,,
2021-03-07,tottenhamhotspur,crystalpalace,4,1,2.7,0.5,20210307_tottenhamhotspur_crystalpalace,,,
2021-04-11,tottenhamhotspur,manchesterutd,1,3,0.9,2.1,20210411_tottenhamhotspur_manchesterutd,,,
2021-04-21,tottenhamhotspur,southampton,2,1,1.4,0.8,20210421_tottenhamhotspur_southampton,,,
2021-05-02,tottenhamhotspur,sheffieldutd,4,0,2.2,0.5,20210502_tottenhamhotspur_sheffieldutd,,,
2021-05-16,tottenhamhotspur,wolves,2,0,3.2,0.9,20210516_tottenhamhotspur_wolves,,,
2021-05-19,tottenhamhotspur,astonvilla,1,2,0.8,1.4,20210519_tottenhamhotspur_astonvilla,,,
2021-08-15,tottenhamhotspur,manchestercity,1,0,1.0,1.8,20210815_tottenhamhotspur_manchestercity,,,
2021-08-29,tottenhamhotspur,watford,1,0,1.0,0.8,20210829_tottenhamhotspur_watford,,,
2021-09-19,tottenhamhotspur,chelsea,0,3,0.5,2.1,20210919_tottenhamhotspur_chelsea,,,
2021-10-03,tottenhamhotspur,astonvilla,2,1,1.3,1.2,20211003_tottenhamhotspur_astonvilla,,,
2021-10-30,tottenhamhotspur,manchesterutd,0,3,1.0,1.5,20211030_tottenhamhotspur_manchesterutd,,,
2021-11-21,tottenhamhotspur,leedsutd,2,1,2.1,1.4,20211121_tottenhamhotspur_leedsutd,,,
2021-12-02,tottenhamhotspur,brentford,2,0,1.9,0.3,20211202_tottenhamhotspur_brentford,,,
2021-12-05,tottenhamhotspur,norwichcity,3,0,1.6,1.2,20211205_tottenhamhotspur_norwichcity,,,
2021-12-19,tottenhamhotspur,liverpool,2,2,3.0,1.1,20211219_tottenhamhotspur_liverpool,,,
2021-12-26,tottenhamhotspur,crystalpalace,3,0,2.3,0.2,20211226_tottenhamhotspur_crystalpalace,,,
2022-02-09,tottenhamhotspur,southampton,2,3,1.4,2.2,20220209_tottenhamhotspur_southampton,,,
2022-02-13,tottenhamhotspur,wolves,0,2,1.2,1.3,20220213_tottenhamhotspur_wolves,,,
2022-03-07,tottenhamhotspur,everton,5,0,2.5,0.2,20220307_tottenhamhotspur_everton,,,
2022-03-20,tottenhamhotspur,westham,3,1,3.0,0.6,20220320_tottenhamhotspur_westham,,,
2022-04-03,tottenhamhotspur,newcastleutd,5,1,3.1,0.5,20220403_tottenhamhotspur_newcastleutd,,,
2022-04-16,tottenhamhotspur,brighton,0,1,0.5,0.6,20220416_tottenhamhotspur_brighton,,,
2022-05-01,tottenhamhotspur,leicestercity,3,1,1.2,0.5,20220501_tottenhamhotspur_leicestercity,,,
2022-05-12,tottenhamhotspur,arsenal,3,0,2.7,0.5,20220512_tottenhamhotspur_arsenal,,,
2022-05-15,tottenhamhotspur,burnley,1,0,2.2,0.7,20220515_tottenhamhotspur_burnley,,,
2022-08-06,tottenhamhotspur,southampton,4,1,1.5,0.5,20220806_tottenhamhotspur_southampton,,,
2022-08-20,tottenhamhotspur,wolves,1,0,1.7,0.7,20220820_tottenhamhotspur_wolves,,,
2022-09-03,tottenhamhotspur,fulham,2,1,2.9,0.7,20220903_tottenhamhotspur_fulham,,,
2022-09-17,tottenhamhotspur,leicestercity,6,2,2.2,1.8,20220917_tottenhamhotspur_leicestercity,,,
2022-10-15,tottenhamhotspur,everton,2,0,2.2,0.4,20221015_tottenhamhotspur_everton,,,
2022-10-23,tottenhamhotspur,newcastleutd,1,2,1.6,1.2,20221023_tottenhamhotspur_newcastleutd,,,
2022-11-06,tottenhamhotspur,liverpool,1,2,1.2,1.2,20221106_tottenhamhotspur_liverpool,,,
2022-11-12,tottenhamhotspur,leedsutd,4,3,1.8,1.1,20221112_tottenhamhotspur_leedsutd,,,
2023-01-01,tottenhamhotspur,astonvilla,0,2,0.7,1.0,20230101_tottenhamhotspur_astonvilla,,,
2023-01-15,tottenhamhotspur,arsenal,0,2,1.6,1.8,20230115_tottenhamhotspur_arsenal,,,
2023-02-05,tottenhamhotspur,manchestercity,1,0,1.4,1.3,20230205_tottenhamhotspur_manchestercity,,,
2023-02-19,tottenhamhotspur,westham,2,0,1.5,0.5,20230219_tottenhamhotspur_westham,,,
2023-02-26,tottenhamhotspur,chelsea,2,0,0.8,0.4,20230226_tottenhamhotspur_chelsea,,,
2023-03-11,tottenhamhotspur,nott'hamforest,3,1,2.0,1.5,20230311_tottenhamhotspur_nott'hamforest,,,
2023-04-08,tottenhamhotspur,brighton,2,1,0.8,1.4,20230408_tottenhamhotspur_brighton,,,
2023-04-15,tottenhamhotspur,bournemouth,2,3,2.2,1.3,20230415_tottenhamhotspur_bournemouth,,,
2023-04-27,tottenhamhotspur,manchesterutd,2,2,2.5,2.0,20230427_tottenhamhotspur_manchesterutd,,,
2023-05-06,tottenhamhotspur,crystalpalace,1,0,0.9,0.4,20230506_tottenhamhotspur_crystalpalace,,,
2023-05-20,tottenhamhotspur,brentford,1,3,1.7,1.2,20230520_tottenhamhotspur_brentford,,,
2023-08-19,tottenhamhotspur,manchesterutd,2,0,1.7,2.1,20230819_tottenhamhotspur_manchesterutd,,,
2023-09-16,tottenhamhotspur,sheffieldutd,2,1,2.1,0.7,20230916_tottenhamhotspur_sheffieldutd,,,
2023-09-30,tottenhamhotspur,liverpool,2,1,2.2,1.3,20230930_tottenhamhotspur_liverpool,,,
2023-10-23,tottenhamhotspur,fulham,2,0,1.5,1.0,20231023_tottenhamhotspur_fulham,,,
2023-11-06,tottenhamhotspur,chelsea,1,4,0.9,4.1,20231106_tottenhamhotspur_chelsea,,,
2023-11-26,tottenhamhotspur,astonvilla,1,2,2.3,1.7,20231126_tottenhamhotspur_astonvilla,,,
2023-12-07,tottenhamhotspur,westham,1,2,1.8,2.2,20231207_tottenhamhotspur_westham,,,
2023-12-10,tottenhamhotspur,newcastleutd,4,1,3.8,1.7,20231210_tottenhamhotspur_newcastleutd,,,
2023-12-23,tottenhamhotspur,everton,2,1,1.5,1.8,20231223_tottenhamhotspur_everton,,,
2023-12-31,tottenhamhotspur,bournemouth,3,1,2.3,1.7,20231231_tottenhamhotspur_bournemouth,,,
2024-01-31,tottenhamhotspur,brentford,3,2,2.9,1.6,20240131_tottenhamhotspur_brentford,,,
2024-02-10,tottenhamhotspur,brighton,2,1,1.6,1.2,20240210_tottenhamhotspur_brighton,,,
2024-02-17,tottenhamhotspur,wolves,1,2,1.6,1.8,20240217_tottenhamhotspur_wolves,,,
2024-03-02,tottenhamhotspur,crystalpalace,3,1,1.9,0.3,20240302_tottenhamhotspur_crystalpalace,,,
2024-03-30,tottenhamhotspur,lutontown,2,1,2.9,0.5,20240330_tottenhamhotspur_lutontown,,,
2024-04-07,tottenhamhotspur,nott'hamforest,3,1,1.5,1.5,20240407_tottenhamhotspur_nott'hamforest,,,
2024-04-28,tottenhamhotspur,arsenal,2,3,2.3,1.0,20240428_tottenhamhotspur_arsenal,,,
2024-05-11,tottenhamhotspur,burnley,2,1,2.7,0.7,20240511_tottenhamhotspur_burnley,,,
2024-05-14,tottenhamhotspur,manchestercity,0,2,1.7,2.4,20240514_tottenhamhotspur_manchestercity,,,
2024-08-24,tottenhamhotspur,everton,4,0,2.4,1.0,20240824_tottenhamhotspur_everton,,,
2024-09-15,tottenhamhotspur,arsenal,0,1,0.7,0.7,20240915_tottenhamhotspur_arsenal,,,
2024-09-21,tottenhamhotspur,brentford,3,1,3.5,0.8,20240921_tottenhamhotspur_brentford,,,
2024-10-19,tottenhamhotspur,westham,4,1,1.9,0.8,20241019_tottenhamhotspur_westham,,,
2024-11-03,tottenhamhotspur,astonvilla,4,1,2.4,1.8,20241103_tottenhamhotspur_astonvilla,,,
2024-11-10,tottenhamhotspur,ipswichtown,1,2,1.5,1.6,20241110_tottenhamhotspur_ipswichtown,,,
2024-12-01,tottenhamhotspur,fulham,1,1,0.8,1.5,20241201_tottenhamhotspur_fulham,,,
2024-12-08,tottenhamhotspur,chelsea,3,4,2.8,2.8,20241208_tottenhamhotspur_chelsea,,,
2024-12-22,tottenhamhotspur,liverpool,3,6,1.3,5.6,20241222_tottenhamhotspur_liverpool,,,
2024-12-29,tottenhamhotspur,wolves,2,2,2.2,0.7,20241229_tottenhamhotspur_wolves,,,
2025-01-04,tottenhamhotspur,newcastleutd,1,2,0.9,2.5,20250104_tottenhamhotspur_newcastleutd,,,
2025-01-26,tottenhamhotspur,leicestercity,1,2,1.0,1.6,20250126_tottenhamhotspur_leicestercity,,,
2025-02-16,tottenhamhotspur,manchesterutd,1,0,2.2,1.5,20250216_tottenhamhotspur_manchesterutd,,,
2025-02-26,tottenhamhotspur,manchestercity,0,1,1.3,2.1,20250226_tottenhamhotspur_manchestercity,,,
2025-03-09,tottenhamhotspur,bournemouth,2,2,1.5,2.2,20250309_tottenhamhotspur_bournemouth,,,
2025-04-06,tottenhamhotspur,southampton,3,1,2.1,1.0,20250406_tottenhamhotspur_southampton,,,
2025-04-21,tottenhamhotspur,nott'hamforest,1,2,2.1,0.5,20250421_tottenhamhotspur_nott'hamforest,,,
2025-05-11,tottenhamhotspur,crystalpalace,0,2,0.7,3.3,20250511_tottenhamhotspur_crystalpalace,,,
2025-05-25,tottenhamhotspur,brighton,1,4,2.0,2.2,20250525_tottenhamhotspur_brighton,,,
2021-09-25,watford,newcastleutd,1,1,0.9,1.9,20210925_watford_newcastleutd,,,
2021-11-20,watford,manchesterutd,4,1,2.7,1.4,20211120_watford_manchesterutd,,,
2021-12-04,watford,manchestercity,1,3,0.8,3.1,20211204_watford_manchestercity,,,
2022-01-21,watford,norwichcity,0,3,1.2,1.1,20220121_watford_norwichcity,,,
2022-04-09,watford,leedsutd,0,3,1.1,0.7,20220409_watford_leedsutd,,,
2022-05-15,watford,leicestercity,1,5,1.4,2.5,20220515_watford_leicestercity,,,
2020-09-13,westbromwichalbion,leicestercity,0,3,0.4,2.8,20200913_westbromwichalbion_leicestercity,,,
2020-09-26,westbromwichalbion,chelsea,3,3,0.6,2.0,20200926_westbromwichalbion_chelsea,,,
2020-10-19,westbromwichalbion,burnley,0,0,0.8,1.1,20201019_westbromwichalbion_burnley,,,
2020-11-08,westbromwichalbion,tottenham,0,1,0.8,1.9,20201108_westbromwichalbion_tottenham,,,
2020-11-28,westbromwichalbion,sheffieldutd,1,0,1.2,2.9,20201128_westbromwichalbion_sheffieldutd,,,
2020-12-06,westbromwichalbion,crystalpalace,1,5,0.7,1.6,20201206_westbromwichalbion_crystalpalace,,,
2020-12-20,westbromwichalbion,astonvilla,0,3,0.0,2.4,20201220_westbromwichalbion_astonvilla,,,
2020-12-29,westbromwichalbion,leedsutd,0,5,0.5,1.2,20201229_westbromwichalbion_leedsutd,,,
2021-01-02,westbromwichalbion,arsenal,0,4,1.0,3.7,20210102_westbromwichalbion_arsenal,,,
2021-01-26,westbromwichalbion,manchestercity,0,5,0.5,1.8,20210126_westbromwichalbion_manchestercity,,,
2021-01-30,westbromwichalbion,fulham,2,2,1.0,1.3,20210130_westbromwichalbion_fulham,,,
2021-02-14,westbromwichalbion,manchesterutd,1,1,1.0,0.5,20210214_westbromwichalbion_manchesterutd,,,
2021-02-27,westbromwichalbion,brighton,1,0,0.8,2.9,20210227_westbromwichalbion_brighton,,,
2021-03-04,westbromwichalbion,everton,0,1,1.0,1.0,20210304_westbromwichalbion_everton,,,
2021-03-07,westbromwichalbion,newcastleutd,0,0,2.0,0.5,20210307_westbromwichalbion_newcastleutd,,,
2021-04-12,westbromwichalbion,southampton,3,0,3.0,1.5,20210412_westbromwichalbion_southampton,,,
2021-05-03,westbromwichalbion,wolves,1,1,1.1,1.0,20210503_westbromwichalbion_wolves,,,
2021-05-16,westbromwichalbion,liverpool,1,2,1.0,1.9,20210516_westbromwichalbion_liverpool,,,
2021-05-19,westbromwichalbion,westham,1,3,1.1,3.4,20210519_westbromwichalbion_westham,,,
2020-09-12,westhamutd,newcastleutd,0,2,1.0,1.6,20200912_westhamutd_newcastleutd,,,
2020-09-27,westhamutd,wolves,4,0,2.4,0.5,20200927_westhamutd_wolves,,,
2020-10-24,westhamutd,manchestercity,1,1,0.3,1.0,20201024_westhamutd_manchestercity,,,
2020-11-07,westhamutd,fulham,1,0,1.3,1.7,20201107_westhamutd_fulham,,,
2020-11-30,westhamutd,astonvilla,2,1,0.4,2.5,20201130_westhamutd_astonvilla,,,
2020-12-05,westhamutd,manchesterutd,1,3,2.0,1.7,20201205_westhamutd_manchesterutd,,,
2020-12-16,westhamutd,crystalpalace,1,1,0.4,1.1,20201216_westhamutd_crystalpalace,,,
2020-12-27,westhamutd,brighton,2,2,1.3,1.1,20201227_westhamutd_brighton,,,
2021-01-16,westhamutd,burnley,1,0,1.7,0.5,20210116_westhamutd_burnley,,,
2021-01-19,westhamutd,westbrom,2,1,2.0,0.5,20210119_westhamutd_westbrom,,,
2021-01-31,westhamutd,liverpool,1,3,0.8,2.0,20210131_westhamutd_liverpool,,,
2021-02-15,westhamutd,sheffieldutd,3,0,1.9,0.7,20210215_westhamutd_sheffieldutd,,,
2021-02-21,westhamutd,tottenham,2,1,1.1,1.1,20210221_westhamutd_tottenham,,,
2021-03-08,westhamutd,leedsutd,2,0,1.8,1.4,20210308_westhamutd_leedsutd,,,
2021-03-21,westhamutd,arsenal,3,3,2.4,1.4,20210321_westhamutd_arsenal,,,
2021-04-11,westhamutd,leicestercity,3,2,0.8,0.9,20210411_westhamutd_leicestercity,,,
2021-04-24,westhamutd,chelsea,0,1,0.4,2.5,20210424_westhamutd_chelsea,,,
2021-05-09,westhamutd,everton,0,1,1.3,1.5,20210509_westhamutd_everton,,,
2021-05-23,westhamutd,southampton,3,0,1.3,1.5,20210523_westhamutd_southampton,,,
2021-08-23,westhamutd,leicestercity,4,1,2.3,0.6,20210823_westhamutd_leicestercity,,,
2021-08-28,westhamutd,crystalpalace,2,2,1.3,1.1,20210828_westhamutd_crystalpalace,,,
2021-09-19,westhamutd,manchesterutd,1,2,1.6,2.0,20210919_westhamutd_manchesterutd,,,
2021-10-03,westhamutd,brentford,1,2,1.5,1.2,20211003_westhamutd_brentford,,,
2021-10-24,westhamutd,tottenham,1,0,1.3,0.7,20211024_westhamutd_tottenham,,,
2021-11-07,westhamutd,liverpool,3,2,1.0,1.2,20211107_westhamutd_liverpool,,,
2021-12-01,westhamutd,brighton,1,1,1.3,1.3,20211201_westhamutd_brighton,,,
2021-12-04,westhamutd,chelsea,3,2,1.8,1.1,20211204_westhamutd_chelsea,,,
2021-12-26,westhamutd,southampton,2,3,1.6,1.2,20211226_westhamutd_southampton,,,
2022-01-12,westhamutd,norwichcity,2,0,2.5,0.3,20220112_westhamutd_norwichcity,,,
2022-01-16,westhamutd,leedsutd,2,3,2.4,2.2,20220116_westhamutd_leedsutd,,,
2022-02-08,westhamutd,watford,1,0,0.8,0.3,20220208_westhamutd_watford,,,
2022-02-19,westhamutd,newcastleutd,1,1,0.6,0.8,20220219_westhamutd_newcastleutd,,,
2022-02-27,westhamutd,wolves,1,0,1.8,0.7,20220227_westhamutd_wolves,,,
2022-03-13,westhamutd,astonvilla,2,1,1.2,1.1,20220313_westhamutd_astonvilla,,,
2022-04-03,westhamutd,everton,2,1,1.2,0.7,20220403_westhamutd_everton,,,
2022-04-17,westhamutd,burnley,1,1,2.2,1.8,20220417_westhamutd_burnley,,,
2022-05-01,westhamutd,arsenal,1,2,0.5,0.9,20220501_westhamutd_arsenal,,,
2022-05-15,westhamutd,manchestercity,2,2,1.1,2.4,20220515_westhamutd_manchestercity,,,
2022-08-07,westhamutd,manchestercity,0,2,0.5,2.2,20220807_westhamutd_manchestercity,,,
2022-08-21,westhamutd,brighton,0,2,0.8,1.7,20220821_westhamutd_brighton,,,
2022-08-31,westhamutd,tottenham,1,1,1.2,0.6,20220831_westhamutd_tottenham,,,
2022-10-01,westhamutd,wolves,2,0,0.9,0.7,20221001_westhamutd_wolves,,,
2022-10-09,westhamutd,fulham,3,1,2.4,0.7,20221009_westhamutd_fulham,,,
2022-10-24,westhamutd,bournemouth,2,0,1.9,0.4,20221024_westhamutd_bournemouth,,,
2022-11-06,westhamutd,crystalpalace,1,2,0.3,1.0,20221106_westhamutd_crystalpalace,,,
2022-11-12,westhamutd,leicestercity,0,2,1.4,1.8,20221112_westhamutd_leicestercity,,,
2022-12-30,westhamutd,brentford,0,2,1.3,1.6,20221230_westhamutd_brentford,,,
2023-01-21,westhamutd,everton,2,0,2.2,0.5,20230121_westhamutd_everton,,,
2023-02-11,westhamutd,chelsea,1,1,1.3,1.1,20230211_westhamutd_chelsea,,,
2023-02-25,westhamutd,nott'hamforest,4,0,2.7,0.4,20230225_westhamutd_nott'hamforest,,,
2023-03-12,westhamutd,astonvilla,1,1,2.1,1.5,20230312_westhamutd_astonvilla,,,
2023-04-02,westhamutd,southampton,1,0,1.4,0.3,20230402_westhamutd_southampton,,,
2023-04-05,westhamutd,newcastleutd,1,5,1.0,3.3,20230405_westhamutd_newcastleutd,,,
2023-04-16,westhamutd,arsenal,2,2,1.8,2.7,20230416_westhamutd_arsenal,,,
2023-04-26,westhamutd,liverpool,1,2,0.8,1.9,20230426_westhamutd_liverpool,,,
2023-05-07,westhamutd,manchesterutd,1,0,1.3,1.2,20230507_westhamutd_manchesterutd,,,
2023-05-21,westhamutd,leedsutd,3,1,2.1,0.9,20230521_westhamutd_leedsutd,,,
2023-08-20,westhamutd,chelsea,3,1,1.8,2.5,20230820_westhamutd_chelsea,,,
2023-09-16,westhamutd,manchestercity,1,3,0.9,3.6,20230916_westhamutd_manchestercity,,,
2023-09-30,westhamutd,sheffieldutd,2,0,2.1,1.1,20230930_westhamutd_sheffieldutd,,,
2023-10-08,westhamutd,newcastleutd,2,2,1.2,2.0,20231008_westhamutd_newcastleutd,,,
2023-10-29,westhamutd,everton,0,1,0.7,0.8,20231029_westhamutd_everton,,,
2023-11-12,westhamutd,nott'hamforest,3,2,1.8,1.7,20231112_westhamutd_nott'hamforest,,,
2023-12-03,westhamutd,crystalpalace,1,1,1.1,0.9,20231203_westhamutd_crystalpalace,,,
2023-12-17,westhamutd,wolves,3,0,1.1,0.7,20231217_westhamutd_wolves,,,
2023-12-23,westhamutd,manchesterutd,2,0,1.2,1.0,20231223_westhamutd_manchesterutd,,,
2024-01-02,westhamutd,brighton,0,0,0.7,2.3,20240102_westhamutd_brighton,,,
2024-02-01,westhamutd,bournemouth,1,1,1.4,1.2,20240201_westhamutd_bournemouth,,,
2024-02-11,westhamutd,arsenal,0,6,0.2,3.6,20240211_westhamutd_arsenal,,,
2024-02-26,westhamutd,brentford,4,2,1.7,0.9,20240226_westhamutd_brentford,,,
2024-03-10,westhamutd,burnley,2,2,2.1,0.7,20240310_westhamutd_burnley,,,
2024-03-17,westhamutd,astonvilla,1,1,2.0,0.7,20240317_westhamutd_astonvilla,,,
2024-04-02,westhamutd,tottenham,1,1,1.5,1.0,20240402_westhamutd_tottenham,,,
2024-04-14,westhamutd,fulham,0,2,0.9,3.2,20240414_westhamutd_fulham,,,
2024-04-27,westhamutd,liverpool,2,2,0.7,1.7,20240427_westhamutd_liverpool,,,
2024-05-11,westhamutd,lutontown,3,1,3.2,0.3,20240511_westhamutd_lutontown,,,
2024-08-17,westhamutd,astonvilla,1,2,2.3,2.0,20240817_westhamutd_astonvilla,,,
2024-08-31,westhamutd,manchestercity,1,3,0.7,3.0,20240831_westhamutd_manchestercity,,,
2024-09-21,westhamutd,chelsea,0,3,0.9,2.2,20240921_westhamutd_chelsea,,,
2024-10-05,westhamutd,ipswichtown,4,1,3.6,0.6,20241005_westhamutd_ipswichtown,,,
2024-10-27,westhamutd,manchesterutd,2,1,2.8,2.3,20241027_westhamutd_manchesterutd,,,
2024-11-09,westhamutd,everton,0,0,0.8,1.1,20241109_westhamutd_everton,,,
2024-11-30,westhamutd,arsenal,2,5,1.5,3.5,20241130_westhamutd_arsenal,,,
2024-12-09,westhamutd,wolves,2,1,1.0,1.4,20241209_westhamutd_wolves,,,
2024-12-21,westhamutd,brighton,1,1,1.2,0.9,20241221_westhamutd_brighton,,,
2024-12-29,westhamutd,liverpool,0,5,0.4,3.1,20241229_westhamutd_liverpool,,,
2025-01-14,westhamutd,fulham,3,2,1.0,1.7,20250114_westhamutd_fulham,,,
2025-01-18,westhamutd,crystalpalace,0,2,0.3,1.3,20250118_westhamutd_crystalpalace,,,
2025-02-15,westhamutd,brentford,0,1,0.8,1.6,20250215_westhamutd_brentford,,,
2025-02-27,westhamutd,leicestercity,2,0,1.3,0.4,20250227_westhamutd_leicestercity,,,
2025-03-10,westhamutd,newcastleutd,0,1,0.7,1.4,20250310_westhamutd_newcastleutd,,,
2025-04-05,westhamutd,bournemouth,2,2,0.7,2.1,20250405_westhamutd_bournemouth,,,
2025-04-19,westhamutd,southampton,1,1,0.9,0.6,20250419_westhamutd_southampton,,,
2025-05-04,westhamutd,tottenham,1,1,0.8,0.8,20250504_westhamutd_tottenham,,,
2025-05-18,westhamutd,nott'hamforest,1,2,1.1,1.9,20250518_westhamutd_nott'hamforest,,,
2020-09-21,wolverhamptonwanderers,manchestercity,1,3,0.6,1.9,20200921_wolverhamptonwanderers_manchestercity,,,
2020-10-04,wolverhamptonwanderers,fulham,1,0,1.2,0.9,20201004_wolverhamptonwanderers_fulham,,,
2020-10-25,wolverhamptonwanderers,newcastleutd,1,1,0.7,0.3,20201025_wolverhamptonwanderers_newcastleutd,,,
2020-10-30,wolverhamptonwanderers,crystalpalace,2,0,1.3,0.7,20201030_wolverhamptonwanderers_crystalpalace,,,
2020-11-23,wolverhamptonwanderers,southampton,1,1,1.5,1.0,20201123_wolverhamptonwanderers_southampton,,,
2020-12-12,wolverhamptonwanderers,astonvilla,0,1,1.1,1.4,20201212_wolverhamptonwanderers_astonvilla,,,
2020-12-15,wolverhamptonwanderers,chelsea,2,1,0.5,1.0,20201215_wolverhamptonwanderers_chelsea,,,
2020-12-27,wolverhamptonwanderers,tottenham,1,1,0.9,0.4,20201227_wolverhamptonwanderers_tottenham,,,
2021-01-12,wolverhamptonwanderers,everton,1,2,0.7,0.6,20210112_wolverhamptonwanderers_everton,,,
2021-01-16,wolverhamptonwanderers,westbrom,2,3,1.5,2.4,20210116_wolverhamptonwanderers_westbrom,,,
2021-02-02,wolverhamptonwanderers,arsenal,2,1,1.5,0.8,20210202_wolverhamptonwanderers_arsenal,,,
2021-02-07,wolverhamptonwanderers,leicestercity,0,0,1.1,0.8,20210207_wolverhamptonwanderers_leicestercity,,,
2021-02-19,wolverhamptonwanderers,leedsutd,1,0,0.6,1.7,20210219_wolverhamptonwanderers_leedsutd,,,
2021-03-15,wolverhamptonwanderers,liverpool,0,1,1.1,0.9,20210315_wolverhamptonwanderers_liverpool,,,
2021-04-05,wolverhamptonwanderers,westham,2,3,2.1,1.2,20210405_wolverhamptonwanderers_westham,,,
2021-04-17,wolverhamptonwanderers,sheffieldutd,1,0,1.1,0.5,20210417_wolverhamptonwanderers_sheffieldutd,,,
2021-04-25,wolverhamptonwanderers,burnley,0,4,0.4,2.0,20210425_wolverhamptonwanderers_burnley,,,
2021-05-09,wolverhamptonwanderers,brighton,2,1,1.1,0.3,20210509_wolverhamptonwanderers_brighton,,,
2021-05-23,wolverhamptonwanderers,manchesterutd,1,2,0.9,2.0,20210523_wolverhamptonwanderers_manchesterutd,,,
2021-08-22,wolverhamptonwanderers,tottenham,0,1,1.7,1.7,20210822_wolverhamptonwanderers_tottenham,,,
2021-08-29,wolverhamptonwanderers,manchesterutd,0,1,2.1,0.6,20210829_wolverhamptonwanderers_manchesterutd,,,
2021-09-18,wolverhamptonwanderers,brentford,0,2,0.6,2.5,20210918_wolverhamptonwanderers_brentford,,,
2021-10-02,wolverhamptonwanderers,newcastleutd,2,1,1.0,0.6,20211002_wolverhamptonwanderers_newcastleutd,,,
2021-11-01,wolverhamptonwanderers,everton,2,1,1.7,1.5,20211101_wolverhamptonwanderers_everton,,,
2021-11-20,wolverhamptonwanderers,westham,1,0,1.4,0.4,20211120_wolverhamptonwanderers_westham,,,
2021-12-01,wolverhamptonwanderers,burnley,0,0,0.7,0.2,20211201_wolverhamptonwanderers_burnley,,,
2021-12-04,wolverhamptonwanderers,liverpool,0,1,0.1,2.7,20211204_wolverhamptonwanderers_liverpool,,,
2021-12-19,wolverhamptonwanderers,chelsea,0,0,0.2,0.9,20211219_wolverhamptonwanderers_chelsea,,,
2022-01-15,wolverhamptonwanderers,southampton,3,1,2.5,0.8,20220115_wolverhamptonwanderers_southampton,,,
2022-02-10,wolverhamptonwanderers,arsenal,0,1,0.8,1.8,20220210_wolverhamptonwanderers_arsenal,,,
2022-02-20,wolverhamptonwanderers,leicestercity,2,1,0.5,1.7,20220220_wolverhamptonwanderers_leicestercity,,,
2022-03-05,wolverhamptonwanderers,crystalpalace,0,2,0.7,2.7,20220305_wolverhamptonwanderers_crystalpalace,,,
2022-03-10,wolverhamptonwanderers,watford,4,0,0.7,0.6,20220310_wolverhamptonwanderers_watford,,,
2022-03-18,wolverhamptonwanderers,leedsutd,2,3,1.2,2.0,20220318_wolverhamptonwanderers_leedsutd,,,
2022-04-02,wolverhamptonwanderers,astonvilla,2,1,1.3,2.1,20220402_wolverhamptonwanderers_astonvilla,,,
2022-04-30,wolverhamptonwanderers,brighton,0,3,0.7,2.6,20220430_wolverhamptonwanderers_brighton,,,
2022-05-11,wolverhamptonwanderers,manchestercity,1,5,0.5,2.3,20220511_wolverhamptonwanderers_manchestercity,,,
2022-05-15,wolverhamptonwanderers,norwichcity,1,1,0.9,1.1,20220515_wolverhamptonwanderers_norwichcity,,,
2022-08-13,wolverhamptonwanderers,fulham,0,0,0.9,1.5,20220813_wolverhamptonwanderers_fulham,,,
2022-08-28,wolverhamptonwanderers,newcastleutd,1,1,0.7,1.7,20220828_wolverhamptonwanderers_newcastleutd,,,
2022-09-03,wolverhamptonwanderers,southampton,1,0,0.8,1.2,20220903_wolverhamptonwanderers_southampton,,,
2022-09-17,wolverhamptonwanderers,manchestercity,0,3,0.4,1.1,20220917_wolverhamptonwanderers_manchestercity,,,
2022-10-15,wolverhamptonwanderers,nott'hamforest,1,0,1.3,1.5,20221015_wolverhamptonwanderers_nott'hamforest,,,
2022-10-23,wolverhamptonwanderers,leicestercity,0,4,2.1,0.9,20221023_wolverhamptonwanderers_leicestercity,,,
2022-11-05,wolverhamptonwanderers,brighton,2,3,1.2,1.5,20221105_wolverhamptonwanderers_brighton,,,
2022-11-12,wolverhamptonwanderers,arsenal,0,2,0.7,2.1,20221112_wolverhamptonwanderers_arsenal,,,
2022-12-31,wolverhamptonwanderers,manchesterutd,0,1,0.7,2.0,20221231_wolverhamptonwanderers_manchesterutd,,,
2023-01-14,wolverhamptonwanderers,westham,1,0,0.9,1.1,20230114_wolverhamptonwanderers_westham,,,
2023-02-04,wolverhamptonwanderers,liverpool,3,0,2.0,1.8,20230204_wolverhamptonwanderers_liverpool,,,
2023-02-18,wolverhamptonwanderers,bournemouth,0,1,1.3,1.1,20230218_wolverhamptonwanderers_bournemouth,,,
2023-03-04,wolverhamptonwanderers,tottenham,1,0,0.5,1.2,20230304_wolverhamptonwanderers_tottenham,,,
2023-03-18,wolverhamptonwanderers,leedsutd,2,4,2.7,1.6,20230318_wolverhamptonwanderers_leedsutd,,,
2023-04-08,wolverhamptonwanderers,chelsea,1,0,0.6,1.1,20230408_wolverhamptonwanderers_chelsea,,,
2023-04-15,wolverhamptonwanderers,brentford,2,0,0.8,1.1,20230415_wolverhamptonwanderers_brentford,,,
2023-04-25,wolverhamptonwanderers,crystalpalace,2,0,1.4,0.8,20230425_wolverhamptonwanderers_crystalpalace,,,
2023-05-06,wolverhamptonwanderers,astonvilla,1,0,0.8,1.5,20230506_wolverhamptonwanderers_astonvilla,,,
2023-05-20,wolverhamptonwanderers,everton,1,1,1.6,2.0,20230520_wolverhamptonwanderers_everton,,,
2023-08-19,wolverhamptonwanderers,brighton,1,4,2.1,2.2,20230819_wolverhamptonwanderers_brighton,,,
2023-09-16,wolverhamptonwanderers,liverpool,1,3,0.6,2.5,20230916_wolverhamptonwanderers_liverpool,,,
2023-09-30,wolverhamptonwanderers,manchestercity,2,1,0.4,0.9,20230930_wolverhamptonwanderers_manchestercity,,,
2023-10-08,wolverhamptonwanderers,astonvilla,1,1,1.7,1.6,20231008_wolverhamptonwanderers_astonvilla,,,
2023-10-28,wolverhamptonwanderers,newcastleutd,2,2,0.9,2.2,20231028_wolverhamptonwanderers_newcastleutd,,,
2023-11-11,wolverhamptonwanderers,tottenham,2,1,2.1,0.7,20231111_wolverhamptonwanderers_tottenham,,,
2023-12-05,wolverhamptonwanderers,burnley,1,0,0.8,0.9,20231205_wolverhamptonwanderers_burnley,,,
2023-12-09,wolverhamptonwanderers,nott'hamforest,1,1,1.2,1.3,20231209_wolverhamptonwanderers_nott'hamforest,,,
2023-12-24,wolverhamptonwanderers,chelsea,2,1,1.3,2.0,20231224_wolverhamptonwanderers_chelsea,,,
2023-12-30,wolverhamptonwanderers,everton,3,0,1.9,0.4,20231230_wolverhamptonwanderers_everton,,,
2024-02-01,wolverhamptonwanderers,manchesterutd,3,4,2.1,3.3,20240201_wolverhamptonwanderers_manchesterutd,,,
2024-02-10,wolverhamptonwanderers,brentford,0,2,1.0,1.9,20240210_wolverhamptonwanderers_brentford,,,
2024-02-25,wolverhamptonwanderers,sheffieldutd,1,0,1.3,0.6,20240225_wolverhamptonwanderers_sheffieldutd,,,
2024-03-09,wolverhamptonwanderers,fulham,2,1,0.8,2.6,20240309_wolverhamptonwanderers_fulham,,,
2024-04-06,wolverhamptonwanderers,westham,1,2,1.5,1.2,20240406_wolverhamptonwanderers_westham,,,
2024-04-20,wolverhamptonwanderers,arsenal,0,2,0.2,1.2,20240420_wolverhamptonwanderers_arsenal,,,
2024-04-24,wolverhamptonwanderers,bournemouth,0,1,0.5,1.9,20240424_wolverhamptonwanderers_bournemouth,,,
2024-04-27,wolverhamptonwanderers,lutontown,2,1,1.2,0.6,20240427_wolverhamptonwanderers_lutontown,,,
2024-05-11,wolverhamptonwanderers,crystalpalace,1,3,1.6,2.6,20240511_wolverhamptonwanderers_crystalpalace,,,
2024-08-25,wolverhamptonwanderers,chelsea,2,6,1.9,1.6,20240825_wolverhamptonwanderers_chelsea,,,
2024-09-15,wolverhamptonwanderers,newcastleutd,1,2,1.2,1.5,20240915_wolverhamptonwanderers_newcastleutd,,,
2024-09-28,wolverhamptonwanderers,liverpool,1,2,0.6,2.5,20240928_wolverhamptonwanderers_liverpool,,,
2024-10-20,wolverhamptonwanderers,manchestercity,1,2,0.8,1.6,20241020_wolverhamptonwanderers_manchestercity,,,
2024-11-02,wolverhamptonwanderers,crystalpalace,2,2,1.5,2.4,20241102_wolverhamptonwanderers_crystalpalace,,,
2024-11-09,wolverhamptonwanderers,southampton,2,0,1.3,0.6,20241109_wolverhamptonwanderers_southampton,,,
2024-11-30,wolverhamptonwanderers,bournemouth,2,4,0.5,3.3,20241130_wolverhamptonwanderers_bournemouth,,,
2024-12-14,wolverhamptonwanderers,ipswichtown,1,2,1.3,1.1,20241214_wolverhamptonwanderers_ipswichtown,,,
2024-12-26,wolverhamptonwanderers,manchesterutd,2,0,0.9,0.4,20241226_wolverhamptonwanderers_manchesterutd,,,
2025-01-06,wolverhamptonwanderers,nott'hamforest,0,3,1.5,2.1,20250106_wolverhamptonwanderers_nott'hamforest,,,
2025-01-25,wolverhamptonwanderers,arsenal,0,1,0.7,1.0,20250125_wolverhamptonwanderers_arsenal,,,
2025-02-01,wolverhamptonwanderers,astonvilla,2,0,1.6,0.4,20250201_wolverhamptonwanderers_astonvilla,,,
2025-02-25,wolverhamptonwanderers,fulham,1,2,1.3,1.7,20250225_wolverhamptonwanderers_fulham,,,
2025-03-08,wolverhamptonwanderers,everton,1,1,0.8,1.2,20250308_wolverhamptonwanderers_everton,,,
2025-04-01,wolverhamptonwanderers,westham,1,0,1.2,1.3,20250401_wolverhamptonwanderers_westham,,,
2025-04-13,wolverhamptonwanderers,tottenham,4,2,2.4,2.0,20250413_wolverhamptonwanderers_tottenham,,,
2025-04-26,wolverhamptonwanderers,leicestercity,3,0,2.0,1.1,20250426_wolverhamptonwanderers_leicestercity,,,
2025-05-10,wolverhamptonwanderers,brighton,0,2,0.9,1.6,20250510_wolverhamptonwanderers_brighton,,,
2025-05-25,wolverhamptonwanderers,brentford,1,1,1.0,1.4,20250525_wolverhamptonwanderers_brentford,,,
